target,type,feature,rho,perm_p,loo_r2cv,loo_rmse,loo_mae,q_fdr
snap_inatt,cont,uaX_mean,0.036770380173015635,0.858,-0.09654276269690953,4.906757076424392,3.797210249838759,0.9863333333333334
snap_inatt,cont,uaX_std,-0.26964945460211465,0.1966,-0.01850412851960459,4.728933076205964,3.664476625737746,0.9805714285714285
snap_inatt,cont,uaX_var,-0.26964945460211465,0.1966,-0.01595952763259234,4.723022067971068,3.670101464887871,0.9805714285714285
snap_inatt,cont,uaX_rms,-0.2823439906142272,0.17820000000000003,-0.023340160741686766,4.740146673453268,3.6713608988916264,0.9805714285714285
snap_inatt,cont,uaX_min,0.2775288217820466,0.1854,0.07096761342328284,4.5164499102976805,3.447188881786987,0.9805714285714285
snap_inatt,cont,uaX_max,0.03939683589965961,0.8478,-0.1234166329950277,4.9665200819543704,3.9309967302936073,0.9863333333333334
snap_inatt,cont,uaX_range,-0.24075844160903095,0.24639999999999995,-0.005852021720726297,4.699469308470843,3.608217151101529,0.9805714285714285
snap_inatt,cont,uaX_median,0.014445506496541857,0.9422,-0.09341666326096187,4.899757824302827,3.903648735553942,0.9863333333333334
snap_inatt,cont,uaX_iqr,0.0542800850173088,0.7982,-0.065762229653191,4.837399256224817,3.8734689034000014,0.9863333333333334
snap_inatt,cont,uaX_mad,0.07660495869378257,0.7128,-0.06055422181766379,4.8255654411546525,3.870662077634749,0.9863333333333334
snap_inatt,cont,uaX_skew,0.235505530155743,0.2592,-0.15564525741646973,5.037256219132367,3.8528646330313223,0.9805714285714285
snap_inatt,cont,uaX_kurt,-0.10637145692908094,0.605,-0.03100294639142498,4.757860717334089,3.8450618939706698,0.9805714285714285
snap_inatt,cont,uaX_zcr,0.08273335538928518,0.6898,-0.10394282660353182,4.923285962756739,3.9487661963507326,0.9863333333333334
snap_inatt,cont,uaX_madiff,-0.11074888314015424,0.5906,-0.042121703668459354,4.783447275910562,3.69536158820962,0.9805714285714285
snap_inatt,cont,uaX_domfreq,-0.14927023379759918,0.475,-0.19412998828349837,5.120443442427053,4.040951653861505,0.9805714285714285
snap_inatt,cont,uaX_centroid,0.15277217476645782,0.46340000000000003,-0.02109018443429478,4.7349328223475675,3.847322200616491,0.9805714285714285
snap_inatt,cont,uaX_spread,0.166342196020785,0.4302,-0.006329879594922705,4.7005854824758195,3.7240432921829676,0.9805714285714285
snap_inatt,cont,uaX_entropy,0.2565171759688948,0.21699999999999997,0.03952143341208347,4.592250921634883,3.642765851717108,0.9805714285714285
snap_inatt,cont,uaX_bp_lf,-0.05340459977509414,0.8009999999999999,-0.14137725496341202,5.006063774179588,3.958201648683444,0.9863333333333334
snap_inatt,cont,uaX_bp_mf,0.04858943094291352,0.8160000000000001,-0.04805670818202756,4.7970490822004495,3.8251993342909656,0.9863333333333334
snap_inatt,cont,uaX_bp_hf,0.1553986304931018,0.45520000000000005,-0.021952335403883083,4.7369313557038675,3.8010621163615146,0.9805714285714285
snap_inatt,cont,uaY_mean,-0.24688683830453356,0.23519999999999996,-0.1489058843290476,5.02254686642998,3.8241158667496102,0.9805714285714285
snap_inatt,cont,uaY_std,-0.06303493743945537,0.7656000000000001,-0.10453028978489876,4.924595751855189,3.8073241242447473,0.9863333333333334
snap_inatt,cont,uaY_var,-0.06303493743945537,0.7656000000000001,-0.10316494203954596,4.921551079866779,3.808166431045713,0.9863333333333334
snap_inatt,cont,uaY_rms,-0.08185787014707052,0.692,-0.11095788126780914,4.938903812721497,3.8091131900503696,0.9863333333333334
snap_inatt,cont,uaY_min,0.1392021535121306,0.5045999999999999,-0.03378595437717524,4.764277886615154,3.833287697832775,0.9805714285714285
snap_inatt,cont,uaY_max,-0.1041827438235443,0.611,-0.05120268763792457,4.804243401759994,3.9255814936866726,0.9805714285714285
snap_inatt,cont,uaY_range,-0.1947954663927614,0.354,-0.06427208848027921,4.834016264667198,3.9557016259550455,0.9805714285714285
snap_inatt,cont,uaY_median,0.0844843258737145,0.6836,-0.03356222877344606,4.7637623308482,3.7708084109205853,0.9863333333333334
snap_inatt,cont,uaY_iqr,0.05165362929066482,0.8064,-0.07726394290195304,4.863431831650168,3.8811567765563653,0.9863333333333334
snap_inatt,cont,uaY_mad,0.07178978986160195,0.7286,-0.07323153388722581,4.854320910788158,3.875617009768707,0.9863333333333334
snap_inatt,cont,uaY_skew,-0.11600179459344219,0.5738,-0.05783568811029327,4.819376752487988,3.8718236445300995,0.9805714285714285
snap_inatt,cont,uaY_kurt,-0.17903673203289755,0.3952,-0.011992917471582043,4.713793004822213,3.7388384205612333,0.9805714285714285
snap_inatt,cont,uaY_zcr,0.1615270271886044,0.44079999999999997,-0.09306082195779108,4.8989604713151165,3.8071973946428823,0.9805714285714285
snap_inatt,cont,uaY_madiff,0.06566139316609935,0.7564,-0.12576051496836205,4.971698424075772,3.8944242377022387,0.9863333333333334
snap_inatt,cont,uaY_domfreq,0.15277217476645782,0.46340000000000003,-0.04156850196230866,4.782177480617899,3.979178597578516,0.9805714285714285
snap_inatt,cont,uaY_centroid,0.13613795516437932,0.514,-0.0602548172077888,4.824884241413527,3.796058775300347,0.9805714285714285
snap_inatt,cont,uaY_spread,0.02232487367647378,0.9104,-0.0992806681583367,4.912878981597689,3.8694269713139833,0.9863333333333334
snap_inatt,cont,uaY_entropy,0.049464916185128174,0.8126,-0.17106090298582233,5.070741974726571,3.923475089595069,0.9863333333333334
snap_inatt,cont,uaY_bp_lf,0.16371574029414104,0.43600000000000005,-0.06457275864872725,4.834699051456754,3.887770235526547,0.9805714285714285
snap_inatt,cont,uaY_bp_mf,0.08492206849482183,0.6814,-0.08437943030978734,4.879467238855358,3.83524444249198,0.9863333333333334
snap_inatt,cont,uaY_bp_hf,0.012256793391005211,0.9508,-0.0847539348531603,4.880309759862656,3.8478475374761687,0.9863333333333334
snap_inatt,cont,uaZ_mean,-0.1602137993252824,0.44299999999999995,-0.04536231579386052,4.790878876781966,3.731091166302796,0.9805714285714285
snap_inatt,cont,uaZ_std,-0.19129352542390277,0.36240000000000006,-0.0905932691173561,4.893427717042989,3.7874168636206047,0.9805714285714285
snap_inatt,cont,uaZ_var,-0.19129352542390277,0.36240000000000006,-0.08701728523270913,4.885398515374414,3.789851829073537,0.9805714285714285
snap_inatt,cont,uaZ_rms,-0.19567095163497605,0.35119999999999996,-0.0883869968476314,4.888475504374744,3.778089261935058,0.9805714285714285
snap_inatt,cont,uaZ_min,-0.10987339789793958,0.5932,-0.11422893476210771,4.946169409600966,3.923353241544102,0.9805714285714285
snap_inatt,cont,uaZ_max,-0.24951329403117753,0.23099999999999998,-0.039648056072223437,4.7777667528034975,3.8736458514360224,0.9805714285714285
snap_inatt,cont,uaZ_range,-0.037645865415230295,0.8553999999999999,-0.0628674610836566,4.830825241622562,3.845214332022946,0.9863333333333334
snap_inatt,cont,uaZ_median,0.22456196462805977,0.28280000000000005,-0.024060385051817068,4.741814431899725,3.8583560756214617,0.9805714285714285
snap_inatt,cont,uaZ_iqr,0.05646879812284544,0.7894,-0.08870917876950957,4.889198988714162,3.9099079825624314,0.9863333333333334
snap_inatt,cont,uaZ_mad,0.06215945219724072,0.7688,-0.07306928435743476,4.853953962450319,3.887082876934134,0.9863333333333334
snap_inatt,cont,uaZ_skew,-0.3519450673702925,0.09179999999999999,0.006089132078748283,4.671490723342065,3.7531089061562906,0.9805714285714285
snap_inatt,cont,uaZ_kurt,0.07923141442042655,0.7044,-0.13100870707939682,4.983273749668443,3.945901658785271,0.9863333333333334
snap_inatt,cont,uaZ_zcr,0.2810307627509052,0.18020000000000003,-0.04942152626801066,4.800171513083154,3.721198459872165,0.9805714285714285
snap_inatt,cont,uaZ_madiff,-0.10330725858132964,0.6144000000000001,-0.11565240076336814,4.94932785241329,3.8456882250109303,0.9805714285714285
snap_inatt,cont,uaZ_domfreq,-0.12300567653115944,0.5528,-0.25293630904157194,5.245009371508989,4.080154220649221,0.9805714285714285
snap_inatt,cont,uaZ_centroid,0.21361839910037655,0.3096,-0.001310012673592098,4.688846879657802,3.6971088584033414,0.9805714285714285
snap_inatt,cont,uaZ_spread,0.19041804018168812,0.365,-0.03905505836241674,4.7764039796784195,3.7037927283049847,0.9805714285714285
snap_inatt,cont,uaZ_entropy,0.32392953961942345,0.11819999999999997,-0.05174150503480579,4.805474505107948,3.6997420401255017,0.9805714285714285
snap_inatt,cont,uaZ_bp_lf,-0.11600179459344219,0.5738,-0.07515025064489622,4.858658235677439,3.809423778770455,0.9805714285714285
snap_inatt,cont,uaZ_bp_mf,0.21668259744812784,0.3026,-0.06028419860465273,4.824951093671267,3.7790986655432235,0.9805714285714285
snap_inatt,cont,uaZ_bp_hf,0.22981487608134774,0.27259999999999995,-0.019877920286733186,4.732121271484364,3.6719096670144205,0.9805714285714285
snap_inatt,cont,uaMag_mean,-0.06347268006056271,0.7628,-0.10947099048987674,4.935597625579455,3.8455902884658024,0.9863333333333334
snap_inatt,cont,uaMag_std,-0.2784043070242612,0.18479999999999996,-0.028454616901992136,4.751977078408276,3.776786731899238,0.9805714285714285
snap_inatt,cont,uaMag_var,-0.2784043070242612,0.18479999999999996,-0.025679293956238025,4.7455610537771085,3.796932733799259,0.9805714285714285
snap_inatt,cont,uaMag_rms,-0.18078770251732687,0.39159999999999995,-0.07532269861236962,4.859047870587704,3.739619455928835,0.9805714285714285
snap_inatt,cont,uaMag_min,0.1584628288408531,0.44799999999999995,-0.09740890170682315,4.908694572596784,3.8121144950002175,0.9805714285714285
snap_inatt,cont,uaMag_max,-0.2967894971107691,0.15300000000000002,0.006150160659246451,4.671347300610023,3.827982129635545,0.9805714285714285
snap_inatt,cont,uaMag_range,-0.2967894971107691,0.15300000000000002,0.0061536483415596255,4.6713391041053764,3.8279857926612224,0.9805714285714285
snap_inatt,cont,uaMag_median,0.029766498235298373,0.8844,-0.08630103716242843,4.883788727790832,3.8908803311779727,0.9863333333333334
snap_inatt,cont,uaMag_iqr,-0.20092386308826402,0.33840000000000003,-0.2239386107218142,5.183959366514616,3.907201574412543,0.9805714285714285
snap_inatt,cont,uaMag_mad,-0.05603105550173811,0.7912,-0.17255463160547668,5.07397489737225,3.941102467447596,0.9863333333333334
snap_inatt,cont,uaMag_skew,-0.06434816530277736,0.7588,-0.07757652437018225,4.864137372948108,3.860715681386404,0.9863333333333334
snap_inatt,cont,uaMag_kurt,-0.05953299647059675,0.778,-0.046528683940918025,4.793550855010546,3.745901197543868,0.9863333333333334
snap_inatt,cont,uaMag_zcr,0.17903673203289755,0.3952,-0.04037034003715645,4.779426114898351,3.7816433444994004,0.9805714285714285
snap_inatt,cont,uaMag_madiff,-0.057782025986167426,0.7842,-0.12950052703906634,4.979950087731055,3.8818152043119922,0.9863333333333334
snap_inatt,cont,uaMag_domfreq,0.007879367179931922,0.967,-0.060508966826583244,4.8254624840185665,3.9167103083479518,0.9863333333333334
snap_inatt,cont,uaMag_centroid,0.3243672822405308,0.11780000000000002,0.017550191469053567,4.644478504484035,3.6931085818370293,0.9805714285714285
snap_inatt,cont,uaMag_spread,0.45175038498276354,0.02739999999999998,0.09211412997172641,4.4647526070237245,3.579220697093875,0.9805714285714285
snap_inatt,cont,uaMag_entropy,0.2039880614360153,0.32999999999999996,-0.07395800036913491,4.855963568852012,3.8889079235905037,0.9805714285714285
snap_inatt,cont,uaMag_bp_lf,0.09236369305364642,0.655,-0.0624579831856924,4.829894595612759,3.8323365672869936,0.9863333333333334
snap_inatt,cont,uaMag_bp_mf,0.24863780878896288,0.23240000000000005,0.017682038855319715,4.644166843322004,3.815554583548957,0.9805714285714285
snap_inatt,cont,uaMag_bp_hf,0.33093342155714073,0.10980000000000001,0.015192941945458838,4.650047051269871,3.724977080969124,0.9805714285714285
snap_inatt,cont,gyX_mean,-0.023638101539795765,0.9066,-0.09714576707696732,4.908106038567257,3.884096043326561,0.9863333333333334
snap_inatt,cont,gyX_std,-0.033268439204157,0.8726,-0.06004652431439994,4.824410280604127,3.8216142506529507,0.9863333333333334
snap_inatt,cont,gyX_var,-0.033268439204157,0.8726,-0.03135539667742737,4.758673889637472,3.786082266628963,0.9863333333333334
snap_inatt,cont,gyX_rms,-0.033268439204157,0.8726,-0.05985587526395886,4.823976426722899,3.8214032297392175,0.9863333333333334
snap_inatt,cont,gyX_min,0.08579755373703649,0.6778,-0.08175165145524899,4.873551441353361,3.820694465421868,0.9863333333333334
snap_inatt,cont,gyX_max,-0.25126426451560685,0.2268,-0.11389811013834383,4.945435073927152,3.8927362423875898,0.9805714285714285
snap_inatt,cont,gyX_range,-0.1295718158477694,0.5349999999999999,-0.08869135364393177,4.889158963818453,3.8246608397989292,0.9805714285714285
snap_inatt,cont,gyX_median,-0.1571496009775311,0.4518,-0.09989835317367945,4.914259059338616,3.8258134095538026,0.9805714285714285
snap_inatt,cont,gyX_iqr,0.019698417949829804,0.9178,-0.061453992753010445,4.827612004601061,3.8512118217205153,0.9863333333333334
snap_inatt,cont,gyX_mad,0.019698417949829804,0.9178,-0.06217102220664805,4.829242294579417,3.8520440476160878,0.9863333333333334
snap_inatt,cont,gyX_skew,-0.20705225978376662,0.32220000000000004,-0.004994025335544938,4.6974645464309885,3.7089990721294406,0.9805714285714285
snap_inatt,cont,gyX_kurt,-0.1072469421712956,0.6018,-0.0631621593022631,4.831494909750087,3.8133829637352346,0.9805714285714285
snap_inatt,cont,gyX_zcr,0.12869633060555472,0.5367999999999999,-0.042668806157773576,4.78470273989057,3.829162586725403,0.9805714285714285
snap_inatt,cont,gyX_madiff,0.00831710980103925,0.9658,-0.09894019868147086,4.912118113640391,3.858665115151926,0.9863333333333334
snap_inatt,cont,gyX_domfreq,-0.3519450673702925,0.09179999999999999,0.050058569227935834,4.566991315477565,3.5500919076147404,0.9805714285714285
snap_inatt,cont,gyX_centroid,-0.18210093038064887,0.389,-0.042582760035325684,4.784505307297531,3.8454134982768764,0.9805714285714285
snap_inatt,cont,gyX_spread,-0.1812254451384342,0.39039999999999997,-0.05491031641984878,4.8127083118869125,3.8713739879311926,0.9805714285714285
snap_inatt,cont,gyX_entropy,-0.08711078160035847,0.6738,-0.059649187213956845,4.82350602932298,3.83782426317633,0.9863333333333334
snap_inatt,cont,gyX_bp_lf,0.027577785129761726,0.8938,-0.10327895497884776,4.921805396327468,3.887825507834386,0.9863333333333334
snap_inatt,cont,gyX_bp_mf,-0.02101164581315179,0.914,-0.10450092645538733,4.9245302925870424,3.859278197150245,0.9863333333333334
snap_inatt,cont,gyX_bp_hf,-0.2770910791609393,0.18620000000000003,-0.0285378235246716,4.752169302722427,3.8934262470145633,0.9805714285714285
snap_inatt,cont,gyY_mean,0.2967894971107691,0.15300000000000002,-0.012110214186869417,4.714066176899722,3.694773531549009,0.9805714285714285
snap_inatt,cont,gyY_std,-0.1523344321453505,0.46419999999999995,-0.021968727263071752,4.736969345147074,3.7478722218225466,0.9805714285714285
snap_inatt,cont,gyY_var,-0.1523344321453505,0.46419999999999995,-0.011417800412539592,4.712453386729827,3.703135713399091,0.9805714285714285
snap_inatt,cont,gyY_rms,-0.1523344321453505,0.46419999999999995,-0.022057756388119465,4.737175671936035,3.748287932086614,0.9805714285714285
snap_inatt,cont,gyY_min,0.18341415824397084,0.38539999999999996,-0.01989715882435883,4.732165903622189,3.7044344584807507,0.9805714285714285
snap_inatt,cont,gyY_max,-0.0166342196020785,0.9324,-0.07278541069484468,4.853311878639506,3.784447821451824,0.9863333333333334
snap_inatt,cont,gyY_range,-0.09717886188582704,0.6372,-0.03712826082576015,4.771973303056854,3.771607293490837,0.9863333333333334
snap_inatt,cont,gyY_median,0.474950743901452,0.019000000000000017,-0.0919205884887766,4.896404613444228,3.811241351685823,0.9805714285714285
snap_inatt,cont,gyY_iqr,0.20573903192044463,0.32599999999999996,-0.037259893914079134,4.772276124644572,3.8156263497225904,0.9805714285714285
snap_inatt,cont,gyY_mad,0.19567095163497605,0.35119999999999996,-0.03741881903754951,4.772641705887943,3.8141891831888803,0.9805714285714285
snap_inatt,cont,gyY_skew,0.067850106271636,0.748,-0.11932868031791499,4.95747561795643,3.910431304489651,0.9863333333333334
snap_inatt,cont,gyY_kurt,-0.24995103665228485,0.22960000000000003,-0.01749241035823368,4.726583779796015,3.6907392469051588,0.9805714285714285
snap_inatt,cont,gyY_zcr,-0.12738310274223275,0.5404,-0.043192550114855344,4.7859042933071425,3.7286748318933007,0.9805714285714285
snap_inatt,cont,gyY_madiff,-0.1886670696972588,0.371,-0.040148464358796154,4.778916443046169,3.7058727759119954,0.9805714285714285
snap_inatt,cont,gyY_domfreq,0.3230540543772088,0.11939999999999995,0.04682122470211414,4.5747667154846,3.591500443138773,0.9805714285714285
snap_inatt,cont,gyY_centroid,-0.25389072024225084,0.22119999999999995,-0.030622723462194523,4.756983312198971,3.7287139755810212,0.9805714285714285
snap_inatt,cont,gyY_spread,-0.19873514998272737,0.344,-0.04781269276055955,4.796490609511711,3.7418735465054187,0.9805714285714285
snap_inatt,cont,gyY_entropy,-0.16677993864189236,0.4292,-0.05859120510619964,4.821097469224882,3.712397398646109,0.9805714285714285
snap_inatt,cont,gyY_bp_lf,0.0844843258737145,0.6836,-0.06159991976284962,4.827943839413642,3.7991511099085056,0.9863333333333334
snap_inatt,cont,gyY_bp_mf,-0.272713652949866,0.19140000000000001,-0.02958921733702735,4.75459756791621,3.7162574838519333,0.9805714285714285
snap_inatt,cont,gyY_bp_hf,-0.17159510747407297,0.41459999999999997,-0.031386580848515866,4.758745830977722,3.727525267821172,0.9805714285714285
snap_inatt,cont,gyZ_mean,-0.39309287375438146,0.06020000000000003,0.047440722082103814,4.573279839832096,3.798980678439816,0.9805714285714285
snap_inatt,cont,gyZ_std,-0.11337533886679821,0.5826,-0.09745813604859577,4.908804683620704,3.8193975754945697,0.9805714285714285
snap_inatt,cont,gyZ_var,-0.11337533886679821,0.5826,-0.0863046710206472,4.88379689632808,3.804583955873421,0.9805714285714285
snap_inatt,cont,gyZ_rms,-0.11337533886679821,0.5826,-0.09721939462744777,4.908270723048302,3.8192297269449544,0.9805714285714285
snap_inatt,cont,gyZ_min,0.000437742621107329,0.9982,-0.050833025667891496,4.803398606432041,3.876970248969385,0.9995999999999999
snap_inatt,cont,gyZ_max,-0.24688683830453356,0.23519999999999996,-0.07450450489761895,4.857198937718956,3.9494769721074845,0.9805714285714285
snap_inatt,cont,gyZ_range,-0.10374500120243697,0.6122000000000001,-0.05886871925433024,4.821729363329396,3.9444927511668197,0.9805714285714285
snap_inatt,cont,gyZ_median,-0.2083654876470886,0.3198,-0.0003845113283349466,4.686679450364615,3.917857270413774,0.9805714285714285
snap_inatt,cont,gyZ_iqr,0.09280143567475374,0.6534,-0.05885819457664643,4.821705400361841,3.8578294313142436,0.9863333333333334
snap_inatt,cont,gyZ_mad,0.10155628809690033,0.6218,-0.058784049349317025,4.8215365804464065,3.8574549336250676,0.9805714285714285
snap_inatt,cont,gyZ_skew,-0.23287907442909903,0.26480000000000004,-0.03204607604760068,4.7602670202965935,3.845433770494028,0.9805714285714285
snap_inatt,cont,gyZ_kurt,-0.1553986304931018,0.45520000000000005,-0.011785366213127313,4.713309600333144,3.863934395889269,0.9805714285714285
snap_inatt,cont,gyZ_zcr,0.015320991738756515,0.9390000000000001,-0.06992721067333596,4.846842277239511,3.8641032094943486,0.9863333333333334
snap_inatt,cont,gyZ_madiff,-0.08492206849482183,0.6814,-0.08961789726132818,4.8912390095520735,3.762311997060534,0.9863333333333334
snap_inatt,cont,gyZ_domfreq,-0.10155628809690033,0.6218,-0.03573250214796064,4.768761180782244,3.8166359847282973,0.9805714285714285
snap_inatt,cont,gyZ_centroid,-0.19654643687719073,0.3498,-0.017249069289489105,4.726018546722481,3.752018205747213,0.9805714285714285
snap_inatt,cont,gyZ_spread,-0.1405153813754526,0.5,-0.02745661428937285,4.749670882035719,3.763024674394327,0.9805714285714285
snap_inatt,cont,gyZ_entropy,-0.19742192211940537,0.34740000000000004,-0.0383532845072192,4.774790724647547,3.7957799811827377,0.9805714285714285
snap_inatt,cont,gyZ_bp_lf,0.036332637551908305,0.8598,-0.059534481769558445,4.823244953590022,3.7898861406480235,0.9863333333333334
snap_inatt,cont,gyZ_bp_mf,-0.20705225978376662,0.32220000000000004,0.003485416288121157,4.677605596951327,3.783606587259326,0.9805714285714285
snap_inatt,cont,gyZ_bp_hf,-0.10593371430797362,0.6064,-0.014084396298931212,4.718661472563003,3.7433340899305882,0.9805714285714285
snap_inatt,cont,gyMag_mean,-0.01313227863321987,0.9472,-0.08692338284890999,4.885187497352716,3.8472517166702587,0.9863333333333334
snap_inatt,cont,gyMag_std,-0.1392021535121306,0.5045999999999999,-0.0032720888060782105,4.693438550586708,3.8586698265543595,0.9805714285714285
snap_inatt,cont,gyMag_var,-0.1392021535121306,0.5045999999999999,0.008450505259593788,4.665938066101128,3.835641315210326,0.9805714285714285
snap_inatt,cont,gyMag_rms,-0.037208122794122965,0.8566,-0.05533189768168589,4.813669884136813,3.821927223808929,0.9863333333333334
snap_inatt,cont,gyMag_min,0.33618633301042866,0.1048,-0.3370991061358002,5.418306524297289,3.983221934896846,0.9805714285714285
snap_inatt,cont,gyMag_max,-0.13745118302770132,0.5085999999999999,-0.059248311864122494,4.8225935539481055,3.8820268980066843,0.9805714285714285
snap_inatt,cont,gyMag_range,-0.13745118302770132,0.5085999999999999,-0.05923029682137049,4.822552543923602,3.8821333792594976,0.9805714285714285
snap_inatt,cont,gyMag_median,0.17378382057960962,0.4084,-0.07439574361060108,4.856953108793143,3.881458543474294,0.9805714285714285
snap_inatt,cont,gyMag_iqr,-0.22981487608134774,0.27259999999999995,-0.09784375460257255,4.909667021713383,3.783439202704908,0.9805714285714285
snap_inatt,cont,gyMag_mad,-0.06916333413495798,0.741,-0.13630658007743124,4.994931443752464,3.881230973762628,0.9863333333333334
snap_inatt,cont,gyMag_skew,-0.07135204724049463,0.7308,-0.07637516505274711,4.861425172821315,3.8430316088636425,0.9863333333333334
snap_inatt,cont,gyMag_kurt,0.000437742621107329,0.9982,-0.06472340771897978,4.835041121618597,3.8178874911943836,0.9995999999999999
snap_inatt,cont,gyMag_zcr,0.23900747112460163,0.25039999999999996,-0.05394345364257647,4.810502297236479,3.8776025718724583,0.9805714285714285
snap_inatt,cont,gyMag_madiff,0.007879367179931922,0.967,-0.09287594150974399,4.898546148392535,3.822422349803547,0.9863333333333334
snap_inatt,cont,gyMag_domfreq,0.1177527650778715,0.569,-0.047073513509893194,4.794798469367368,3.8741721867045835,0.9805714285714285
snap_inatt,cont,gyMag_centroid,-0.00875485242214658,0.965,-0.06416011154725698,4.833761953499864,3.9212631423040833,0.9863333333333334
snap_inatt,cont,gyMag_spread,0.05296685715398681,0.8026,-0.06039437319793639,4.825201768545237,3.90697712081503,0.9863333333333334
snap_inatt,cont,gyMag_entropy,0.03852135065744495,0.8516,-0.12766593619918676,4.975904103038394,3.9786578822962606,0.9863333333333334
snap_inatt,cont,gyMag_bp_lf,0.020136160570937135,0.9166,-0.05911211905647895,4.822283511599052,3.860423150431839,0.9863333333333334
snap_inatt,cont,gyMag_bp_mf,0.17247059271628762,0.41279999999999994,-0.05635814224728608,4.816009812548141,3.921668951091473,0.9805714285714285
snap_inatt,cont,gyMag_bp_hf,-0.05603105550173811,0.7912,-0.07255636827104728,4.852793753744954,3.8223789425064285,0.9863333333333334
snap_inatt,cont,pitch_mean,-0.23506778753463567,0.2602,-0.05434552548601723,4.811419795745185,3.734855960297377,0.9805714285714285
snap_inatt,cont,pitch_std,0.12913407322666207,0.5356000000000001,-0.04042459054747871,4.779550725777644,3.832756862634349,0.9805714285714285
snap_inatt,cont,pitch_var,0.12913407322666207,0.5356000000000001,-0.041791114304051025,4.782688495903724,3.8339868571883913,0.9805714285714285
snap_inatt,cont,pitch_rms,0.2600191169377534,0.21120000000000005,-0.021783929060841256,4.73654104290446,3.7752398628053605,0.9805714285714285
snap_inatt,cont,pitch_min,0.2083654876470886,0.3198,-0.04316341941028212,4.7858374706781985,3.7616605793819438,0.9805714285714285
snap_inatt,cont,pitch_max,0.09761660450693437,0.6352,-0.06850475812695467,4.843619302771306,3.8597130755470572,0.9863333333333334
snap_inatt,cont,pitch_range,0.14839474855538454,0.4776,-0.06898279481628888,4.844702671283374,3.859761588488476,0.9805714285714285
snap_inatt,cont,pitch_median,-0.26352105790661207,0.20579999999999998,-0.034558922283925764,4.766058693253617,3.751616085212125,0.9805714285714285
snap_inatt,cont,pitch_iqr,0.10155628809690033,0.6218,-0.09002776952004643,4.8921588708588315,3.8479841406266204,0.9805714285714285
snap_inatt,cont,pitch_mad,0.03458166706747899,0.8676,-0.07495186618582883,4.85820996030719,3.835486962540687,0.9863333333333334
snap_inatt,cont,pitch_skew,0.17903673203289755,0.3952,-0.02704950423372332,4.748729805629173,3.733852868034479,0.9805714285714285
snap_inatt,cont,pitch_kurt,-0.1720328500951803,0.41379999999999995,-0.03327516077612169,4.763100726426475,3.593803217428904,0.9805714285714285
snap_inatt,cont,pitch_zcr,-0.0801068996626412,0.6996,-0.1970306314595922,5.12665866642666,3.9427552607309067,0.9863333333333334
snap_inatt,cont,pitch_madiff,0.020136160570937135,0.9166,-0.12893010761903212,4.978692443794469,3.891313219451399,0.9863333333333334
snap_inatt,cont,pitch_domfreq,-0.007441624558824593,0.9684,-0.10632364019909368,4.928591995341603,3.901960707446842,0.9863333333333334
snap_inatt,cont,pitch_centroid,-0.1991728926038347,0.34299999999999997,-0.03847660581331547,4.7750742581784476,3.7751238317591027,0.9805714285714285
snap_inatt,cont,pitch_spread,-0.29066110041526644,0.16400000000000003,-0.010481928321686595,4.7102726488170035,3.6968158384843632,0.9805714285714285
snap_inatt,cont,pitch_entropy,-0.07879367179931922,0.706,-0.09817062649662045,4.910397869210553,3.8787297161351026,0.9863333333333334
snap_inatt,cont,pitch_bp_lf,-0.1392021535121306,0.5045999999999999,-0.05389573338468878,4.8103933914844985,3.8183764520539376,0.9805714285714285
snap_inatt,cont,pitch_bp_mf,-0.3138614593339549,0.12780000000000002,0.06537854405686638,4.530015045810902,3.6056820772844644,0.9805714285714285
snap_inatt,cont,pitch_bp_hf,-0.2595813743166461,0.21199999999999997,0.013212590803580726,4.654720099202677,3.7314611362711365,0.9805714285714285
snap_inatt,cont,roll_mean,0.39747029996545474,0.05779999999999996,0.044844636866154586,4.579507560305508,3.558354054805978,0.9805714285714285
snap_inatt,cont,roll_std,-0.24382263995678224,0.24080000000000001,-0.03739624327419322,4.772589775744619,3.768245418621138,0.9805714285714285
snap_inatt,cont,roll_var,-0.24382263995678224,0.24080000000000001,-0.0479891065842617,4.796894370432731,3.814560362812271,0.9805714285714285
snap_inatt,cont,roll_rms,0.003501940968858632,0.984,-0.0406791818837986,4.780135466751136,3.83785218314357,0.9985239852398525
snap_inatt,cont,roll_min,0.1190659929411935,0.5642,-0.17965414788756995,5.089312521623016,3.9496945248572755,0.9805714285714285
snap_inatt,cont,roll_max,-0.012256793391005211,0.9508,-0.09308971276573708,4.899025213362425,3.934805364419383,0.9863333333333334
snap_inatt,cont,roll_range,-0.13263601419552068,0.5247999999999999,-0.057915418716397715,4.8195583707646765,3.8616123809925846,0.9805714285714285
snap_inatt,cont,roll_median,0.4040364392820647,0.05359999999999998,0.049336411924537305,4.568726927512591,3.5598468366951104,0.9805714285714285
snap_inatt,cont,roll_iqr,-0.3107972609862036,0.13139999999999996,-0.060190821140453155,4.824738626288155,3.8109730616875566,0.9805714285714285
snap_inatt,cont,roll_mad,-0.30554434953291565,0.138,-0.07713161333734031,4.863133113965312,3.728271425476444,0.9805714285714285
snap_inatt,cont,roll_skew,-0.3506318395069705,0.09260000000000002,0.00650674072865598,4.670509216870342,3.5200138876573352,0.9805714285714285
snap_inatt,cont,roll_kurt,0.23769424326127964,0.25339999999999996,-0.08311516135801811,4.876621944167817,3.7980590082884578,0.9805714285714285
snap_inatt,cont,roll_zcr,0.35019409688586317,0.0928,0.050979207397752524,4.56477772335719,3.6338862512186374,0.9805714285714285
snap_inatt,cont,roll_madiff,0.050778144048450165,0.808,-0.04480560304003678,4.789603004040507,3.809802712548329,0.9863333333333334
snap_inatt,cont,roll_domfreq,-0.0949901487802904,0.6452,-0.03445406177064192,4.76581714875832,3.840773879231724,0.9863333333333334
snap_inatt,cont,roll_centroid,0.03239295396194235,0.8744000000000001,-0.05530708807602536,4.813613301959318,3.7873505225264394,0.9863333333333334
snap_inatt,cont,roll_spread,0.11994147818340814,0.5602,-0.05708717718901424,4.817671386272274,3.794641484466009,0.9805714285714285
snap_inatt,cont,roll_entropy,0.043774262110732896,0.8324,-0.057832587774659494,4.819369690097961,3.7783110274401857,0.9863333333333334
snap_inatt,cont,roll_bp_lf,0.015758734359863844,0.9366,-0.045632602359388263,4.791498196268829,3.7826129896853984,0.9863333333333334
snap_inatt,cont,roll_bp_mf,0.10680919955018828,0.6036,-0.06499432252735815,4.835656211376325,3.82436362478535,0.9805714285714285
snap_inatt,cont,roll_bp_hf,0.08973723732700245,0.6652,-0.06178326684259927,4.828360734314956,3.8128224512196787,0.9863333333333334
snap_inatt,cont,yaw_mean,-0.020136160570937135,0.9166,-0.04455710246902922,4.789033381395909,3.822687090881498,0.9863333333333334
snap_inatt,cont,yaw_std,-0.17247059271628762,0.41279999999999994,-0.03916040540473986,4.776646107020361,3.8251843918730954,0.9805714285714285
snap_inatt,cont,yaw_var,-0.17247059271628762,0.41279999999999994,-0.03924744057364826,4.776846137493961,3.827933324359082,0.9805714285714285
snap_inatt,cont,yaw_rms,-0.20223709095158598,0.33420000000000005,-0.04822733821011593,4.7974395607408375,3.816110995694189,0.9805714285714285
snap_inatt,cont,yaw_min,-0.11862825032008616,0.5654,0.029544482547625095,4.616040258251887,3.602272144314178,0.9805714285714285
snap_inatt,cont,yaw_max,0.02232487367647378,0.9104,-0.121176213173251,4.961565266922771,3.8997874980392417,0.9863333333333334
snap_inatt,cont,yaw_range,0.07616721607267525,0.7136,-0.024760733082116237,4.743435602316609,3.753163273904572,0.9863333333333334
snap_inatt,cont,yaw_median,-0.11862825032008616,0.5654,-0.04397118059952265,4.787690040286556,3.8107334663865013,0.9805714285714285
snap_inatt,cont,yaw_iqr,-0.07354076034603127,0.7206,-0.047372110834727366,4.795482094690963,3.820455332461497,0.9863333333333334
snap_inatt,cont,yaw_mad,-0.11862825032008616,0.5654,-0.03930457505694518,4.776977443511277,3.8226988217845714,0.9805714285714285
snap_inatt,cont,yaw_skew,0.12300567653115944,0.5528,-0.041546282187201244,4.782126471262943,3.8013943855664833,0.9805714285714285
snap_inatt,cont,yaw_kurt,0.05384234239620147,0.8002,-0.03028053837757061,4.756193545083099,3.7622103708769123,0.9863333333333334
snap_inatt,cont,yaw_zcr,0.01313227863321987,0.9472,-0.06191210155047733,4.828653657360273,3.8368091381253038,0.9863333333333334
snap_inatt,cont,yaw_madiff,-0.11074888314015424,0.5906,-0.041347087710422725,4.781669161421989,3.7820599234496943,0.9805714285714285
snap_inatt,cont,yaw_domfreq,0.13745118302770132,0.5085999999999999,-0.037229000724153805,4.77220505666473,3.840650487311349,0.9805714285714285
snap_inatt,cont,yaw_centroid,-0.2836572184775492,0.17679999999999996,0.021644984640325715,4.634789441099993,3.624185575784226,0.9805714285714285
snap_inatt,cont,yaw_spread,-0.28497044634087115,0.17520000000000002,0.035741744812164966,4.601277794500967,3.5651864566502147,0.9805714285714285
snap_inatt,cont,yaw_entropy,-0.10068080285468567,0.624,-0.03398921691556023,4.76474623870285,3.6606543824644757,0.9805714285714285
snap_inatt,cont,yaw_bp_lf,-0.23331681705020635,0.264,0.01112758452246898,4.65963503803236,3.637100348591838,0.9805714285714285
snap_inatt,cont,yaw_bp_mf,-0.31167274622841823,0.12980000000000003,0.05003488534840772,4.567048247091684,3.563178030895614,0.9805714285714285
snap_inatt,cont,yaw_bp_hf,-0.29066110041526644,0.16400000000000003,0.02548297831067814,4.62568958879368,3.6067146403771706,0.9805714285714285
snap_inatt,cont,jerk_mean,0.05603105550173811,0.7912,-0.09275503861370216,4.898275182231606,3.968347651286185,0.9863333333333334
snap_inatt,cont,jerk_std,-0.05603105550173811,0.7912,-0.10109367968933003,4.916928646514804,3.822880872998661,0.9863333333333334
snap_inatt,cont,jerk_var,-0.05603105550173811,0.7912,-0.08189562487435653,4.873875748008347,3.795974376019437,0.9863333333333334
snap_inatt,cont,jerk_rms,-0.05603105550173811,0.7912,-0.10109278523902443,4.9169266494325825,3.82287933455764,0.9863333333333334
snap_inatt,cont,jerk_min,0.17378382057960962,0.4084,-0.015145850991692411,4.721130367368302,3.79796658152155,0.9805714285714285
snap_inatt,cont,jerk_max,-0.24557361044121157,0.238,0.0061348205237791165,4.671383351742224,3.814536915356618,0.9805714285714285
snap_inatt,cont,jerk_range,-0.20311257619380066,0.33199999999999996,-0.005252737245988515,4.698069133022834,3.813130806404768,0.9805714285714285
snap_inatt,cont,jerk_median,0.0,0.9996,,,,0.9995999999999999
snap_inatt,cont,jerk_iqr,0.2416339268512456,0.245,-0.03625874578680488,4.769972502984899,3.796629952828075,0.9805714285714285
snap_inatt,cont,jerk_mad,0.2416339268512456,0.245,-0.03817055721779261,4.7743705772046665,3.79309211225638,0.9805714285714285
snap_inatt,cont,jerk_skew,0.14576829282874054,0.48360000000000003,-0.08337427558517074,4.8772052277406255,3.829751651075308,0.9805714285714285
snap_inatt,cont,jerk_kurt,-0.028891012993083713,0.8884,-0.07164256463480978,4.85072605565205,3.8260807363238096,0.9863333333333334
snap_inatt,cont,jerk_zcr,-0.24820006616785553,0.2328,-0.020644791538923846,4.733900036265514,3.6823980642741936,0.9805714285714285
snap_inatt,cont,jerk_madiff,-0.057782025986167426,0.7842,-0.1272108912894554,4.974900043134689,3.880301062589131,0.9863333333333334
snap_inatt,cont,jerk_domfreq,0.11118662576126156,0.5888,-0.0497183195366937,4.800850247911393,3.726989727213887,0.9805714285714285
snap_inatt,cont,jerk_centroid,0.4272367982007531,0.039000000000000035,0.07061852508869126,4.51729836936141,3.4126595950441874,0.9805714285714285
snap_inatt,cont,jerk_spread,0.12782084536334007,0.5398000000000001,-0.08933031979471817,4.890593506688798,3.7810850698779865,0.9805714285714285
snap_inatt,cont,jerk_entropy,0.03895909327855228,0.8492,-0.21201784851520977,5.158652560421016,4.072179148325286,0.9863333333333334
snap_inatt,cont,jerk_bp_lf,0.0,0.9996,-0.1171880004392023,4.9527328434248306,3.9572419580294107,0.9995999999999999
snap_inatt,cont,jerk_bp_mf,-0.21930905317477184,0.2966,-0.11923488339585009,4.957267901624251,3.866048193844666,0.9805714285714285
snap_inatt,cont,jerk_bp_hf,0.1978596647405127,0.3466,-0.10056361831358829,4.915745010758629,3.8297292809698646,0.9805714285714285
snap_inatt,cont,actfrac_p50,-0.33714603099913665,0.10340000000000005,0.023096990673348694,4.631348849018239,3.847035531558266,0.9805714285714285
snap_inatt,cont,switchmin_p50,0.1567118583564238,0.45320000000000005,-0.09206589936770504,4.8967304050795,3.7951695341701246,0.9805714285714285
snap_inatt,cont,actbout_med_p50,-0.03722431079697458,0.8566,-0.09060133339867948,4.893445808987032,3.8181841571157613,0.9863333333333334
snap_inatt,cont,actbout_cv_p50,-0.10943565527683224,0.595,-0.14180569319123126,5.007003247893511,3.906783989958885,0.9805714285714285
snap_inatt,cont,actshort_p50,0.1085601700346176,0.5982000000000001,-0.15039721112006466,5.025805544844799,3.871906418098611,0.9805714285714285
snap_inatt,cont,actfrac_p75,0.3253590167999916,0.11639999999999995,-0.30215740343610187,5.347040988838071,3.7535275410984266,0.9805714285714285
snap_inatt,cont,switchmin_p75,0.20136160570937134,0.3366,-0.005103123766638351,4.697719509192743,3.766267098559649,0.9805714285714285
snap_inatt,cont,actbout_med_p75,0.01818609702762136,0.9274,-0.07337835836054318,4.854652949455337,3.8381182736714092,0.9863333333333334
snap_inatt,cont,actbout_cv_p75,-0.12300567653115944,0.5528,-0.08235066180617134,4.874900597479852,3.9073044087652953,0.9805714285714285
snap_inatt,cont,actshort_p75,0.21493162696369852,0.30579999999999996,0.011067760982112929,4.659775982225237,3.7380096043983535,0.9805714285714285
snap_inatt,cont,actfrac_p90,0.13841696966236677,0.5067999999999999,-0.12234160528922122,4.9641432146205595,3.894022833355585,0.9805714285714285
snap_inatt,cont,switchmin_p90,0.12650761750001807,0.5429999999999999,-0.06142019861247472,4.82753515421555,3.968489136226925,0.9805714285714285
snap_inatt,cont,actbout_med_p90,0.026298882557410017,0.8978,-0.1167019892404828,4.95165543054935,3.8939545902670325,0.9863333333333334
snap_inatt,cont,actbout_cv_p90,-0.08535981111592915,0.679,-0.1573858109437829,5.041048176574816,4.010517818059352,0.9863333333333334
snap_inatt,cont,actshort_p90,-0.057782025986167426,0.7842,-0.07276955746346903,4.853276018270957,3.816910516266668,0.9863333333333334
snap_inatt,cont,switch_per_min,0.22268896517954795,0.28779999999999994,-0.03897939607904677,4.776230071564623,3.768362179833371,0.9805714285714285
snap_inatt,cont,act_bout_median,-0.2996896845946887,0.1502,-0.004130437904111606,4.69544585622752,3.6554800589548275,0.9805714285714285
snap_inatt,cont,stl_bout_median,-0.1312084088125394,0.5307999999999999,-0.14871941092805097,5.022139257149573,3.9734775807956417,0.9805714285714285
snap_inatt,cont,act_bout_cv,0.06697462102942134,0.7505999999999999,-0.06787818256289557,4.842198935420282,3.841464931221734,0.9863333333333334
snap_inatt,cont,stl_bout_cv,0.016196476980971174,0.9346,-0.0674126940220312,4.841143462129429,3.858327602766685,0.9863333333333334
snap_inatt,cont,frac_act_short,0.14139086661766725,0.4962,-0.076899669080021,4.862609484116307,3.881026079923658,0.9805714285714285
snap_inatt,cont,within_win_sd,-0.02582681464533241,0.9004,-0.14690210797219616,5.018165109514238,3.8823636227646077,0.9863333333333334
snap_inatt,cont,mag_median,0.029766498235298373,0.8844,-0.08629708495854271,4.883779843629958,3.890817326283615,0.9863333333333334
snap_hyper,cont,uaX_mean,0.07879119488189554,0.7150000000000001,-0.04919602629400033,4.533819068194166,3.7624875129913007,0.9308921161825726
snap_hyper,cont,uaX_std,-0.27951066340784175,0.1814,0.006728946782075806,4.41133211527839,3.79571699640517,0.9251492537313435
snap_hyper,cont,uaX_var,-0.27951066340784175,0.1814,0.01865106476815548,4.384777837237998,3.746739395365258,0.9251492537313435
snap_hyper,cont,uaX_rms,-0.2865534517771732,0.17279999999999995,-0.0015232459512479757,4.4296190999434275,3.821210641136849,0.9251492537313435
snap_hyper,cont,uaX_min,0.3023997256081689,0.1502,0.060758889678265815,4.289675226507481,3.6039115573438245,0.9251492537313435
snap_hyper,cont,uaX_max,0.06866718660098159,0.7488,-0.18130208595933883,4.810789468454939,4.095136645258401,0.9308921161825726
snap_hyper,cont,uaX_range,-0.1949972029758644,0.35760000000000003,-0.06580843934559,4.569571146601394,3.7641097677040727,0.9263522012578618
snap_hyper,cont,uaX_median,0.07879119488189554,0.7150000000000001,-0.05926409527279941,4.555520360302748,3.781422627534037,0.9308921161825726
snap_hyper,cont,uaX_iqr,0.08407328615889413,0.6981999999999999,-0.06502656414001362,4.567894724392466,3.913664528003004,0.9308921161825726
snap_hyper,cont,uaX_mad,0.1263300163748828,0.5562,-0.06239195683493115,4.562241315791048,3.9098623487528505,0.9308921161825726
snap_hyper,cont,uaX_skew,0.33541279608941005,0.10899999999999999,-0.09130799765423991,4.623911732729837,3.712284329972402,0.9251492537313435
snap_hyper,cont,uaX_kurt,0.030812199115825074,0.8838,-0.0962735818942031,4.634419474058651,4.0137157829906664,0.951328125
snap_hyper,cont,uaX_zcr,0.1949972029758644,0.35760000000000003,-0.07339243999828238,4.585800235085477,3.962497963346495,0.9263522012578618
snap_hyper,cont,uaX_madiff,-0.1320522819249646,0.5344,-0.023660121364555087,4.478305930086142,3.885431618805411,0.9263522012578618
snap_hyper,cont,uaX_domfreq,-0.09463746871289129,0.6639999999999999,-0.13952383114760947,4.724953863211569,4.081041966510739,0.9308921161825726
snap_hyper,cont,uaX_centroid,0.09023572598205915,0.6774,-0.07694204303441432,4.593376371636639,4.037837296854948,0.9308921161825726
snap_hyper,cont,uaX_spread,0.1007999085360563,0.6434,-0.04824829809683462,4.531770929036682,3.9615297266787066,0.9308921161825726
snap_hyper,cont,uaX_entropy,0.17959110341795184,0.39580000000000004,0.019004200028102658,4.383988842147008,3.7736109465512087,0.9263522012578618
snap_hyper,cont,uaX_bp_lf,0.005722265550081799,0.9772,-0.13147026761792424,4.708227495614223,4.065408614782087,0.9916236162361622
snap_hyper,cont,uaX_bp_mf,0.07615014924339625,0.724,-0.06475453711528423,4.567311325720468,4.008604202033099,0.9308921161825726
snap_hyper,cont,uaX_bp_hf,0.10520165126688846,0.6274,-0.05052396484443622,4.536687325954257,3.978437954128364,0.9308921161825726
snap_hyper,cont,uaY_mean,-0.35434028983198834,0.08879999999999999,-0.07335334672649818,4.585716726221156,3.778034700951142,0.9251492537313435
snap_hyper,cont,uaY_std,-0.1060819998130549,0.6246,-0.06335000110113587,4.564297922191132,3.883222899610807,0.9308921161825726
snap_hyper,cont,uaY_var,-0.1060819998130549,0.6246,-0.05968468064831467,4.556424665046086,3.878152487842256,0.9308921161825726
snap_hyper,cont,uaY_rms,-0.13293263047113102,0.53,-0.06371154538264867,4.565073798227399,3.8685732926275733,0.9263522012578618
snap_hyper,cont,uaY_min,0.08935537743589271,0.6792,-0.05450856700087803,4.545282934371818,3.913362702983236,0.9308921161825726
snap_hyper,cont,uaY_max,-0.039175510304406164,0.851,-0.00504592900333245,4.437402467458319,3.7996873946425045,0.9397826086956522
snap_hyper,cont,uaY_range,-0.08231258906656126,0.7032,-0.007586973137085229,4.443008438872022,3.7618534523864806,0.9308921161825726
snap_hyper,cont,uaY_median,0.11664618236705206,0.5860000000000001,-0.07482905714047305,4.588868002342022,4.015086105619099,0.9308921161825726
snap_hyper,cont,uaY_iqr,0.1007999085360563,0.6434,-0.051014909496579275,4.537747274274362,3.8379712608565204,0.9308921161825726
snap_hyper,cont,uaY_mad,0.14481733584437784,0.49360000000000004,-0.03860067106291676,4.51086848714415,3.802691273075705,0.9263522012578618
snap_hyper,cont,uaY_skew,-0.2328521904610209,0.2712,-0.09575596512627471,4.63332525063822,3.877641557652373,0.9263522012578618
snap_hyper,cont,uaY_kurt,-0.09727851435139058,0.6537999999999999,0.019306154247126117,4.38331408604324,3.647935474763351,0.9308921161825726
snap_hyper,cont,uaY_zcr,0.28611327750408994,0.17379999999999995,0.010026174642692731,4.404004176902657,3.70442558199897,0.9251492537313435
snap_hyper,cont,uaY_madiff,0.08275276333964449,0.702,-0.1143838845531564,4.67254268677689,4.03718721117536,0.9308921161825726
snap_hyper,cont,uaY_domfreq,0.21612556808385872,0.3052,-0.05730970004452285,4.5513158385787715,4.008836719325808,0.9263522012578618
snap_hyper,cont,uaY_centroid,0.19411685442969795,0.36040000000000005,-0.057390862902225726,4.551490522832095,3.9792245863122466,0.9263522012578618
snap_hyper,cont,uaY_spread,0.02641045638499292,0.9032,-0.07654882519443684,4.59253771813223,3.970632498596101,0.9664591439688716
snap_hyper,cont,uaY_entropy,0.046218298673737605,0.8278,-0.15383053301158744,4.754522201953604,4.052787827283626,0.9338821138211383
snap_hyper,cont,uaY_bp_lf,0.27466874640392636,0.18899999999999995,-0.007454107972820312,4.4427154912041225,3.8389114217538527,0.9251492537313435
snap_hyper,cont,uaY_bp_mf,0.10652217408613811,0.6234,-0.07613209886834293,4.591648758630221,3.988487791685504,0.9308921161825726
snap_hyper,cont,uaY_bp_hf,0.055902132681568344,0.795,-0.06954979809871542,4.577584513295328,3.9836446480596313,0.9308921161825726
snap_hyper,cont,uaZ_mean,-0.13733437320196318,0.5172,-0.05461435809193116,4.545510926062154,3.916401375348902,0.9263522012578618
snap_hyper,cont,uaZ_std,-0.2570617754805977,0.22099999999999997,-0.019191568133442027,4.46852073147987,3.735372918448674,0.9251492537313435
snap_hyper,cont,uaZ_var,-0.2570617754805977,0.22099999999999997,-0.010771742140152307,4.450024603389971,3.7063877192563255,0.9251492537313435
snap_hyper,cont,uaZ_rms,-0.24781811574585022,0.23819999999999997,-0.01922063626971693,4.468584453869013,3.737231862636163,0.9254666666666664
snap_hyper,cont,uaZ_min,-0.016726622377162183,0.9410000000000001,-0.1135412100222557,4.670775711587922,4.043991428288309,0.9861296296296296
snap_hyper,cont,uaZ_max,-0.15582169267145823,0.4618,-0.010632013163129672,4.449717007297589,3.751907305859581,0.9263522012578618
snap_hyper,cont,uaZ_range,-0.050620041404569764,0.8108,-0.08323868875406037,4.60678503674289,3.9589704184219534,0.9308921161825726
snap_hyper,cont,uaZ_median,0.2773097920424257,0.1854,-0.006820281425976349,4.441317733215016,3.714766169773912,0.9251492537313435
snap_hyper,cont,uaZ_iqr,0.09463746871289129,0.6639999999999999,-0.06837407833888309,4.575067829902861,3.913620546530911,0.9308921161825726
snap_hyper,cont,uaZ_mad,0.10300077990147238,0.6344000000000001,-0.05052226915709346,4.53668366454022,3.8505706126570605,0.9308921161825726
snap_hyper,cont,uaZ_skew,-0.27951066340784175,0.1814,0.01718737209434551,4.388046590905661,3.7159797795149827,0.9251492537313435
snap_hyper,cont,uaZ_kurt,0.14569768439054426,0.4908,-0.16002836615875382,4.767274624728375,4.106116969342454,0.9263522012578618
snap_hyper,cont,uaZ_zcr,0.3248486135354129,0.12219999999999998,0.004508960065363499,4.416259085019379,3.646220639682229,0.9251492537313435
snap_hyper,cont,uaZ_madiff,-0.15186012421370929,0.471,-0.09084455445869932,4.622929815622346,3.924024448345039,0.9263522012578618
snap_hyper,cont,uaZ_domfreq,-0.19191598306428187,0.366,-0.2416771975469174,4.932194777385856,4.1492121555424575,0.9263522012578618
snap_hyper,cont,uaZ_centroid,0.247377941472767,0.2398,-0.0058378627538804295,4.4391503660884615,3.943952595375998,0.9254666666666664
snap_hyper,cont,uaZ_spread,0.27070717794617744,0.19520000000000004,0.00846500172932041,4.407475331082072,3.8151828741158886,0.9251492537313435
snap_hyper,cont,uaZ_entropy,0.38955423167864556,0.05940000000000001,0.0370099748162962,4.34356935557604,3.6869216336262145,0.9251492537313435
snap_hyper,cont,uaZ_bp_lf,-0.183992846148784,0.38460000000000005,-0.04073900831535471,4.515509731211532,3.8698203380937826,0.9263522012578618
snap_hyper,cont,uaZ_bp_mf,0.282151709046341,0.17779999999999996,-0.01739089534157623,4.464571571627611,3.879647819581899,0.9251492537313435
snap_hyper,cont,uaZ_bp_hf,0.31516477952758215,0.13160000000000005,0.015570132827355088,4.391655419323592,3.839524567778357,0.9251492537313435
snap_hyper,cont,uaMag_mean,-0.09551781725905772,0.6597999999999999,-0.08752806147406034,4.615896922903281,3.97258338417443,0.9308921161825726
snap_hyper,cont,uaMag_std,-0.32616913635466255,0.12060000000000004,0.04310103140493571,4.329810700297931,3.573052532318828,0.9251492537313435
snap_hyper,cont,uaMag_var,-0.32616913635466255,0.12060000000000004,0.04999654623333316,4.314181957657377,3.583018297691968,0.9251492537313435
snap_hyper,cont,uaMag_rms,-0.22536922781860624,0.2872,-0.02185679185456113,4.474359590420389,3.7735740082975884,0.9263522012578618
snap_hyper,cont,uaMag_min,0.3389341902740758,0.10460000000000003,-0.009893883966002548,4.448091754024261,3.6875794646107374,0.9251492537313435
snap_hyper,cont,uaMag_max,-0.14437716157129463,0.49439999999999995,-0.013116887555445267,4.455183982169581,3.732735219336641,0.9263522012578618
snap_hyper,cont,uaMag_range,-0.14437716157129463,0.49439999999999995,-0.013106378476460234,4.455160875259435,3.732695790539688,0.9263522012578618
snap_hyper,cont,uaMag_median,0.05194056422381941,0.8062,-0.06872335348118708,4.575815614278746,3.9150650205583086,0.9308921161825726
snap_hyper,cont,uaMag_iqr,-0.28567310323100675,0.17459999999999998,-0.15666499221470276,4.760358515218015,3.8644050403821466,0.9251492537313435
snap_hyper,cont,uaMag_mad,-0.1034409541745556,0.6317999999999999,-0.14597441742359463,4.738308437324195,4.027877826095964,0.9308921161825726
snap_hyper,cont,uaMag_skew,0.06998770942023123,0.7445999999999999,-0.11226579374189205,4.668100062899457,4.035051963750693,0.9308921161825726
snap_hyper,cont,uaMag_kurt,0.04445760158140475,0.834,-0.0903888767521055,4.621964148201147,4.0133733157001865,0.9338821138211383
snap_hyper,cont,uaMag_zcr,0.2896346716887557,0.16879999999999995,0.07372999517943668,4.259951615840393,3.4845252334918917,0.9251492537313435
snap_hyper,cont,uaMag_madiff,-0.06690648950864873,0.7552,-0.10487223615750474,4.652559077013115,3.9945659438109247,0.9308921161825726
snap_hyper,cont,uaMag_domfreq,0.08847502888972628,0.683,-0.08312597849360626,4.606545364058617,4.062254899595282,0.9308921161825726
snap_hyper,cont,uaMag_centroid,0.42916991625613493,0.034599999999999964,0.1929675673212654,3.976320299398326,3.2988002017291187,0.9251492537313435
snap_hyper,cont,uaMag_spread,0.5101619825034466,0.01100000000000001,0.20848546083994324,3.937905722813481,3.3125044217136423,0.7562500000000006
snap_hyper,cont,uaMag_entropy,0.3041604227005018,0.14739999999999998,0.03996572029739265,4.336898283326492,3.6578161725604024,0.9251492537313435
snap_hyper,cont,uaMag_bp_lf,0.21348452244535943,0.31179999999999997,-0.03183908293561566,4.496160987005195,3.712493586470023,0.9263522012578618
snap_hyper,cont,uaMag_bp_mf,0.3420154101856583,0.10019999999999996,0.13015853889182738,4.1281542681305075,3.503368015191055,0.9251492537313435
snap_hyper,cont,uaMag_bp_hf,0.44193497017554817,0.029200000000000004,0.1483168412247362,4.084838548694136,3.445719276076248,0.8922222222222224
snap_hyper,cont,gyX_mean,-0.09595799153214093,0.6577999999999999,-0.07829679613630125,4.596264612056077,3.8174532361658655,0.9308921161825726
snap_hyper,cont,gyX_std,0.010124008280913952,0.962,-0.0797291372584501,4.5993162922787505,3.9750784147360263,0.9861296296296296
snap_hyper,cont,gyX_var,0.010124008280913952,0.962,-0.04694703955213564,4.528957265100697,3.9119518813121394,0.9861296296296296
snap_hyper,cont,gyX_rms,0.010124008280913952,0.962,-0.07957863033897827,4.598995724356841,3.974791928001004,0.9861296296296296
snap_hyper,cont,gyX_min,0.08539380897814378,0.6944,-0.0858371553982955,4.612307091687426,3.998315353628202,0.9308921161825726
snap_hyper,cont,gyX_max,-0.3477376757357401,0.09399999999999997,-0.14709887375938857,4.7406325357111685,3.953509877698019,0.9251492537313435
snap_hyper,cont,gyX_range,-0.1809116262372015,0.3922,-0.09311506555692262,4.62773845550251,3.968372236649886,0.9263522012578618
snap_hyper,cont,gyX_median,-0.20027929425286298,0.3448,-0.06552799180084201,4.568969908482644,3.9112263932838567,0.9263522012578618
snap_hyper,cont,gyX_iqr,0.14569768439054426,0.4908,-0.016283642114026442,4.462141455018334,3.8333452463550315,0.9263522012578618
snap_hyper,cont,gyX_mad,0.14569768439054426,0.4908,-0.018147973366149817,4.466232388760105,3.836940774402105,0.9263522012578618
snap_hyper,cont,gyX_skew,-0.22096748508777408,0.29579999999999995,-0.005007206463285119,4.437316984225725,3.754794731861249,0.9263522012578618
snap_hyper,cont,gyX_kurt,-0.18795441460653295,0.37439999999999996,-0.02829434707590961,4.488431383216478,3.8761258145866933,0.9263522012578618
snap_hyper,cont,gyX_zcr,0.27466874640392636,0.18899999999999995,-0.018988696032174346,4.468075975393162,3.948372490754359,0.9251492537313435
snap_hyper,cont,gyX_madiff,0.1316121076518814,0.5356000000000001,-0.15017106277330838,4.746976531450011,4.07509327850324,0.9263522012578618
snap_hyper,cont,gyX_domfreq,-0.1703474436832043,0.42200000000000004,-0.05410990488564682,4.544423669942903,3.92204262686681,0.9263522012578618
snap_hyper,cont,gyX_centroid,-0.13689419892887997,0.5184,-0.03871653165222,4.51112008399031,3.8127417300349347,0.9263522012578618
snap_hyper,cont,gyX_spread,-0.14437716157129463,0.49439999999999995,-0.06910173695147925,4.576625580562603,3.858969879925802,0.9263522012578618
snap_hyper,cont,gyX_entropy,-0.03565411611974044,0.8632,-0.07832710391121478,4.5963292053920535,3.9668424159097957,0.9397826086956522
snap_hyper,cont,gyX_bp_lf,0.009243659734747521,0.9656,-0.05874619582082263,4.554406572929611,3.925060410402896,0.9861296296296296
snap_hyper,cont,gyX_bp_mf,0.03521394184665722,0.8646,-0.050453062350925615,4.536534227175892,3.9113999820501006,0.9397826086956522
snap_hyper,cont,gyX_bp_hf,-0.24121550164960198,0.25,-0.05887569238886803,4.55468509198825,3.8224323264671844,0.9254666666666664
snap_hyper,cont,gyY_mean,0.24209585019576843,0.24819999999999998,0.02935914995967659,4.360789753879288,3.666806385897407,0.9254666666666664
snap_hyper,cont,gyY_std,-0.15097977566754286,0.47440000000000004,-0.03668391262188875,4.506704115610246,3.9147231085674545,0.9263522012578618
snap_hyper,cont,gyY_var,-0.15097977566754286,0.47440000000000004,-0.01629898359784243,4.462175134401597,3.8645478436292238,0.9263522012578618
snap_hyper,cont,gyY_rms,-0.15097977566754286,0.47440000000000004,-0.036344095223391326,4.505965422759733,3.9137449542999208,0.9263522012578618
snap_hyper,cont,gyY_min,0.08143224052039483,0.7074,-0.034213264670871046,4.501330673882025,3.9186031906170906,0.9308921161825726
snap_hyper,cont,gyY_max,-0.12677019064796602,0.5544,-0.06540753577075864,4.568711644253003,3.843943978395206,0.9308921161825726
snap_hyper,cont,gyY_range,-0.1324924561980478,0.5314,-0.023367446245600387,4.477665687103271,3.8051296488276924,0.9263522012578618
snap_hyper,cont,gyY_median,0.5106021567765298,0.010800000000000032,0.020601672562031714,4.3804179016973475,3.722915998483414,0.7562500000000006
snap_hyper,cont,gyY_iqr,0.2302111448225216,0.27580000000000005,-0.005642828804780731,4.438719965209735,3.7839495479860052,0.9263522012578618
snap_hyper,cont,gyY_mad,0.2183264394492748,0.3012,-0.00598060672392986,4.439465347006535,3.7864577806846142,0.9263522012578618
snap_hyper,cont,gyY_skew,-0.06074404968548371,0.7774,-0.05978579176622256,4.55664203829437,3.900322766990343,0.9308921161825726
snap_hyper,cont,gyY_kurt,-0.2641045638499292,0.20699999999999996,0.03795177630659563,4.341444836802484,3.6795272010251896,0.9251492537313435
snap_hyper,cont,gyY_zcr,-0.0374148132120733,0.8568,-0.07106726631769056,4.580830681414596,3.906991870619194,0.9397826086956522
snap_hyper,cont,gyY_madiff,-0.1465780329367107,0.48619999999999997,-0.04347246031013041,4.5214357295064005,3.8690613770190025,0.9263522012578618
snap_hyper,cont,gyY_domfreq,0.23065131909560482,0.2744,-0.0737566888545318,4.586578250070894,3.926369245107741,0.9263522012578618
snap_hyper,cont,gyY_centroid,-0.30195955133508573,0.1512,-0.007620842030509056,4.4430831115895035,3.7532857813942804,0.9251492537313435
snap_hyper,cont,gyY_spread,-0.22404870499935658,0.29059999999999997,-0.04532036003251916,4.525437494934771,3.8122273351356633,0.9263522012578618
snap_hyper,cont,gyY_entropy,-0.2773097920424257,0.1854,-0.03699988653443209,4.507390869028975,3.8680426499596314,0.9251492537313435
snap_hyper,cont,gyY_bp_lf,0.05546195840848513,0.795,-0.045945176095491425,4.526789780676583,3.8666968675400977,0.9308921161825726
snap_hyper,cont,gyY_bp_mf,-0.2539805555690152,0.22540000000000004,0.008504465841251974,4.407387619185438,3.749238797899183,0.9251492537313435
snap_hyper,cont,gyY_bp_hf,-0.183992846148784,0.38460000000000005,-0.01394226295457024,4.456998407861177,3.7585376473314263,0.9263522012578618
snap_hyper,cont,gyZ_mean,-0.46614455519512504,0.02180000000000004,0.1510550191300185,4.078266844747753,3.6632714053704674,0.8593750000000008
snap_hyper,cont,gyZ_std,-0.15053960139445963,0.47540000000000004,-0.07655424293983759,4.592549274119388,3.9939911097590604,0.9263522012578618
snap_hyper,cont,gyZ_var,-0.15053960139445963,0.47540000000000004,-0.0665378035493489,4.571134425468178,3.97597520223553,0.9263522012578618
snap_hyper,cont,gyZ_rms,-0.15053960139445963,0.47540000000000004,-0.07616924664949609,4.5917280091662,3.993118097315925,0.9263522012578618
snap_hyper,cont,gyZ_min,0.004401742730832153,0.9828,-0.0650884163146892,4.568027364333069,3.969107748215343,0.9936397058823528
snap_hyper,cont,gyZ_max,-0.045778124400654395,0.8296,-0.02500179302991068,4.481239740141539,3.762344025649251,0.9338821138211383
snap_hyper,cont,gyZ_range,-0.051060215677652974,0.8088,-0.040834884573922814,4.515717718134681,3.868891857397813,0.9308921161825726
snap_hyper,cont,gyZ_median,-0.1980784228874469,0.3498,0.007486642402265931,4.409649249013461,3.7746646338436753,0.9263522012578618
snap_hyper,cont,gyZ_iqr,0.17298848932170363,0.4132,-0.027574114058411592,4.486859225036552,3.804394835302098,0.9263522012578618
snap_hyper,cont,gyZ_mad,0.17915092914486863,0.39759999999999995,-0.02601877154989407,4.483462270256653,3.802246646827934,0.9263522012578618
snap_hyper,cont,gyZ_skew,-0.21084347680686014,0.31999999999999995,-0.023702400673839774,4.478398410843449,3.945248022486583,0.9263522012578618
snap_hyper,cont,gyZ_kurt,-0.10300077990147238,0.6344000000000001,-0.026605341320052878,4.484743673552465,3.735237757660697,0.9308921161825726
snap_hyper,cont,gyZ_zcr,0.07218858078564731,0.7372000000000001,-0.08994461162188316,4.621022471911958,4.050541382193418,0.9308921161825726
snap_hyper,cont,gyZ_madiff,-0.07526980069722981,0.727,-0.07805992225582314,4.595759744177142,3.944665448444031,0.9308921161825726
snap_hyper,cont,gyZ_domfreq,-0.13909507029429605,0.5114000000000001,-0.02932956382429075,4.490690138454488,3.8447733956175654,0.9263522012578618
snap_hyper,cont,gyZ_centroid,-0.15494134412529179,0.46399999999999997,-0.01149164764657673,4.451609049639254,3.689063780249263,0.9263522012578618
snap_hyper,cont,gyZ_spread,-0.11884705373246814,0.5786,-0.03248265041835352,4.497562916825617,3.7720546110126896,0.9308921161825726
snap_hyper,cont,gyZ_entropy,-0.14481733584437784,0.49360000000000004,-0.046797325784958765,4.528633432342256,3.7972014560678495,0.9263522012578618
snap_hyper,cont,gyZ_bp_lf,-0.06954753514714802,0.7458,-0.045816842038550076,4.526512060996936,3.8723125248436308,0.9308921161825726
snap_hyper,cont,gyZ_bp_mf,-0.1434968130251282,0.4972,0.021409827823023586,4.378610267229942,3.5884194899852697,0.9263522012578618
snap_hyper,cont,gyZ_bp_hf,-0.09551781725905772,0.6597999999999999,-0.009989510772387522,4.448302343843112,3.7661672469547613,0.9308921161825726
snap_hyper,cont,gyMag_mean,0.05414143558923548,0.7994,-0.08846504487703921,4.617884957871042,4.004068876035918,0.9308921161825726
snap_hyper,cont,gyMag_std,-0.16902692086395468,0.4254,0.03127265142280855,4.356489247612503,3.6865410539335612,0.9263522012578618
snap_hyper,cont,gyMag_var,-0.16902692086395468,0.4254,0.05346665203804901,4.306295479050158,3.6596654692843806,0.9263522012578618
snap_hyper,cont,gyMag_rms,-0.024209585019576842,0.9124,-0.04800373630214594,4.531242255303558,3.9254286174753674,0.9706756756756757
snap_hyper,cont,gyMag_min,0.3921952773171449,0.05740000000000001,-0.4121841343612265,5.259948961585772,4.250007909734502,0.9251492537313435
snap_hyper,cont,gyMag_max,-0.30019885424275283,0.15400000000000003,0.009348396584708762,4.405511502951626,3.79516543723386,0.9251492537313435
snap_hyper,cont,gyMag_range,-0.30019885424275283,0.15400000000000003,0.009380971670256422,4.4054390702753174,3.7952137398622656,0.9251492537313435
snap_hyper,cont,gyMag_median,0.22668975063785587,0.2834,-0.039503526695558344,4.512828710369547,3.8518224784971227,0.9263522012578618
snap_hyper,cont,gyMag_iqr,-0.23989497883035235,0.25239999999999996,-0.03141514818552826,4.495237260265264,3.7306091136085917,0.9254666666666664
snap_hyper,cont,gyMag_mad,-0.10168025708222274,0.6406000000000001,-0.11727681897152453,4.678603703257819,3.9865672479996763,0.9308921161825726
snap_hyper,cont,gyMag_skew,-0.06294492105089979,0.7684,-0.0644059926975038,4.566563716243556,3.9483979220929704,0.9308921161825726
snap_hyper,cont,gyMag_kurt,-0.03565411611974044,0.8632,-0.05358132835605134,4.543284141283154,3.937034422606286,0.9397826086956522
snap_hyper,cont,gyMag_zcr,0.33541279608941005,0.10899999999999999,0.03695806974060456,4.343686412997395,3.737048269683046,0.9251492537313435
snap_hyper,cont,gyMag_madiff,0.12280862219021707,0.5664,-0.11600390919083736,4.6759377848690065,4.047984975020518,0.9308921161825726
snap_hyper,cont,gyMag_domfreq,0.17298848932170363,0.4132,-0.07220959451014242,4.583272833135166,4.042549862735576,0.9263522012578618
snap_hyper,cont,gyMag_centroid,0.18311249760261758,0.38680000000000003,0.05737282792424436,4.2974006324114296,3.7391594850114434,0.9263522012578618
snap_hyper,cont,gyMag_spread,0.24341637301501806,0.24560000000000004,0.019672928603328477,4.382494341148507,3.8534425059705377,0.9254666666666664
snap_hyper,cont,gyMag_entropy,0.1980784228874469,0.3498,-0.034715737739738683,4.5024240280565415,3.9398810931320103,0.9263522012578618
snap_hyper,cont,gyMag_bp_lf,0.11752653091321849,0.5824,-0.008863344157050923,4.445821661241129,3.724052501961475,0.9308921161825726
snap_hyper,cont,gyMag_bp_mf,0.3737079578476498,0.0706,0.1318270178226133,4.124193175900987,3.5458844297536047,0.9251492537313435
snap_hyper,cont,gyMag_bp_hf,0.13381297901729747,0.528,-0.04805407657851446,4.531351081847003,3.91595774140742,0.9263522012578618
snap_hyper,cont,pitch_mean,-0.25045916138434954,0.23399999999999999,-0.028129811020004336,4.488072274784432,3.8994961607477294,0.9254666666666664
snap_hyper,cont,pitch_std,0.07218858078564731,0.7372000000000001,-0.07143515972321612,4.58161733261898,4.000161868447341,0.9308921161825726
snap_hyper,cont,pitch_var,0.07218858078564731,0.7372000000000001,-0.06795260157910343,4.574165301930747,3.995863071965465,0.9308921161825726
snap_hyper,cont,pitch_rms,0.25750194975368096,0.22060000000000002,-0.007098321661263229,4.441930940858919,3.8533211657978104,0.9251492537313435
snap_hyper,cont,pitch_min,0.26674560948842846,0.20299999999999996,-0.03346579589528531,4.499703730776208,3.7232077455813197,0.9251492537313435
snap_hyper,cont,pitch_max,-0.06690648950864873,0.7552,-0.09892484402911927,4.640020102035401,4.020814896167531,0.9308921161825726
snap_hyper,cont,pitch_range,-0.03301307048124115,0.8746,-0.09957114950456991,4.641384358024418,4.0198112497349525,0.9469094488188977
snap_hyper,cont,pitch_median,-0.2729080493115935,0.19220000000000004,-0.01818380128353203,4.466310969870873,3.908122855615295,0.9251492537313435
snap_hyper,cont,pitch_iqr,-0.008363311188581092,0.9682,-0.10724605868945147,4.657554416457597,4.015245066673965,0.9861296296296296
snap_hyper,cont,pitch_mad,-0.04929951858532011,0.8158,-0.09360202278172602,4.628769115416869,4.003501754173318,0.9308921161825726
snap_hyper,cont,pitch_skew,0.13909507029429605,0.5114000000000001,-0.05785998152557292,4.552500060682717,4.006784404336031,0.9263522012578618
snap_hyper,cont,pitch_kurt,-0.16242430676770644,0.44120000000000004,-0.022242928783636318,4.47520489100464,3.5790309413100023,0.9263522012578618
snap_hyper,cont,pitch_zcr,-0.014965925284829321,0.945,-0.15829556746021067,4.763712722843392,4.056092715368152,0.9861296296296296
snap_hyper,cont,pitch_madiff,0.12192827364405064,0.5700000000000001,-0.11634159092391849,4.676645156652268,3.9905550720117735,0.9308921161825726
snap_hyper,cont,pitch_domfreq,-0.05810300404698442,0.7872,-0.03275348825039326,4.4981527719273275,3.8715975400940774,0.9308921161825726
snap_hyper,cont,pitch_centroid,-0.07570997497031304,0.7256,-0.12026758928048187,4.684861453044371,4.055959683195321,0.9308921161825726
snap_hyper,cont,pitch_spread,-0.20292033989136227,0.3396,-0.07710110348455523,4.593715571662493,3.9406040620031946,0.9263522012578618
snap_hyper,cont,pitch_entropy,-0.0004401742730832153,0.9976,-0.14532641902377041,4.73696859482516,4.069297721203237,0.9995999999999999
snap_hyper,cont,pitch_bp_lf,0.009243659734747521,0.9656,-0.10521973503599424,4.65329066927542,3.9644186226265483,0.9861296296296296
snap_hyper,cont,pitch_bp_mf,-0.2619036924845131,0.21140000000000003,0.04295396229938908,4.330143419290413,3.6034367044644617,0.9251492537313435
snap_hyper,cont,pitch_bp_hf,-0.16858674659087147,0.4274,-0.03769771886997941,4.508907201939954,3.8483436747614737,0.9263522012578618
snap_hyper,cont,roll_mean,0.5374527874346059,0.007000000000000006,0.157523872849058,4.0626991925671945,3.429656552525188,0.7562500000000006
snap_hyper,cont,roll_std,-0.15406099557912536,0.46599999999999997,-0.1229444463181284,4.690455304891564,3.905839177945554,0.9263522012578618
snap_hyper,cont,roll_var,-0.15406099557912536,0.46599999999999997,-0.14487641155088715,4.736037907878762,3.9831815357268936,0.9263522012578618
snap_hyper,cont,roll_rms,0.1782705805987022,0.401,-0.08497337390292925,4.610472185719477,4.008362469679205,0.9263522012578618
snap_hyper,cont,roll_min,0.09419729443980808,0.6656,-0.10691959474552126,4.656867741771577,4.034163590023203,0.9308921161825726
snap_hyper,cont,roll_max,-0.0836331118858109,0.6988,-0.2094084832716232,4.867683937962695,4.186005726124802,0.9308921161825726
snap_hyper,cont,roll_range,-0.1320522819249646,0.5344,-0.07248185945178087,4.583854708782276,4.022691963848693,0.9263522012578618
snap_hyper,cont,roll_median,0.5471366214424367,0.005600000000000049,0.1377120744665985,4.11019113805643,3.437314981680658,0.7562500000000006
snap_hyper,cont,roll_iqr,-0.33541279608941005,0.10899999999999999,-0.11565038850665599,4.6751971191589785,3.8694122023951913,0.9251492537313435
snap_hyper,cont,roll_mad,-0.30636129406591783,0.14339999999999997,-0.04873140791046304,4.5328150952034685,3.7513691265536693,0.9251492537313435
snap_hyper,cont,roll_skew,-0.4573410697334607,0.023800000000000043,0.09226501189078695,4.21711460696165,3.4913752749840143,0.8593750000000008
snap_hyper,cont,roll_kurt,0.23417271328027056,0.26639999999999997,-0.009896238027783832,4.44809693827028,3.7581248002818963,0.9263522012578618
snap_hyper,cont,roll_zcr,0.4696659493797907,0.01980000000000004,0.20356785173530012,3.950119709275829,3.1171074927563764,0.8593750000000008
snap_hyper,cont,roll_madiff,0.15186012421370929,0.471,-0.03936107399026145,4.512519482614304,3.8919839998347356,0.9263522012578618
snap_hyper,cont,roll_domfreq,-0.11312478818238633,0.5982000000000001,-0.09178740693295473,4.624927258499777,4.095176511252891,0.9308921161825726
snap_hyper,cont,roll_centroid,0.20732208262219443,0.3286,0.027543094990445605,4.364867334725353,3.6228179853454052,0.9263522012578618
snap_hyper,cont,roll_spread,0.3076818168851675,0.14139999999999997,0.017997439810656934,4.386237829224768,3.6875279079530343,0.9251492537313435
snap_hyper,cont,roll_entropy,0.21612556808385872,0.3052,0.02710800269851632,4.365843680179024,3.5761817892984418,0.9263522012578618
snap_hyper,cont,roll_bp_lf,0.1980784228874469,0.3498,0.05654351518497325,4.299290619074795,3.5007020683400234,0.9263522012578618
snap_hyper,cont,roll_bp_mf,0.30063902851583607,0.15359999999999996,-0.012318586359157502,4.4534283705329205,3.7459958123933554,0.9251492537313435
snap_hyper,cont,roll_bp_hf,0.2742285721308431,0.18999999999999995,-0.0019800168283854447,4.430629106633396,3.7170299930624875,0.9251492537313435
snap_hyper,cont,yaw_mean,0.01760697092332861,0.9374,-0.07910675774113463,4.597990527890745,4.0082165565001855,0.9861296296296296
snap_hyper,cont,yaw_std,-0.16594570095237218,0.4312,-0.030120209287732846,4.492414494950203,3.789234343612211,0.9263522012578618
snap_hyper,cont,yaw_var,-0.16594570095237218,0.4312,-0.024347690133046163,4.479809664751245,3.7886999352986557,0.9263522012578618
snap_hyper,cont,yaw_rms,-0.15890291258304073,0.4504,-0.046092447594468844,4.527108460692695,3.8224044762422267,0.9263522012578618
snap_hyper,cont,yaw_min,-0.05238073849690262,0.8046,-0.012493414274385772,4.453812908560568,3.9172938777841573,0.9308921161825726
snap_hyper,cont,yaw_max,0.08583398325122699,0.6926,-0.14023261144061827,4.726423088116834,4.068147918180393,0.9308921161825726
snap_hyper,cont,yaw_range,0.0831929376127277,0.7006,-0.07248966433438309,4.5838713880307225,4.004056322109549,0.9308921161825726
snap_hyper,cont,yaw_median,-0.08495363470506055,0.6954,-0.07472796727447584,4.588652201068196,3.989472229629865,0.9308921161825726
snap_hyper,cont,yaw_iqr,-0.12104792509788422,0.5724,-0.07665287012403876,4.592759639659508,3.914883431149265,0.9308921161825726
snap_hyper,cont,yaw_mad,-0.1663858752254554,0.43079999999999996,-0.0427046497757162,4.519771936271604,3.794145148539141,0.9263522012578618
snap_hyper,cont,yaw_skew,0.0660261409624823,0.7584,-0.08789066195641215,4.616666368318533,4.02087626699376,0.9308921161825726
snap_hyper,cont,yaw_kurt,0.09815886289755701,0.6517999999999999,-0.059590631380711745,4.556222464373053,3.8914844669388007,0.9308921161825726
snap_hyper,cont,yaw_zcr,0.08495363470506055,0.6954,-0.050865201211019784,4.537424080686985,3.928065851995997,0.9308921161825726
snap_hyper,cont,yaw_madiff,-0.03609429039282366,0.8618,-0.06850830063766478,4.5753552090371565,3.9781242010938462,0.9397826086956522
snap_hyper,cont,yaw_domfreq,0.1672662237716218,0.42979999999999996,-0.0940428299044771,4.629701899366128,4.064967145913842,0.9263522012578618
snap_hyper,cont,yaw_centroid,-0.1007999085360563,0.6434,-0.06782306168304486,4.573887876291126,3.9515979796462557,0.9308921161825726
snap_hyper,cont,yaw_spread,-0.10168025708222274,0.6406000000000001,-0.06758179330140135,4.573371125479746,3.9414122218042587,0.9308921161825726
snap_hyper,cont,yaw_entropy,0.02376941074649363,0.9142,-0.05630678620893237,4.549156745281131,3.9647335550074723,0.9706756756756757
snap_hyper,cont,yaw_bp_lf,-0.14745838148287713,0.48440000000000005,-0.04779618439329458,4.530793538130452,3.974433882567405,0.9263522012578618
snap_hyper,cont,yaw_bp_mf,-0.13293263047113102,0.53,-0.06763270324860482,4.57348016972737,3.9377072764491636,0.9263522012578618
snap_hyper,cont,yaw_bp_hf,-0.09287677162055843,0.6696,-0.07306908542988344,4.585109457373619,3.9391311259151602,0.9308921161825726
snap_hyper,cont,jerk_mean,0.13689419892887997,0.5184,-0.10359872519892543,4.649876959967725,4.063089318756215,0.9263522012578618
snap_hyper,cont,jerk_std,-0.050620041404569764,0.8108,-0.09323860045663612,4.627999942638255,3.9609908778244614,0.9308921161825726
snap_hyper,cont,jerk_var,-0.050620041404569764,0.8108,-0.07543553099562339,4.5901624574827835,3.932464538480712,0.9308921161825726
snap_hyper,cont,jerk_rms,-0.050620041404569764,0.8108,-0.09323801278481803,4.627998698744422,3.9609897222030583,0.9308921161825726
snap_hyper,cont,jerk_min,0.04401742730832153,0.8354,-0.04610876643217865,4.527143771558536,3.8767580250787126,0.9338821138211383
snap_hyper,cont,jerk_max,-0.07570997497031304,0.7256,-0.034461250718182734,4.501870311272266,3.8205543732046485,0.9308921161825726
snap_hyper,cont,jerk_range,-0.030372024842741856,0.8855999999999999,-0.03972012582757789,4.513298850125324,3.84785790969998,0.951328125
snap_hyper,cont,jerk_median,0.0,0.9996,,,,0.9995999999999999
snap_hyper,cont,jerk_iqr,0.3398145388202422,0.10340000000000005,0.023775547960094845,4.373314467846118,3.6122576544872644,0.9251492537313435
snap_hyper,cont,jerk_mad,0.3398145388202422,0.10340000000000005,0.022672103125771392,4.375785389553954,3.6144784933896568,0.9251492537313435
snap_hyper,cont,jerk_skew,0.14481733584437784,0.49360000000000004,-0.16147620255202,4.770248725002876,4.088067214982713,0.9263522012578618
snap_hyper,cont,jerk_kurt,0.07570997497031304,0.7256,-0.09999361665821738,4.642275907485544,4.031724834675878,0.9308921161825726
snap_hyper,cont,jerk_zcr,-0.2834722318655907,0.17720000000000002,-0.0032174591223681492,4.43336416922673,3.724639021622462,0.9251492537313435
snap_hyper,cont,jerk_madiff,-0.06690648950864873,0.7552,-0.10316703830703444,4.648967441308664,3.992864628201485,0.9308921161825726
snap_hyper,cont,jerk_domfreq,0.1148854852747192,0.5920000000000001,-0.02753797722996243,4.486780329370826,3.799513939903236,0.9308921161825726
snap_hyper,cont,jerk_centroid,0.33497262181632687,0.10980000000000001,-0.015106824539568242,4.459557212146569,3.9180777347443096,0.9251492537313435
snap_hyper,cont,jerk_spread,0.010564182553997168,0.9608,-0.08516711026255974,4.610883797768487,4.014821866112445,0.9861296296296296
snap_hyper,cont,jerk_entropy,0.06382526959706622,0.7654,-0.24103842381162277,4.930925944476595,4.174425003509978,0.9308921161825726
snap_hyper,cont,jerk_bp_lf,0.07042788369331444,0.743,-0.09100436147319058,4.62326842920097,3.9384850531969646,0.9308921161825726
snap_hyper,cont,jerk_bp_mf,-0.2557412526613481,0.22319999999999995,-0.06796724521122988,4.574196662013702,3.805172209455058,0.9251492537313435
snap_hyper,cont,jerk_bp_hf,0.22580940209168945,0.28580000000000005,-0.06334804559250107,4.56429372530013,3.8675947155631447,0.9263522012578618
snap_hyper,cont,actfrac_p50,-0.3211059363547134,0.126,-0.04632137285358695,4.527603786314551,3.9556866321724953,0.9251492537313435
snap_hyper,cont,switchmin_p50,0.3195665222584143,0.127,0.0665056936247036,4.276531771314853,3.378061889718753,0.9251492537313435
snap_hyper,cont,actbout_med_p50,-0.03677054247181603,0.8596,-0.08239511895808427,4.6049909254217445,3.893867184763406,0.9397826086956522
snap_hyper,cont,actbout_cv_p50,-0.1954373772489476,0.35719999999999996,-0.062340858876834826,4.56213159921363,3.835265832067979,0.9263522012578618
snap_hyper,cont,actshort_p50,0.26058316966526346,0.2138,-0.024890690523817094,4.4809968671723475,3.609875706034049,0.9251492537313435
snap_hyper,cont,actfrac_p75,0.34659326354244724,0.09519999999999995,-0.2049300616792895,4.8586630986642465,3.7566545035909673,0.9251492537313435
snap_hyper,cont,switchmin_p75,0.3015193770620025,0.15180000000000005,0.07694240773455108,4.252558195100972,3.5783721027955786,0.9251492537313435
snap_hyper,cont,actbout_med_p75,-0.14211075532313436,0.5034000000000001,-0.010871220086661415,4.4502435788518175,3.7314841057247605,0.9263522012578618
snap_hyper,cont,actbout_cv_p75,-0.12236844791713386,0.5688,-0.0908255496651682,4.622889544894053,3.979482472508233,0.9308921161825726
snap_hyper,cont,actshort_p75,0.30636129406591783,0.14339999999999997,0.06981012237018036,4.268955922998688,3.5845053750252482,0.9251492537313435
snap_hyper,cont,actfrac_p90,0.24093250854484904,0.251,-0.060753153443145136,4.558721192166801,3.833252217145224,0.9254666666666664
snap_hyper,cont,switchmin_p90,0.16902692086395468,0.4254,-0.06965015236711669,4.57779926223477,3.9242778384290915,0.9263522012578618
snap_hyper,cont,actbout_med_p90,-0.009255740323306724,0.9656,-0.06854033653621272,4.57542379742181,3.9415132243153423,0.9861296296296296
snap_hyper,cont,actbout_cv_p90,-0.1434968130251282,0.4972,-0.2165615945295345,4.88205780424377,4.136322588536174,0.9263522012578618
snap_hyper,cont,actshort_p90,0.0004401742730832153,0.9976,-0.1338964600426551,4.713272678503981,4.028937039797108,0.9995999999999999
snap_hyper,cont,switch_per_min,0.39853102918555094,0.05259999999999998,0.11239144679066404,4.1701013042192345,3.5787609029084764,0.9251492537313435
snap_hyper,cont,act_bout_median,-0.45489264269836005,0.025000000000000022,0.10761993497292954,4.181294874993352,3.6452137569510317,0.8593750000000008
snap_hyper,cont,stl_bout_median,-0.050204071123808966,0.8128,-0.057541624998473706,4.551814985535,4.010720644675966,0.9308921161825726
snap_hyper,cont,act_bout_cv,0.05942352686623407,0.7816,-0.0696575770573209,4.577815149991287,3.9201528949386693,0.9308921161825726
snap_hyper,cont,stl_bout_cv,-0.11048374254388704,0.6104,0.00975473207632438,4.4046079061287084,3.7447355484065015,0.9308921161825726
snap_hyper,cont,frac_act_short,0.3446564558241576,0.09799999999999998,0.04483486150050919,4.325886273564335,3.7552137370890804,0.9251492537313435
snap_hyper,cont,within_win_sd,-0.04489777585448796,0.8328,-0.11803356730274972,4.68018787925386,4.0285483724533275,0.9338821138211383
snap_hyper,cont,mag_median,0.05194056422381941,0.8062,-0.068728353357276,4.5758263179300895,3.9150718590388407,0.9308921161825726
snap_odd,cont,uaX_mean,-0.029122969541136797,0.9042,-0.0562736193690867,3.8157833675177257,2.7730793134543066,0.9722988505747125
snap_odd,cont,uaX_std,-0.21621598598722772,0.3146,-0.039490691699020974,3.78534786475692,2.7858592792533483,0.9026984126984128
snap_odd,cont,uaX_var,-0.21621598598722772,0.3146,-0.02404068252592384,3.7571116326742606,2.798008515931077,0.9026984126984128
snap_odd,cont,uaX_rms,-0.21003838638759265,0.33020000000000005,-0.04313372696274853,3.7919751941922435,2.786781695017142,0.9026984126984128
snap_odd,cont,uaX_min,0.2832870673546943,0.1874,-0.0017106033639093798,3.715922343816323,2.787139706708839,0.9026984126984128
snap_odd,cont,uaX_max,0.02779919819835785,0.9088,-0.0934644402086291,3.8823780782576525,2.7613983927660506,0.9722988505747125
snap_odd,cont,uaX_range,-0.09266399399452617,0.6764,-0.010950276024228822,3.73302064343695,2.7086238882126032,0.9358088235294116
snap_odd,cont,uaX_median,0.02779919819835785,0.9088,-0.09255964607249179,3.880771496573998,2.7363686797428826,0.9722988505747125
snap_odd,cont,uaX_iqr,0.08913393708044898,0.6876,-0.05098161232109111,3.806212690020582,2.7163209715517227,0.9358088235294116
snap_odd,cont,uaX_mad,0.1385547338775296,0.527,-0.048120374753942485,3.801028060292865,2.7283420659365447,0.9026984126984128
snap_odd,cont,uaX_skew,0.21356844330166982,0.32220000000000004,-0.05621478771129862,3.8156771014976805,2.6726677591885912,0.9026984126984128
snap_odd,cont,uaX_kurt,-0.0428019400831859,0.8526,-0.03657390213636669,3.7800333297803412,2.735691876187474,0.9722988505747125
snap_odd,cont,uaX_zcr,0.023386627055761364,0.9228,-0.19029225549260453,4.0506274169315875,2.81398365131466,0.9722988505747125
snap_odd,cont,uaX_madiff,-0.1623826180475506,0.46199999999999997,-0.03380639651931161,3.7749838801891262,2.766387765675874,0.9026984126984128
snap_odd,cont,uaX_domfreq,-0.08516262305211214,0.6992,-0.0550499425625286,3.813572463719748,2.7102906485237015,0.9376699029126213
snap_odd,cont,uaX_centroid,-0.004853828256856133,0.9854,-0.15324155856931743,3.987086301308059,2.8113748962398106,0.9910036496350366
snap_odd,cont,uaX_spread,0.08428010882359285,0.7024,-0.05305076531751696,3.809957647953219,2.692912999355491,0.9376699029126213
snap_odd,cont,uaX_entropy,0.17738535993237867,0.4154,-0.0201974972715373,3.750054857848037,2.634983090748139,0.9026984126984128
snap_odd,cont,uaX_bp_lf,0.032653026455213986,0.891,-0.04244388879736549,3.7907211450897575,2.7896244653556117,0.9722988505747125
snap_odd,cont,uaX_bp_mf,0.01412022765630875,0.9562,-0.11019340908381081,3.9119637010309343,2.776989084027552,0.990410447761194
snap_odd,cont,uaX_bp_hf,0.05692216773949465,0.8012,-0.13292041368513163,3.9518021675723407,2.7701608179717656,0.9722988505747125
snap_odd,cont,uaY_mean,-0.2232760998153821,0.2986,-0.03251865702650503,3.772632032396786,2.7463817666967465,0.9026984126984128
snap_odd,cont,uaY_std,-0.1239932491069612,0.5724,-0.05552204817940831,3.8144256022986167,2.7769878008206725,0.9026984126984128
snap_odd,cont,uaY_var,-0.1239932491069612,0.5724,-0.045807492592100374,3.796831888977956,2.787441117642617,0.9026984126984128
snap_odd,cont,uaY_rms,-0.15443998999087694,0.4838,-0.05508296153633818,3.8136321382711755,2.7752433223396427,0.9026984126984128
snap_odd,cont,uaY_min,0.1641476465045892,0.4566,-0.0287696666190167,3.7657767455251183,2.776194110066364,0.9026984126984128
snap_odd,cont,uaY_max,-0.129288334478077,0.5574,-0.09408245325835707,3.883475060153654,2.887509484087763,0.9026984126984128
snap_odd,cont,uaY_range,-0.22680615672945928,0.28959999999999997,-0.06271285383577063,3.827396547164232,2.8724786441316827,0.9026984126984128
snap_odd,cont,uaY_median,0.1394372481060489,0.525,-0.08415642935497325,3.8658185777039646,2.7863652151302483,0.9026984126984128
snap_odd,cont,uaY_iqr,0.10854925010787352,0.6204000000000001,-0.07718667356844455,3.8533723780176463,2.761302600489634,0.9026984126984128
snap_odd,cont,uaY_mad,0.15002741884828047,0.4948,-0.07583797141160487,3.850959296079768,2.764928022114745,0.9026984126984128
snap_odd,cont,uaY_skew,-0.2696080968126452,0.2098,-0.03523872397681638,3.7775980744610616,2.742255979074573,0.9026984126984128
snap_odd,cont,uaY_kurt,-0.176944102818119,0.41600000000000004,-0.014399091080373072,3.7393827448133856,2.7129397327635716,0.9026984126984128
snap_odd,cont,uaY_zcr,0.030005483769656092,0.9008,-0.07374597183228815,3.847213320552865,2.714147687040389,0.9722988505747125
snap_odd,cont,uaY_madiff,-0.043684454311705194,0.8492,-0.04242712825432182,3.790690671123253,2.7319429110684474,0.9722988505747125
snap_odd,cont,uaY_domfreq,0.13105336293511557,0.5518000000000001,-0.1322074925237069,3.9505585820936298,2.77891971690025,0.9026984126984128
snap_odd,cont,uaY_centroid,0.007501370942414023,0.9768,-0.08723675113145268,3.8713064937224395,2.763889861045104,0.9910036496350366
snap_odd,cont,uaY_spread,-0.031770512226694685,0.8934,-0.0432435372849691,3.7921747788903617,2.7370010760362735,0.9722988505747125
snap_odd,cont,uaY_entropy,-0.011913942085010508,0.9626,-0.04617201553591377,3.7974935364440543,2.7059236879493525,0.990410447761194
snap_odd,cont,uaY_bp_lf,0.23960261304298908,0.26559999999999995,-0.03913549733758992,3.784701082104154,2.7761832875130943,0.9026984126984128
snap_odd,cont,uaY_bp_mf,-0.0282404553126175,0.907,-0.07375630605794159,3.847231834184568,2.7936694417934604,0.9722988505747125
snap_odd,cont,uaY_bp_hf,-0.018091541684645586,0.9434,-0.07005933068139503,3.8406030558207203,2.751257988143966,0.9902099236641222
snap_odd,cont,uaZ_mean,-0.16282387516181027,0.46099999999999997,-0.032715951949861655,3.7729924547434273,2.7230326208807774,0.9026984126984128
snap_odd,cont,uaZ_std,-0.3044674088391574,0.15639999999999998,-0.017434961624743117,3.744974134337581,2.7769026612786933,0.9026984126984128
snap_odd,cont,uaZ_var,-0.3044674088391574,0.15639999999999998,0.007348115334033567,3.6990821788578474,2.7741761172941843,0.9026984126984128
snap_odd,cont,uaZ_rms,-0.30005483769656094,0.1614,-0.022429908767451545,3.7541555789584775,2.7884139365564184,0.9026984126984128
snap_odd,cont,uaZ_min,0.01412022765630875,0.9562,-0.05946642759663168,3.8215460182784313,2.7800024263366665,0.990410447761194
snap_odd,cont,uaZ_max,-0.05162708236837887,0.8212,-0.02490203303604166,3.758691408677871,2.6787421855634803,0.9722988505747125
snap_odd,cont,uaZ_range,-0.03971314028336836,0.8632,-0.04091106471223549,3.7879331551227144,2.764857424977695,0.9722988505747125
snap_odd,cont,uaZ_median,0.23210124210057506,0.28059999999999996,0.002907207700399206,3.7073473876913794,2.7552538369760504,0.9026984126984128
snap_odd,cont,uaZ_iqr,0.10104787916545949,0.6477999999999999,-0.06475072993085607,3.831064529651156,2.7340527062807194,0.9182731958762885
snap_odd,cont,uaZ_mad,0.11516810682176824,0.6018,-0.06770074614204624,3.8363680644622833,2.7453757161146215,0.9026984126984128
snap_odd,cont,uaZ_skew,-0.04324319719744554,0.8508,-0.01716024831413754,3.7444685178923764,2.6465530636306016,0.9722988505747125
snap_odd,cont,uaZ_kurt,0.11296182125047,0.6075999999999999,-0.05497690253450749,3.813440456575176,2.7458637636657364,0.9026984126984128
snap_odd,cont,uaZ_zcr,0.21180341484463125,0.3258,-0.05096134640129102,3.806175992531269,2.703491514720478,0.9026984126984128
snap_odd,cont,uaZ_madiff,-0.23386627055761366,0.2774,-0.022735437835918137,3.7547164574945677,2.743215813642711,0.9026984126984128
snap_odd,cont,uaZ_domfreq,-0.10369542185101738,0.6374,-0.07288448216319154,3.8456696595404556,2.855282374988002,0.9166666666666666
snap_odd,cont,uaZ_centroid,0.05250959659689816,0.8182,-0.10965213263718021,3.911009942906904,2.7642349148773544,0.9722988505747125
snap_odd,cont,uaZ_spread,0.21621598598722772,0.3146,-0.02525399652590732,3.759336742839383,2.6445958080207723,0.9026984126984128
snap_odd,cont,uaZ_entropy,0.2550466120420768,0.23660000000000003,-0.026341408693225432,3.76132984169892,2.6170551683525676,0.9026984126984128
snap_odd,cont,uaZ_bp_lf,-0.15797004690495414,0.474,-0.04993883406608979,3.804323969617107,2.6837965556369645,0.9026984126984128
snap_odd,cont,uaZ_bp_mf,0.1478211332769822,0.5018,-0.1100402567222678,3.911693861947879,2.74055767011091,0.9026984126984128
snap_odd,cont,uaZ_bp_hf,0.2241586140439014,0.29579999999999995,-0.05445510204791604,3.812497260002958,2.6320408707205956,0.9026984126984128
snap_odd,cont,uaMag_mean,-0.10899050722213316,0.6192,-0.0647437935461097,3.831052050776947,2.730927000785938,0.9026984126984128
snap_odd,cont,uaMag_std,-0.3075562086389749,0.14939999999999998,-0.010879771125716475,3.7328904684733946,2.803383475973647,0.9026984126984128
snap_odd,cont,uaMag_var,-0.3075562086389749,0.14939999999999998,-0.012979512142777816,3.7367653294908107,2.7967727278823395,0.9026984126984128
snap_odd,cont,uaMag_rms,-0.2360725561289119,0.27359999999999995,-0.04430141831229695,3.79409698263941,2.809305057278506,0.9026984126984128
snap_odd,cont,uaMag_min,0.2215110713583435,0.3022,-0.032614421456131026,3.772806981089275,2.736001262362672,0.9026984126984128
snap_odd,cont,uaMag_max,-0.0692773669387648,0.7548,-0.016894287353932835,3.7439789453043892,2.7230705498130674,0.9642660550458715
snap_odd,cont,uaMag_range,-0.0692773669387648,0.7548,-0.016893217358715074,3.7439769755614813,2.723086667753535,0.9642660550458715
snap_odd,cont,uaMag_median,0.0419194258546666,0.856,-0.06673842183993006,3.8346388053626557,2.7297524345703956,0.9722988505747125
snap_odd,cont,uaMag_iqr,-0.3331491212660346,0.119,-0.03436034205653393,3.775995121477518,2.7774184800341484,0.9026984126984128
snap_odd,cont,uaMag_mad,-0.12002193507862437,0.5864,-0.03577093620936633,3.7785689739884947,2.745066813143777,0.9026984126984128
snap_odd,cont,uaMag_skew,0.034859312026512226,0.8824,-0.04662749983390668,3.7983201263465856,2.712375706823707,0.9722988505747125
snap_odd,cont,uaMag_kurt,0.004412571142596484,0.9874,-0.04188144876481048,3.7896983845331875,2.7112200388170122,0.9910036496350366
snap_odd,cont,uaMag_zcr,0.2241586140439014,0.29579999999999995,-0.02540229056368437,3.7596086106250204,2.714261038077467,0.9026984126984128
snap_odd,cont,uaMag_madiff,-0.1319358771636349,0.5489999999999999,-0.04282976854402154,3.7914226826922977,2.7614137460429475,0.9026984126984128
snap_odd,cont,uaMag_domfreq,0.04986205391134027,0.8280000000000001,-0.139241369632916,3.9628110708078483,2.844792020241144,0.9722988505747125
snap_odd,cont,uaMag_centroid,0.24225015572854697,0.25980000000000003,0.021332200246032773,3.6729341623137945,2.703411885070258,0.9026984126984128
snap_odd,cont,uaMag_spread,0.2907884382971083,0.17500000000000004,-0.023382420088642553,3.755903886207916,2.70272143146835,0.9026984126984128
snap_odd,cont,uaMag_entropy,0.24533895552836452,0.2548,0.02893988693073346,3.6586305102834733,2.569550121071593,0.9026984126984128
snap_odd,cont,uaMag_bp_lf,0.289905924068589,0.17659999999999998,-0.04175305681258412,3.789464873433892,2.6410658036883117,0.9026984126984128
snap_odd,cont,uaMag_bp_mf,0.14693861904846292,0.5048,-0.032714900174534156,3.772990533430322,2.739801455829255,0.9026984126984128
snap_odd,cont,uaMag_bp_hf,0.2726968966124627,0.20299999999999996,-0.07226349929223241,3.8445565664341848,2.7728916065582587,0.9026984126984128
snap_odd,cont,gyX_mean,-0.20121324410239969,0.35240000000000005,-0.029474244700967267,3.7670660669866733,2.711272797691651,0.9026984126984128
snap_odd,cont,gyX_std,0.1239932491069612,0.5724,-0.08634569407909654,3.869719782263508,2.812040246873662,0.9026984126984128
snap_odd,cont,gyX_var,0.1239932491069612,0.5724,-0.08537976944545989,3.867999018361062,2.8306679498233467,0.9026984126984128
snap_odd,cont,gyX_rms,0.1239932491069612,0.5724,-0.08632867339301087,3.869689467077465,2.8120179958666576,0.9026984126984128
snap_odd,cont,gyX_min,-0.12708204890677874,0.5644,-0.04138495892273286,3.7887953206757694,2.6729297371509713,0.9026984126984128
snap_odd,cont,gyX_max,-0.169442731875705,0.43879999999999997,-0.12161966941631652,3.9320433966243558,2.7355081350878643,0.9026984126984128
snap_odd,cont,gyX_range,0.03706559759781047,0.8728,-0.07129497808285334,3.8428198777482336,2.7506848497127954,0.9722988505747125
snap_odd,cont,gyX_median,-0.1968006729598032,0.36360000000000003,-0.10893235615819474,3.909741297748792,2.799385820281548,0.9026984126984128
snap_odd,cont,gyX_iqr,0.14561484770568398,0.5084,-0.059868617881448705,3.8222713092375646,2.7072374576365092,0.9026984126984128
snap_odd,cont,gyX_mad,0.14561484770568398,0.5084,-0.06069496702282451,3.8237610765290886,2.7081781322109406,0.9026984126984128
snap_odd,cont,gyX_skew,-0.13678970542049101,0.534,0.0032013055185194927,3.7068005964613464,2.670120594031109,0.9026984126984128
snap_odd,cont,gyX_kurt,-0.09001645130896828,0.6848000000000001,-0.08906967052318882,3.874568342920341,2.7599680638090844,0.9358088235294116
snap_odd,cont,gyX_zcr,0.11516810682176824,0.6018,-0.08642217457128476,3.86985599712881,2.7552003840249437,0.9026984126984128
snap_odd,cont,gyX_madiff,0.12266947776418226,0.5771999999999999,-0.10141509838700258,3.8964670385723235,2.789554666634791,0.9026984126984128
snap_odd,cont,gyX_domfreq,-0.16017633247625238,0.46799999999999997,-0.014197207242682808,3.739010623766435,2.6718272625599515,0.9026984126984128
snap_odd,cont,gyX_centroid,-0.1403197623345682,0.5224,-0.021488401536554624,3.7524266689024923,2.748232799523615,0.9026984126984128
snap_odd,cont,gyX_spread,-0.14693861904846292,0.5048,-0.0390037352817767,3.784461125040992,2.742841810184528,0.9026984126984128
snap_odd,cont,gyX_entropy,-0.09884159359416124,0.654,-0.04240998830781284,3.7906595070731957,2.7514645237184303,0.9223076923076923
snap_odd,cont,gyX_bp_lf,0.10987302145065246,0.6174,-0.05362799786395955,3.811001724046852,2.782708161347319,0.9026984126984128
snap_odd,cont,gyX_bp_mf,-0.033976797797992925,0.886,-0.056787044826546396,3.816710628349756,2.777896438918086,0.9722988505747125
snap_odd,cont,gyX_bp_hf,-0.23430752767187332,0.276,-0.026763562425365928,3.762103315404363,2.728827885934597,0.9026984126984128
snap_odd,cont,gyY_mean,0.21268592907315054,0.3236,-0.02034371091848075,3.750323575206245,2.6483881434717644,0.9026984126984128
snap_odd,cont,gyY_std,-0.28549335292599254,0.18300000000000005,-0.021347564110727246,3.752167977600077,2.7236002952842924,0.9026984126984128
snap_odd,cont,gyY_var,-0.28549335292599254,0.18300000000000005,-0.03969382851982739,3.785717712209163,2.7735776032948345,0.9026984126984128
snap_odd,cont,gyY_rms,-0.28549335292599254,0.18300000000000005,-0.021375844910198394,3.7522199254282835,2.723640245774702,0.9026984126984128
snap_odd,cont,gyY_min,-0.07324868096710163,0.7396,-0.0176991832487976,3.745460376186692,2.687447385897073,0.9593867924528302
snap_odd,cont,gyY_max,-0.21798101444426632,0.31000000000000005,-0.018239434264559318,3.746454393049606,2.877020090771861,0.9026984126984128
snap_odd,cont,gyY_range,-0.004853828256856133,0.9854,-0.03028975717441007,3.768557838744393,2.724195591887463,0.9910036496350366
snap_odd,cont,gyY_median,0.39536637437664496,0.05740000000000001,-0.09388423309720606,3.8831232503245876,2.866054177272501,0.9026984126984128
snap_odd,cont,gyY_iqr,0.16326513227606992,0.45999999999999996,-0.05744581842333951,3.8179000621520105,2.7545742692465987,0.9026984126984128
snap_odd,cont,gyY_mad,0.1539987328766173,0.4848,-0.05833124778853338,3.8194981456767265,2.755779486921254,0.9026984126984128
snap_odd,cont,gyY_skew,-0.05868719619653324,0.794,-0.07777182828590812,3.8544188599994125,2.7744633161512664,0.9722988505747125
snap_odd,cont,gyY_kurt,-0.15267496153383836,0.48719999999999997,-0.040832093636396616,3.7877894623325705,2.7412337529501762,0.9026984126984128
snap_odd,cont,gyY_zcr,-0.14870364750550152,0.49860000000000004,-0.022685272496278053,3.7546243716387533,2.7091422848770885,0.9026984126984128
snap_odd,cont,gyY_madiff,-0.20474330101647686,0.3416,-0.021931470602731595,3.7532403854022713,2.731892827963975,0.9026984126984128
snap_odd,cont,gyY_domfreq,0.10678422165083491,0.6268,-0.24411353118644574,4.141193281498564,2.858329593987673,0.9072105263157895
snap_odd,cont,gyY_centroid,-0.26210672587023115,0.2268,-0.011514538547004571,3.7340622920002677,2.776139281647947,0.9026984126984128
snap_odd,cont,gyY_spread,-0.1897405591316488,0.3812,-0.029261509831889576,3.766676825723268,2.7722892673175985,0.9026984126984128
snap_odd,cont,gyY_entropy,-0.21665724310148737,0.3134,-0.03302025742119441,3.773548298621974,2.78938403263615,0.9026984126984128
snap_odd,cont,gyY_bp_lf,0.023386627055761364,0.9228,-0.07462919919390765,3.84879528951214,2.7684582764819474,0.9722988505747125
snap_odd,cont,gyY_bp_mf,-0.24136764150002768,0.262,-0.013259774982564698,3.73728222248932,2.786761669988804,0.9026984126984128
snap_odd,cont,gyY_bp_hf,-0.15443998999087694,0.4838,-0.03327119391910327,3.7740065972320505,2.767038460386411,0.9026984126984128
snap_odd,cont,gyZ_mean,-0.22459987115816105,0.29479999999999995,-0.012419537609021924,3.7357323457728184,2.669615389264726,0.9026984126984128
snap_odd,cont,gyZ_std,-0.08692765150915074,0.6941999999999999,-0.11427361459437435,3.9191457726381502,2.8300904606358546,0.9358088235294116
snap_odd,cont,gyZ_var,-0.08692765150915074,0.6941999999999999,-0.08789574080519325,3.8724795429895225,2.8220503268928057,0.9358088235294116
snap_odd,cont,gyZ_rms,-0.08692765150915074,0.6941999999999999,-0.11413623071792811,3.91890416051126,2.829848839913746,0.9358088235294116
snap_odd,cont,gyZ_min,0.03883062605484906,0.8658,-0.052433140959848856,3.808840195758115,2.8635331074774086,0.9722988505747125
snap_odd,cont,gyZ_max,-0.11516810682176824,0.6018,-0.07576184142113118,3.8508230401151198,2.866403434359473,0.9026984126984128
snap_odd,cont,gyZ_range,-0.07898502345247707,0.719,-0.07079802592845663,3.8419284710044224,2.891574060786651,0.9433809523809523
snap_odd,cont,gyZ_median,-0.11605062105028753,0.5992,-0.00584532373349389,3.7235834775522196,2.655366636885663,0.9026984126984128
snap_odd,cont,gyZ_iqr,0.15841130401921377,0.47219999999999995,-0.08214682954761021,3.862234061922703,2.75530651559149,0.9026984126984128
snap_odd,cont,gyZ_mad,0.15841130401921377,0.47219999999999995,-0.08246456816394732,3.8628010325064013,2.7548744957110265,0.9026984126984128
snap_odd,cont,gyZ_skew,-0.17164901744700323,0.43200000000000005,-0.04416609194758103,3.793851144619008,2.7057604073436834,0.9026984126984128
snap_odd,cont,gyZ_kurt,-0.16194136093329098,0.4628,-0.0447828816727609,3.794971494611089,2.809531208494612,0.9026984126984128
snap_odd,cont,gyZ_zcr,-0.1712077603327436,0.43420000000000003,-0.053488853893969734,3.810750071936661,2.7685397660864193,0.9026984126984128
snap_odd,cont,gyZ_madiff,-0.16061758959051203,0.4666,-0.029153811616211778,3.766479754822598,2.811458671860631,0.9026984126984128
snap_odd,cont,gyZ_domfreq,-0.4412571142596484,0.032200000000000006,0.04983744886886465,3.619048878917345,2.640185718314276,0.9026984126984128
snap_odd,cont,gyZ_centroid,-0.4063978022331362,0.04920000000000002,0.0688852518288735,3.5825898964428293,2.712695588589092,0.9026984126984128
snap_odd,cont,gyZ_spread,-0.32344146475232227,0.13360000000000005,0.029174194639104645,3.6581890870200424,2.745258085614699,0.9026984126984128
snap_odd,cont,gyZ_entropy,-0.39580763149090464,0.05720000000000003,0.020505477512052783,3.674485177468659,2.7104653133692165,0.9026984126984128
snap_odd,cont,gyZ_bp_lf,0.060452224653571834,0.7886,-0.08332141972380014,3.864329577850398,2.7660966065370416,0.9722988505747125
snap_odd,cont,gyZ_bp_mf,-0.3662434048355082,0.0826,0.02749489870846966,3.6613516151226357,2.7235102762912473,0.9026984126984128
snap_odd,cont,gyZ_bp_hf,-0.31461632246712934,0.1432,0.04441820875389402,3.6293548046774853,2.732188980131498,0.9026984126984128
snap_odd,cont,gyMag_mean,0.06398228156764903,0.7744,-0.08334963526298123,3.864379901526583,2.746217899140108,0.9722988505747125
snap_odd,cont,gyMag_std,-0.0666298242532069,0.7644,-0.017505846828018257,3.7451045891770587,2.8052727925029877,0.9642660550458715
snap_odd,cont,gyMag_var,-0.0666298242532069,0.7644,-0.011774758461128298,3.7345425692711784,2.786339793401646,0.9642660550458715
snap_odd,cont,gyMag_rms,0.032653026455213986,0.891,-0.05789936628975867,3.818718739933107,2.7948052940485746,0.9722988505747125
snap_odd,cont,gyMag_min,0.015443998999087695,0.9514,-0.19705093505112492,4.062111210046338,2.9262771022798013,0.990410447761194
snap_odd,cont,gyMag_max,-0.16105884670477166,0.46599999999999997,-0.046161805801306244,3.7974750062715787,2.7554123413516276,0.9026984126984128
snap_odd,cont,gyMag_range,-0.16105884670477166,0.46599999999999997,-0.04615695655477059,3.797466205092948,2.755440357578314,0.9026984126984128
snap_odd,cont,gyMag_median,0.2087146150448137,0.33320000000000005,-0.07007577663434672,3.840632569200336,2.730354540502715,0.9026984126984128
snap_odd,cont,gyMag_iqr,-0.209597129273333,0.3318,-0.030468873840784116,3.7688854078467475,2.8267958015328056,0.9026984126984128
snap_odd,cont,gyMag_mad,-0.19900695853110142,0.35660000000000003,-0.030003333397026877,3.768033966894831,2.7760261046012054,0.9026984126984128
snap_odd,cont,gyMag_skew,0.011031427856491211,0.9652000000000001,-0.05980387593860503,3.8221545659707057,2.742679312296455,0.990410447761194
snap_odd,cont,gyMag_kurt,0.05162708236837887,0.8212,-0.06981210915095071,3.840159372659775,2.7458060294631115,0.9722988505747125
snap_odd,cont,gyMag_zcr,0.34418054912252577,0.10540000000000005,-0.052726654863374245,3.8093712839454805,2.710189679578757,0.9026984126984128
snap_odd,cont,gyMag_madiff,0.10854925010787352,0.6204000000000001,-0.0842401518582756,3.865967841108969,2.7595845094242777,0.9026984126984128
snap_odd,cont,gyMag_domfreq,0.02471039839854031,0.9188000000000001,-0.13996947758248313,3.9640772174946166,2.861458773474562,0.9722988505747125
snap_odd,cont,gyMag_centroid,0.23827884170021013,0.26880000000000004,0.056008785945100836,3.6072768119314786,2.6039125853075604,0.9026984126984128
snap_odd,cont,gyMag_spread,0.2607829545274522,0.22860000000000003,-0.002684998104036218,3.717729200553437,2.710104121219888,0.9026984126984128
snap_odd,cont,gyMag_entropy,0.2532815835850382,0.23860000000000003,0.048858107765692105,3.6209134917177903,2.534494209767315,0.9026984126984128
snap_odd,cont,gyMag_bp_lf,0.26475426855578904,0.2208,0.01433237015351374,3.6860459183230434,2.593763778902581,0.9026984126984128
snap_odd,cont,gyMag_bp_mf,0.38786500343423097,0.06359999999999999,0.07775351013174348,3.5654881668434166,2.6556497055411765,0.9026984126984128
snap_odd,cont,gyMag_bp_hf,0.1787091312751576,0.41259999999999997,-0.04819970987744493,3.801171912722269,2.7172564837410818,0.9026984126984128
snap_odd,cont,pitch_mean,0.17915038838941727,0.41180000000000005,-0.026223019297015204,3.761112899067862,2.7162297999678073,0.9026984126984128
snap_odd,cont,pitch_std,0.19194684470294707,0.37460000000000004,-0.04330924041723039,3.792294191965692,2.710179695630876,0.9026984126984128
snap_odd,cont,pitch_var,0.19194684470294707,0.37460000000000004,-0.04215547433452671,3.790196716654718,2.712149075800273,0.9026984126984128
snap_odd,cont,pitch_rms,-0.1403197623345682,0.5224,-0.046651174329694234,3.798363084708247,2.7569133321978243,0.9026984126984128
snap_odd,cont,pitch_min,0.25019278378522064,0.24519999999999997,-0.027585333780835386,3.7636085160719417,2.814928189185567,0.9026984126984128
snap_odd,cont,pitch_max,-0.1138443354789893,0.6052,-0.046108993438652934,3.7973791529546066,2.8148521281185794,0.9026984126984128
snap_odd,cont,pitch_range,-0.09707656513712265,0.6602,-0.04604435980578225,3.797261840990562,2.8187910708312898,0.9263010204081633
snap_odd,cont,pitch_median,0.19459438738850496,0.3688,-0.017863678276132333,3.7457630612644706,2.7213213151330407,0.9026984126984128
snap_odd,cont,pitch_iqr,0.14076101944882785,0.5214,-0.03180309825625938,3.7713245461872122,2.68704858497012,0.9026984126984128
snap_odd,cont,pitch_mad,0.06089348176783148,0.7862,-0.047359662676742964,3.7996484416620167,2.7082576677861225,0.9722988505747125
snap_odd,cont,pitch_skew,-0.27755072486931887,0.19320000000000004,0.0026033966145462273,3.7079121533078263,2.8191969304589475,0.9026984126984128
snap_odd,cont,pitch_kurt,-0.33888546375141,0.11219999999999997,0.04285147784830923,3.632328853356031,2.6535812837216053,0.9026984126984128
snap_odd,cont,pitch_zcr,-0.005736342485375429,0.9824,-0.13025546548033606,3.947151554680831,2.788110201640194,0.9910036496350366
snap_odd,cont,pitch_madiff,0.10148913627971913,0.6462,-0.11886930720263611,3.9272194880859805,2.7625192190548185,0.9182731958762885
snap_odd,cont,pitch_domfreq,-0.3199114078382451,0.1362,0.027259328504478098,3.661795033424918,2.7746674479934086,0.9026984126984128
snap_odd,cont,pitch_centroid,-0.0428019400831859,0.8526,-0.1889914128445005,4.048413393731501,2.828436641902535,0.9722988505747125
snap_odd,cont,pitch_spread,-0.1332596485064138,0.5448,-0.1179382980529029,3.925585231893174,2.8233665796016787,0.9026984126984128
snap_odd,cont,pitch_entropy,-0.0410369116261473,0.8593999999999999,-0.17597506242075922,4.026192635286013,2.827989049629801,0.9722988505747125
snap_odd,cont,pitch_bp_lf,0.024269141284280663,0.9204,-0.1903840409403923,4.050783589284442,2.741557708721347,0.9722988505747125
snap_odd,cont,pitch_bp_mf,-0.2276886709579786,0.28859999999999997,0.006410648251296003,3.7008284856312432,2.7777705253600824,0.9026984126984128
snap_odd,cont,pitch_bp_hf,-0.14384981924864537,0.5124,-0.07971738651209948,3.8578962264230494,2.8186731756823047,0.9026984126984128
snap_odd,cont,roll_mean,0.5237721946262027,0.010199999999999987,0.10984306611479,3.502908422123324,2.7107126335671707,0.9026984126984128
snap_odd,cont,roll_std,-0.20033072987388037,0.353,0.003562693351753521,3.7061285881200283,2.7489124106776317,0.9026984126984128
snap_odd,cont,roll_var,-0.20033072987388037,0.353,-0.029894925259055016,3.767835668364238,2.761361055278553,0.9026984126984128
snap_odd,cont,roll_rms,0.18488673087479268,0.39580000000000004,-0.04041498404755317,3.7870304150118064,2.7261789526910856,0.9026984126984128
snap_odd,cont,roll_min,0.17032524610422428,0.43579999999999997,-0.08525100099693184,3.8677695636484235,2.7624585026738555,0.9026984126984128
snap_odd,cont,roll_max,-0.27666821064079955,0.1946,-0.511634738015236,4.564770269948393,3.1089454567259174,0.9026984126984128
snap_odd,cont,roll_range,-0.3079974657532346,0.14900000000000002,-0.09066978714285456,3.8774136547435667,2.8245996704548815,0.9026984126984128
snap_odd,cont,roll_median,0.5092107098556343,0.012199999999999989,0.08905122403795751,3.5435818801374674,2.7110356700091836,0.9026984126984128
snap_odd,cont,roll_iqr,-0.3278540358949188,0.127,0.006585625245533855,3.7005026023295744,2.7099280919873117,0.9026984126984128
snap_odd,cont,roll_mad,-0.31947015072398544,0.13660000000000005,0.08030227232759679,3.560557885756209,2.6503305796119596,0.9026984126984128
snap_odd,cont,roll_skew,-0.36315460503569064,0.08599999999999997,0.0682440966692669,3.5838231497642057,2.6751316807409666,0.9026984126984128
snap_odd,cont,roll_kurt,0.23827884170021013,0.26880000000000004,0.0563204576807248,3.60668126664298,2.711965497546886,0.9026984126984128
snap_odd,cont,roll_zcr,0.3132925511243504,0.14439999999999997,0.032137051300568875,3.6526026202617508,2.867774057030719,0.9026984126984128
snap_odd,cont,roll_madiff,0.03838936894058941,0.8682,-0.04039042191608333,3.786985712614515,2.723442040241043,0.9722988505747125
snap_odd,cont,roll_domfreq,-0.062217253110610424,0.7807999999999999,-0.17880546741132552,4.031034960323286,2.877275176520829,0.9722988505747125
snap_odd,cont,roll_centroid,0.2360725561289119,0.27359999999999995,-0.0086573257905882,3.728784782472441,2.832348652472627,0.9026984126984128
snap_odd,cont,roll_spread,0.2907884382971083,0.17500000000000004,-0.018191794235399072,3.7463667499677284,2.7755418401692515,0.9026984126984128
snap_odd,cont,roll_entropy,0.22283484270112244,0.29979999999999996,-0.01859838335103925,3.7471146836658207,2.847909053213021,0.9026984126984128
snap_odd,cont,roll_bp_lf,0.23563129901465227,0.27459999999999996,-0.003413367575495707,3.7190792700530855,2.8633206182535065,0.9026984126984128
snap_odd,cont,roll_bp_mf,0.2779919819835785,0.19220000000000004,-0.020404833301065572,3.750435902688209,2.817132020297638,0.9026984126984128
snap_odd,cont,roll_bp_hf,0.25284032647077853,0.239,-0.017071583288837067,3.744305313209605,2.8268633102192946,0.9026984126984128
snap_odd,cont,yaw_mean,0.0419194258546666,0.856,-0.15823089072008556,3.9957017679495084,2.9158188142968497,0.9722988505747125
snap_odd,cont,yaw_std,-0.4412571142596484,0.032200000000000006,0.08822134483420352,3.5451956237051787,2.7253887404248744,0.9026984126984128
snap_odd,cont,yaw_var,-0.4412571142596484,0.032200000000000006,0.09964940430568625,3.5229081644793503,2.703132241902665,0.9026984126984128
snap_odd,cont,yaw_rms,-0.4046327737760976,0.05020000000000002,0.050636818009955675,3.617526210661516,2.657840753670578,0.9026984126984128
snap_odd,cont,yaw_min,0.3512406629506801,0.09760000000000002,-0.5578364382556509,4.634004198390397,3.1563069911759896,0.9026984126984128
snap_odd,cont,yaw_max,-0.23121872787205577,0.28200000000000003,-0.09758273669403894,3.889682274498289,2.7673623472051823,0.9026984126984128
snap_odd,cont,yaw_range,-0.30932123709601356,0.14780000000000004,-0.09289881585433957,3.8813738153079886,2.8551834821912454,0.9026984126984128
snap_odd,cont,yaw_median,-0.032211769340954335,0.8918,-0.15767794497561516,3.9947478691780796,2.9418175974355942,0.9722988505747125
snap_odd,cont,yaw_iqr,-0.42669562948908,0.038799999999999946,0.06213829774754365,3.595546376873931,2.792543825347222,0.9026984126984128
snap_odd,cont,yaw_mad,-0.48185276877153604,0.01880000000000004,0.11852215560656942,3.485789797576208,2.789631638251264,0.9026984126984128
snap_odd,cont,yaw_skew,0.03838936894058941,0.8682,-0.13292025204246527,3.951801885654982,2.9571302474804058,0.9722988505747125
snap_odd,cont,yaw_kurt,0.4165467158611081,0.043200000000000016,0.08927172032863318,3.54315298996927,2.7716528520378696,0.9026984126984128
snap_odd,cont,yaw_zcr,0.11340307836472964,0.6066,-0.05416272092412466,3.8119686554594745,2.7151496582557813,0.9026984126984128
snap_odd,cont,yaw_madiff,-0.13678970542049101,0.534,-0.015135857215952564,3.7407404700550413,2.7369042129294865,0.9026984126984128
snap_odd,cont,yaw_domfreq,0.1667951891901471,0.4468,-0.2339798932281998,4.124293233012357,2.9214532546017176,0.9026984126984128
snap_odd,cont,yaw_centroid,0.10899050722213316,0.6192,-0.08433131018044682,3.8661303547985226,2.7562884496223785,0.9026984126984128
snap_odd,cont,yaw_spread,0.07545496653839988,0.7302,-0.06968635690355529,3.8399336681369056,2.7409287331669123,0.9516824644549762
snap_odd,cont,yaw_entropy,0.24136764150002768,0.262,-0.09856202559382932,3.8914171202095185,2.8203969841917202,0.9026984126984128
snap_odd,cont,yaw_bp_lf,0.08163256613803496,0.7116,-0.08412085601696284,3.865755154569017,2.7799073238734593,0.9408173076923076
snap_odd,cont,yaw_bp_mf,0.048538282568561325,0.832,-0.08276378262983242,3.8633348726527323,2.7454404277547546,0.9722988505747125
snap_odd,cont,yaw_bp_hf,0.07854376633821741,0.7203999999999999,-0.06798918446268676,3.836886225024705,2.7313123521333096,0.9433809523809523
snap_odd,cont,jerk_mean,-0.13149462004937523,0.5506,-0.0952715180122965,3.8855847957305247,2.7489553893532843,0.9026984126984128
snap_odd,cont,jerk_std,-0.12355199199270156,0.5738,-0.04369395927574926,3.792993329173984,2.8338133814056152,0.9026984126984128
snap_odd,cont,jerk_var,-0.12355199199270156,0.5738,-0.04923163206482539,3.8030425241489567,2.856115979756421,0.9026984126984128
snap_odd,cont,jerk_rms,-0.12355199199270156,0.5738,-0.043693951617439275,3.792993315258066,2.8338133139287365,0.9026984126984128
snap_odd,cont,jerk_min,0.0948702795658244,0.6678,-0.01637923398365304,3.743030669148566,2.7454919915236466,0.9322081218274111
snap_odd,cont,jerk_max,-0.044125711425964845,0.8473999999999999,-0.025788793733544146,3.760317095361163,2.6845086599053314,0.9722988505747125
snap_odd,cont,jerk_range,-0.04765576834004203,0.8344,-0.018088688234889183,3.7461770594430246,2.716568498416976,0.9722988505747125
snap_odd,cont,jerk_median,0.0,0.9992,,,,0.9991999999999999
snap_odd,cont,jerk_iqr,0.2541640978135575,0.23819999999999997,-0.030472510872079805,3.7688920589656854,2.841019997954426,0.9026984126984128
snap_odd,cont,jerk_mad,0.2541640978135575,0.23819999999999997,-0.031615939638988566,3.7709824906635823,2.8441114797506994,0.9026984126984128
snap_odd,cont,jerk_skew,0.27931575332635744,0.19120000000000004,-0.021957040359805058,3.7532873400403015,2.770135357134086,0.9026984126984128
snap_odd,cont,jerk_kurt,0.05162708236837887,0.8212,-0.046662905615079575,3.7983843714356573,2.7285534212887304,0.9722988505747125
snap_odd,cont,jerk_zcr,-0.10899050722213316,0.6192,-0.03181103153681719,3.771339044553345,2.6680168156221016,0.9026984126984128
snap_odd,cont,jerk_madiff,-0.1319358771636349,0.5489999999999999,-0.041218099929819285,3.788491773033763,2.7616588966038917,0.9026984126984128
snap_odd,cont,jerk_domfreq,0.20915587215907336,0.33199999999999996,0.020420152343438303,3.6746452188126955,2.6243974547286,0.9026984126984128
snap_odd,cont,jerk_centroid,0.16194136093329098,0.4628,-0.11623057853424368,3.922585799541793,2.6942120201125346,0.9026984126984128
snap_odd,cont,jerk_spread,0.08913393708044898,0.6876,-0.17619200677984437,4.026563994989288,2.8156823941537366,0.9358088235294116
snap_odd,cont,jerk_entropy,0.22371735692964176,0.2972,-0.06720851470699252,3.8354836412471944,2.7267864791019,0.9026984126984128
snap_odd,cont,jerk_bp_lf,0.2559291262705961,0.23540000000000005,-0.08720489743343296,3.8712497828307697,2.670977637041048,0.9026984126984128
snap_odd,cont,jerk_bp_mf,-0.2696080968126452,0.2098,-0.014320855510983499,3.7392385420130374,2.615867170233703,0.9026984126984128
snap_odd,cont,jerk_bp_hf,0.2206285571298242,0.3036,-0.06887876874939769,3.838483864437062,2.672450321851008,0.9026984126984128
snap_odd,cont,actfrac_p50,-0.2926326055009756,0.17300000000000004,0.030547492421478473,3.6556007952742067,2.736325122181782,0.9026984126984128
snap_odd,cont,switchmin_p50,0.23916135592872945,0.26659999999999995,-0.02008515205518191,3.74984837218,2.831239598133052,0.9026984126984128
snap_odd,cont,actbout_med_p50,-0.1781247079722812,0.4142,-0.07798860140520314,3.8548064617017035,2.6364298799564914,0.9026984126984128
snap_odd,cont,actbout_cv_p50,-0.15841130401921377,0.47219999999999995,-0.12690896587298517,3.9413037912529423,2.7407606657154218,0.9026984126984128
snap_odd,cont,actshort_p50,0.11958067796436472,0.5878,-0.06026739745892096,3.822990313632693,2.8303154605351524,0.9026984126984128
snap_odd,cont,actfrac_p75,0.25980985868158685,0.2308,-0.1715721957553198,4.018648507277426,2.9427179793872695,0.9026984126984128
snap_odd,cont,switchmin_p75,0.2576941547276347,0.23240000000000005,-0.01728288067285222,3.744694234129126,2.7038297204926813,0.9026984126984128
snap_odd,cont,actbout_med_p75,-0.08260491717091495,0.7088,-0.028517764651003752,3.7653156779608485,2.7248060597160007,0.9408173076923076
snap_odd,cont,actbout_cv_p75,-0.06883610982450515,0.7562,-0.0785497858242501,3.855809707865669,2.760431059825636,0.9642660550458715
snap_odd,cont,actshort_p75,0.2131271861874102,0.32320000000000004,-0.033294426999839644,3.7740490262224324,2.7121473656791557,0.9026984126984128
snap_odd,cont,actfrac_p90,0.3143801627952467,0.14339999999999997,-0.030942903052816106,3.769752176563515,2.6671523210953723,0.9026984126984128
snap_odd,cont,switchmin_p90,0.04500822565448414,0.8454,-0.06332368029004498,3.828496345293579,2.707545222647545,0.9722988505747125
snap_odd,cont,actbout_med_p90,-0.013034096968797723,0.9598,-0.07509402802276322,3.8496275940826865,2.716184287974439,0.990410447761194
snap_odd,cont,actbout_cv_p90,0.004853828256856133,0.9854,-0.13540865704194305,3.9561394767916838,2.8262908561045044,0.9910036496350366
snap_odd,cont,actshort_p90,-0.0675123384817262,0.7614,-0.02769808064190049,3.763814982334949,2.6201246149807065,0.9642660550458715
snap_odd,cont,switch_per_min,0.1664263070769517,0.4478,-0.057032038788663364,3.817153014957251,2.781567920754006,0.9026984126984128
snap_odd,cont,act_bout_median,-0.35037376295120715,0.09940000000000004,-0.09967674488859757,3.8933909449893243,2.8181838422156313,0.9026984126984128
snap_odd,cont,stl_bout_median,0.10357268967508548,0.64,0.02736674316443355,3.6615928514154557,2.653987937114641,0.9166666666666666
snap_odd,cont,act_bout_cv,0.23827884170021013,0.26880000000000004,-0.003244833930031943,3.718766928037033,2.6743784042617933,0.9026984126984128
snap_odd,cont,stl_bout_cv,-0.2691668396983855,0.2108,0.0282731148616846,3.659886382079735,2.78196631544129,0.9026984126984128
snap_odd,cont,frac_act_short,0.17782661704663832,0.4142,-0.018387478553339553,3.746726736173784,2.727799429460402,0.9026984126984128
snap_odd,cont,within_win_sd,-0.14914490461976115,0.49760000000000004,-0.04646683524582751,3.7980285809018106,2.7741142529004903,0.9026984126984128
snap_odd,cont,mag_median,0.0419194258546666,0.856,-0.06675609751515621,3.8346705748892678,2.729746650362245,0.9722988505747125
snap_total,cont,uaX_mean,0.03572993229093912,0.8666,-0.08446419151827289,12.041272665210476,9.864832445489624,0.9792244897959185
snap_total,cont,uaX_std,-0.2823536112747384,0.17679999999999996,-0.0018126052630091927,11.573321787108979,9.380632204306236,0.9062612612612613
snap_total,cont,uaX_var,-0.2823536112747384,0.17679999999999996,0.008360431558179005,11.51441044666146,9.401044297753183,0.9062612612612613
snap_total,cont,uaX_rms,-0.28627518920910977,0.17100000000000004,-0.008839968053483416,11.613842241385315,9.421947083360484,0.9062612612612613
snap_total,cont,uaX_min,0.30457588623617615,0.14439999999999997,0.06685159101526805,11.169664860037816,8.993271102329656,0.9062612612612613
snap_total,cont,uaX_max,0.06405243959473232,0.7652,-0.14169027684982471,12.354891442397093,10.335415141477156,0.9418444444444444
snap_total,cont,uaX_range,-0.15947750266443558,0.4508,-0.021190953030265636,11.684718708417517,9.444316316911253,0.9301047120418848
snap_total,cont,uaX_median,0.04749466609405322,0.825,-0.09036858967851402,12.074007705958252,9.974022237569766,0.9613347457627118
snap_total,cont,uaX_iqr,0.09760371747768735,0.6448,-0.05623768549955144,11.88353396724696,9.913117323059419,0.9301047120418848
snap_total,cont,uaX_mad,0.13594803505820738,0.5194,-0.051537419187831945,11.857063574527752,9.893414391758613,0.9301047120418848
snap_total,cont,uaX_skew,0.2910682289066748,0.16359999999999997,-0.11817257145109328,12.226979949222113,9.716973396675826,0.9062612612612613
snap_total,cont,uaX_kurt,-0.026143852895809113,0.899,-0.059581590438644305,11.902329929249758,10.015688557387078,0.9797276264591439
snap_total,cont,uaX_zcr,0.07799582780583052,0.7118,-0.12800587854643108,12.280624831855322,10.122882145442327,0.9418444444444444
snap_total,cont,uaX_madiff,-0.1481484997429183,0.482,-0.02595391202693831,11.711936484270504,9.692770057498679,0.9301047120418848
snap_total,cont,uaX_domfreq,-0.1625276188356133,0.44179999999999997,-0.14651474077861204,12.380968081887012,10.35086659780847,0.9301047120418848
snap_total,cont,uaX_centroid,0.06318097783153868,0.7686,-0.09077345798011538,12.076249117414704,10.302619778278654,0.9418444444444444
snap_total,cont,uaX_spread,0.13376938065022329,0.5258,-0.03022179811897252,11.736271561349465,9.964741760512155,0.9301047120418848
snap_total,cont,uaX_entropy,0.21263667021924745,0.31299999999999994,0.02309423545234024,11.428549632792063,9.494587291776488,0.9062612612612613
snap_total,cont,uaX_bp_lf,-0.016993504382275922,0.9352,-0.12231464622633892,12.249605370261003,10.283440802398728,0.9812167300380228
snap_total,cont,uaX_bp_mf,0.01742923526387274,0.9336,-0.07959674109064996,12.014219576657513,10.163112880687846,0.9812167300380228
snap_total,cont,uaX_bp_hf,0.12549049389988373,0.5512,-0.06353462606974425,11.924511577703948,10.157091128808146,0.9301047120418848
snap_total,cont,uaY_mean,-0.28104641862994795,0.1784,-0.0956967781115734,12.103472140480282,9.76178026073447,0.9062612612612613
snap_total,cont,uaY_std,-0.08801763808255735,0.6764,-0.07382603247138086,11.982067082367632,9.79545017107552,0.9394444444444444
snap_total,cont,uaY_var,-0.08801763808255735,0.6764,-0.06863526867337733,11.953071964574097,9.779471501318481,0.9394444444444444
snap_total,cont,uaY_rms,-0.112854298333576,0.5938,-0.07645063119126405,11.996701168520291,9.770242855745055,0.9301047120418848
snap_total,cont,uaY_min,0.10718979687281736,0.6144000000000001,-0.03524226682754383,11.764833359675329,9.77603338769511,0.9301047120418848
snap_total,cont,uaY_max,-0.11372576009676964,0.5908,-0.01676349701326174,11.659361171874451,9.856383145979448,0.9301047120418848
snap_total,cont,uaY_range,-0.18257123938906697,0.387,-0.025890749634495114,11.711575958663154,9.956589621709009,0.9185470085470087
snap_total,cont,uaY_median,0.14901996150611194,0.4796,-0.06343650980190252,11.923961517777032,10.136723176858352,0.9301047120418848
snap_total,cont,uaY_iqr,0.11459722185996328,0.5880000000000001,-0.055524971206408535,11.87952398263099,9.772529370776317,0.9301047120418848
snap_total,cont,uaY_mad,0.14858423062451512,0.48040000000000005,-0.04802562312242853,11.8372476305945,9.669671196583534,0.9301047120418848
snap_total,cont,uaY_skew,-0.26710303041884975,0.20040000000000002,-0.05942704992649972,11.901461917171435,9.767776391591122,0.9062612612612613
snap_total,cont,uaY_kurt,-0.1620918879540165,0.44299999999999995,0.0014558601865468646,11.554427082765196,9.53555453081656,0.9301047120418848
snap_total,cont,uaY_zcr,0.16122042619082286,0.4456,-0.05491638849970215,11.876098807737757,9.672227606035058,0.9301047120418848
snap_total,cont,uaY_madiff,0.06056659254195778,0.7774,-0.10408931571862867,12.149737255347233,10.186361942449764,0.9459513274336283
snap_total,cont,uaY_domfreq,0.15381300120367694,0.46540000000000004,-0.08551702354956081,12.047116270853326,10.317508301889086,0.9301047120418848
snap_total,cont,uaY_centroid,0.1250547630182869,0.5528,-0.06907495632426275,11.95553074438188,10.094905903187875,0.9301047120418848
snap_total,cont,uaY_spread,0.0034858470527745484,0.9848,-0.07637246474754389,11.996265590490212,10.05441467004123,0.992014652014652
snap_total,cont,uaY_entropy,0.030936892593374118,0.8826,-0.1320620998076243,12.302685102980105,10.238808960136184,0.9797276264591439
snap_total,cont,uaY_bp_lf,0.23616613782547566,0.259,-0.02588801389078843,11.711560343018117,9.550305264681308,0.9062612612612613
snap_total,cont,uaY_bp_mf,0.07145986458187824,0.737,-0.07264850679488855,11.975495691251986,10.084049863890185,0.9418444444444444
snap_total,cont,uaY_bp_hf,0.02047935143505047,0.9224,-0.07349361118304709,11.980212311500429,10.105518732836813,0.9812167300380228
snap_total,cont,uaZ_mean,-0.16819212029637196,0.4284,-0.03887794324006899,11.785473764574077,9.838733786660194,0.9301047120418848
snap_total,cont,uaZ_std,-0.2466236789837993,0.239,-0.03690229166783965,11.774262115337168,9.600688757008028,0.9062612612612613
snap_total,cont,uaZ_var,-0.2466236789837993,0.239,-0.0264157347574292,11.714572192306038,9.594107326447542,0.9062612612612613
snap_total,cont,uaZ_rms,-0.24488075545741203,0.242,-0.03691305473309603,11.774323223709509,9.606968759492807,0.9062612612612613
snap_total,cont,uaZ_min,-0.0540306293180055,0.7988,-0.10398279954590528,12.14915117290445,10.22496161970301,0.9482758620689655
snap_total,cont,uaZ_max,-0.12418330125509329,0.5558000000000001,-0.018516972892707484,11.669410510685006,9.740509864001865,0.9301047120418848
snap_total,cont,uaZ_range,-0.006535963223952278,0.9734,-0.06318468026411228,11.922549593565943,9.868560646276267,0.992014652014652
snap_total,cont,uaZ_median,0.24967379515497704,0.23340000000000005,0.0027877436457685034,11.546718717789973,9.382897687167516,0.9062612612612613
snap_total,cont,uaZ_iqr,0.11546868362315692,0.5846,-0.06844208357043358,11.951991493118644,9.940521039317801,0.9301047120418848
snap_total,cont,uaZ_mad,0.11416149097836646,0.5888,-0.05402749396865936,11.871094229111685,9.798306879436558,0.9301047120418848
snap_total,cont,uaZ_skew,-0.28104641862994795,0.1784,0.004231314129315877,11.538358141120904,9.636530712685976,0.9062612612612613
snap_total,cont,uaZ_kurt,0.12374757037349647,0.5568,-0.13090145584277857,12.296376836418071,10.3190261399631,0.9301047120418848
snap_total,cont,uaZ_zcr,0.2819178803931416,0.17759999999999998,-0.02427985911490005,11.702377377550913,9.343684368809294,0.9062612612612613
snap_total,cont,uaZ_madiff,-0.14509838357174057,0.49119999999999997,-0.0840196626433436,12.038804514546397,9.89523586026754,0.9301047120418848
snap_total,cont,uaZ_domfreq,-0.12766914830786782,0.5452,-0.225816565339374,12.801991236358486,10.477078681886589,0.9301047120418848
snap_total,cont,uaZ_centroid,0.19302878054739062,0.35919999999999996,-0.03778535621816603,11.779274748058556,9.854651416769803,0.9062612612612613
snap_total,cont,uaZ_spread,0.23355175253589475,0.263,-0.0074402795659143095,11.605782784921148,9.485530202288244,0.9062612612612613
snap_total,cont,uaZ_entropy,0.33028400825038845,0.11019999999999996,0.0018353085512554657,11.552231523812376,9.28308884277401,0.9062612612612613
snap_total,cont,uaZ_bp_lf,-0.1363837659398042,0.5182,-0.05165956965279905,11.857752234647442,9.823304879971644,0.9301047120418848
snap_total,cont,uaZ_bp_mf,0.2230942113775711,0.2902,-0.06001275006919893,11.904751301174073,9.900220295211504,0.9062612612612613
snap_total,cont,uaZ_bp_hf,0.26753876130044657,0.19979999999999998,-0.004392703404016318,11.588215343452605,9.462415208393788,0.9062612612612613
snap_total,cont,uaMag_mean,-0.06666682488431323,0.7568,-0.08918284009912081,12.067440823854168,10.076573101407512,0.9418444444444444
snap_total,cont,uaMag_std,-0.3202621979736616,0.12319999999999998,0.023398914429114903,11.426767316384044,9.387197593698971,0.9062612612612613
snap_total,cont,uaMag_var,-0.3202621979736616,0.12319999999999998,0.024919895785431967,11.41786569188845,9.469677349767236,0.9062612612612613
snap_total,cont,uaMag_rms,-0.21742970991681246,0.30179999999999996,-0.03877571941151259,11.784893914989551,9.558849160831679,0.9062612612612613
snap_total,cont,uaMag_min,0.2610027980764943,0.2136,-0.05250161923473451,11.862498455631444,9.586836607339029,0.9062612612612613
snap_total,cont,uaMag_max,-0.18257123938906697,0.387,-0.0004195694537576511,11.565272547167917,9.68054651542611,0.9185470085470087
snap_total,cont,uaMag_range,-0.18257123938906697,0.387,-0.0004136174859235009,11.565238143486361,9.680528225081614,0.9185470085470087
snap_total,cont,uaMag_median,0.06492390135792596,0.763,-0.06895365880004145,11.95485248631955,9.956087484623454,0.9418444444444444
snap_total,cont,uaMag_iqr,-0.2636171833660752,0.20820000000000005,-0.1648110504763669,12.479366044608023,9.765017149747187,0.9062612612612613
snap_total,cont,uaMag_mad,-0.06971694105549096,0.744,-0.13941874857671288,12.342594561578338,10.184164409599392,0.9418444444444444
snap_total,cont,uaMag_skew,0.03311554700135821,0.8768,-0.09138335433959455,12.079624809705177,10.14339204046962,0.9797276264591439
snap_total,cont,uaMag_kurt,0.022222274961437746,0.9156,-0.06548948892683826,11.93546565585822,10.016358176825987,0.9797276264591439
snap_total,cont,uaMag_zcr,0.26013133631330065,0.21540000000000004,0.028842702267669162,11.394875161930567,8.810951937630463,0.9062612612612613
snap_total,cont,uaMag_madiff,-0.06535963223952278,0.7614,-0.10119395601700387,12.133796084649115,10.098780097494615,0.9418444444444444
snap_total,cont,uaMag_domfreq,0.02657958377740593,0.8976,-0.10676123115973857,12.164429660003997,10.394838153075527,0.9797276264591439
snap_total,cont,uaMag_centroid,0.3756000199364576,0.07340000000000002,0.14820421980121234,10.671673381086451,8.4096622550855,0.9062612612612613
snap_total,cont,uaMag_spread,0.47058935212456404,0.022800000000000042,0.14801056548218605,10.672886405524052,8.78463046116112,0.9062612612612613
snap_total,cont,uaMag_entropy,0.27451045540599567,0.1896,0.020461447564456225,11.443939398508157,9.375877640092002,0.9062612612612613
snap_total,cont,uaMag_bp_lf,0.19825755112655244,0.3468,-0.04594325084402029,11.825481786181966,9.503388200639145,0.9062612612612613
snap_total,cont,uaMag_bp_mf,0.3037044244729825,0.14559999999999995,0.11863025118642523,10.855350550984495,8.775277663216215,0.9062612612612613
snap_total,cont,uaMag_bp_hf,0.3921577934371367,0.062000000000000055,0.08456994118251437,11.063113472997395,8.970822441243234,0.9062612612612613
snap_total,cont,gyX_mean,-0.11590441450475374,0.5836,-0.07246707896634641,11.974482880417339,9.719911638120461,0.9301047120418848
snap_total,cont,gyX_std,0.06710255576591005,0.7554,-0.0882911023939601,12.062499874062322,10.094428153417736,0.9418444444444444
snap_total,cont,gyX_var,0.06710255576591005,0.7554,-0.06325406415593027,11.922938622589122,9.968569657883483,0.9418444444444444
snap_total,cont,gyX_rms,0.06710255576591005,0.7554,-0.08814004411927145,12.061662688290284,10.09383037539528,0.9418444444444444
snap_total,cont,gyX_min,0.022222274961437746,0.9156,-0.07955092263631891,12.013964630161876,10.099570140187746,0.9797276264591439
snap_total,cont,gyX_max,-0.268845953945237,0.1976,-0.13131109003664676,12.298603626534694,9.934101741461237,0.9062612612612613
snap_total,cont,gyX_range,-0.10675406599122055,0.6164000000000001,-0.08917294440519452,12.06738600478812,10.056383629559633,0.9301047120418848
snap_total,cont,gyX_median,-0.22614432754874883,0.2824,-0.0934738167039777,12.09118807958281,10.032598682368246,0.9062612612612613
snap_total,cont,gyX_iqr,0.1315907262422392,0.5326,-0.03609486236880599,11.769676950591409,9.690017720520244,0.9301047120418848
snap_total,cont,gyX_mad,0.1315907262422392,0.5326,-0.03770295949122393,11.778807121036733,9.708002449580906,0.9301047120418848
snap_total,cont,gyX_skew,-0.22178701873278064,0.29259999999999997,0.015441144478042124,11.473227995308383,9.287171544993361,0.9062612612612613
snap_total,cont,gyX_kurt,-0.14727703797972466,0.484,-0.05593279605803336,11.881818716227178,9.896743682410465,0.9301047120418848
snap_total,cont,gyX_zcr,0.21307240110084427,0.3114,-0.05268943354891298,11.863556813921914,10.04735039760307,0.9062612612612613
snap_total,cont,gyX_madiff,0.13681949682140102,0.5172,-0.13728649376752133,12.331040477296817,10.273540798937296,0.9301047120418848
snap_total,cont,gyX_domfreq,-0.23660186870707248,0.2582,-0.002093919587479842,11.574946598305221,9.701622038264164,0.9062612612612613
snap_total,cont,gyX_centroid,-0.1503271541509024,0.4756,-0.030157539255593724,11.735905537628877,9.728803637799102,0.9301047120418848
snap_total,cont,gyX_spread,-0.17254942911234014,0.41400000000000003,-0.04945816315684426,11.845334999830609,9.861934338369702,0.9301047120418848
snap_total,cont,gyX_entropy,-0.05490209108119914,0.7962,-0.05987248426517966,11.903963629159582,9.959577469325328,0.9482758620689655
snap_total,cont,gyX_bp_lf,0.03006543083018048,0.8842,-0.07609514433894526,11.994720110791265,10.016592143425155,0.9797276264591439
snap_total,cont,gyX_bp_mf,0.022658005843034564,0.9142,-0.07836044157350774,12.00733856821793,10.023652706139151,0.9797276264591439
snap_total,cont,gyX_bp_hf,-0.2701531465900275,0.19579999999999997,-0.028596344484014713,11.727009334547052,9.532229727803974,0.9062612612612613
snap_total,cont,gyY_mean,0.22396567314076474,0.2882,0.00528709186841303,11.53223966572814,9.372590985387426,0.9062612612612613
snap_total,cont,gyY_std,-0.18997866437621289,0.36560000000000004,-0.016188010484487148,11.656061114874065,9.75649150620393,0.9062612612612613
snap_total,cont,gyY_var,-0.18997866437621289,0.36560000000000004,-0.0049355991445583225,11.591346759495226,9.59905504947694,0.9062612612612613
snap_total,cont,gyY_rms,-0.18997866437621289,0.36560000000000004,-0.01614990054049148,11.655842545083539,9.755609472420723,0.9062612612612613
snap_total,cont,gyY_min,0.08191740574020188,0.6970000000000001,-0.03258924420224951,11.749748778611282,9.896694557968198,0.9418444444444444
snap_total,cont,gyY_max,-0.09716798659609054,0.646,-0.05491813041054683,11.8761086128261,9.65280144250425,0.9301047120418848
snap_total,cont,gyY_range,-0.07843155868742734,0.7098,-0.0286548794446706,11.72734300784273,9.767150945734278,0.9418444444444444
snap_total,cont,gyY_median,0.4653605815454022,0.024599999999999955,-0.061351401428021646,11.912265967074475,9.769520934049169,0.9062612612612613
snap_total,cont,gyY_iqr,0.24139490840463748,0.24880000000000002,-0.018405484136404304,11.66877181555086,9.454839034822653,0.9062612612612613
snap_total,cont,gyY_mad,0.23050163636471702,0.272,-0.018579629894625693,11.669769443845448,9.45817977084171,0.9062612612612613
snap_total,cont,gyY_skew,-0.03442273964614866,0.8724000000000001,-0.09776811654295559,12.11490712424103,10.12724739478198,0.9792244897959185
snap_total,cont,gyY_kurt,-0.2501095260365738,0.23219999999999996,0.0017032621199433162,11.552995616408165,9.229888562335764,0.9062612612612613
snap_total,cont,gyY_zcr,-0.09542506306970326,0.652,-0.045917280454692566,11.825334974071403,9.778887036225852,0.9338541666666668
snap_total,cont,gyY_madiff,-0.16514200412519423,0.4376,-0.032303414842183464,11.748122451572105,9.707586021769798,0.9301047120418848
snap_total,cont,gyY_domfreq,0.19564316583697153,0.35240000000000005,-0.08526748757883107,12.045731510609317,9.927555905044153,0.9062612612612613
snap_total,cont,gyY_centroid,-0.2941183450778525,0.15880000000000005,-0.007034109628700547,11.60344299596067,9.372713124399185,0.9062612612612613
snap_total,cont,gyY_spread,-0.21437959374563473,0.30900000000000005,-0.03704322855835085,11.7750622734234,9.585713295819938,0.9062612612612613
snap_total,cont,gyY_entropy,-0.22352994225916792,0.2892,-0.03835784360742944,11.78252327939701,9.723688106133041,0.9062612612612613
snap_total,cont,gyY_bp_lf,0.03747285581732639,0.8604,-0.05695334685637121,11.887559172019374,9.913719281616304,0.9777272727272728
snap_total,cont,gyY_bp_mf,-0.28322507303793204,0.17500000000000004,-0.000860222821835066,11.567819336231434,9.273372220191446,0.9062612612612613
snap_total,cont,gyY_bp_hf,-0.17472808352032423,0.4082,-0.020596495797774672,11.68131725020683,9.522965480092287,0.9301047120418848
snap_total,cont,gyZ_mean,-0.36732113318611803,0.07879999999999998,0.0790874859894446,11.096192178697477,9.396346315810101,0.9062612612612613
snap_total,cont,gyZ_std,-0.10675406599122055,0.6164000000000001,-0.10148841196386837,12.135418246478105,10.199919972344725,0.9301047120418848
snap_total,cont,gyZ_var,-0.10675406599122055,0.6164000000000001,-0.08439063360796073,12.040864285716848,10.13087471339337,0.9301047120418848
snap_total,cont,gyZ_rms,-0.10675406599122055,0.6164000000000001,-0.10118882945450869,12.133767840425657,10.197600303351074,0.9301047120418848
snap_total,cont,gyZ_min,0.0117647338031141,0.9556,-0.04577343336626205,11.82452176516454,9.898345060638311,0.9889661654135338
snap_total,cont,gyZ_max,-0.13333364976862647,0.5267999999999999,-0.05145423106869007,11.856594553498073,10.152986271116319,0.9301047120418848
snap_total,cont,gyZ_range,-0.07625290427944324,0.7194,-0.04604538497581179,11.826059138648889,10.083369604935793,0.9418444444444444
snap_total,cont,gyZ_median,-0.15555592473006422,0.46099999999999997,0.011993269983218258,11.493299765383727,9.664641904801787,0.9301047120418848
snap_total,cont,gyZ_iqr,0.17777819969150196,0.3994,-0.03493356090572575,11.76307911111083,9.631385902827503,0.9301047120418848
snap_total,cont,gyZ_mad,0.18213550850747015,0.38759999999999994,-0.034244032795672785,11.759159861868305,9.620149853897361,0.9185470085470087
snap_total,cont,gyZ_skew,-0.2501095260365738,0.23219999999999996,-0.031609098210306774,11.744170954018124,9.906606115195679,0.9062612612612613
snap_total,cont,gyZ_kurt,-0.18257123938906697,0.387,-0.009488038052549053,11.617571957992576,9.56671355889192,0.9185470085470087
snap_total,cont,gyZ_zcr,-0.062309516068345054,0.7706,-0.08669711046494277,12.053662820686878,10.200509771601732,0.9418444444444444
snap_total,cont,gyZ_madiff,-0.08801763808255735,0.6764,-0.07015208450452026,11.961552023325112,9.929934445366323,0.9394444444444444
snap_total,cont,gyZ_domfreq,-0.2535953730893484,0.22619999999999996,-0.00310307804168386,11.580773405375094,9.586870846512397,0.9062612612612613
snap_total,cont,gyZ_centroid,-0.2936826141962557,0.1592,0.027645348632499123,11.401897449897358,9.000200122784603,0.9062612612612613
snap_total,cont,gyZ_spread,-0.2278872510751361,0.2774,-0.0007600919182262356,11.567240671424727,9.16044843100204,0.9062612612612613
snap_total,cont,gyZ_entropy,-0.2945540759594493,0.15780000000000005,-0.014032525179602073,11.643692436285345,9.299026062672963,0.9062612612612613
snap_total,cont,gyZ_bp_lf,0.018736427908663197,0.9286,-0.05057302761708482,11.85162512081351,9.842238721388114,0.9812167300380228
snap_total,cont,gyZ_bp_mf,-0.2867109200907066,0.1704,0.04479724298188936,11.300887881508897,9.01086495807659,0.9062612612612613
snap_total,cont,gyZ_bp_hf,-0.20043620553453653,0.34140000000000004,0.02146997808847373,11.43804655514269,9.014737561680858,0.9062612612612613
snap_total,cont,gyMag_mean,0.07102413370028142,0.7388,-0.08757670537068396,12.05854007477197,10.153439713868453,0.9418444444444444
snap_total,cont,gyMag_std,-0.11895453067593147,0.5731999999999999,0.011476202289224191,11.49630684848067,9.817956282040337,0.9301047120418848
snap_total,cont,gyMag_var,-0.11895453067593147,0.5731999999999999,0.027102766371192244,11.405078184677649,9.749130224380474,0.9301047120418848
snap_total,cont,gyMag_rms,0.013507657329501375,0.9484,-0.057370448985047284,11.889904515441835,9.95301635857818,0.9879166666666667
snap_total,cont,gyMag_min,0.28366080391952886,0.1744,-0.3772085918343606,13.56952496230386,10.759801715196302,0.9062612612612613
snap_total,cont,gyMag_max,-0.20522924523210154,0.33099999999999996,-0.02812594833664961,11.724327538687083,9.934862309506896,0.9062612612612613
snap_total,cont,gyMag_range,-0.20522924523210154,0.33099999999999996,-0.028104017476982213,11.724202492746189,9.935035539101692,0.9062612612612613
snap_total,cont,gyMag_median,0.2488023333917834,0.23440000000000005,-0.05226805399637624,11.861182153139143,9.831893475492677,0.9062612612612613
snap_total,cont,gyMag_iqr,-0.1947717040737779,0.35540000000000005,-0.05252230675405811,11.862615037143366,9.795090582607683,0.9062612612612613
snap_total,cont,gyMag_mad,-0.08976056160894462,0.6688000000000001,-0.10927268306805882,12.178223542416337,10.023444754662847,0.9394444444444444
snap_total,cont,gyMag_skew,-0.05141624402842459,0.8074,-0.06715497628581635,11.944790292740834,10.00909966558139,0.9488675213675214
snap_total,cont,gyMag_kurt,0.004357308815968185,0.9816,-0.05920708687064513,11.900226335244929,10.014790825993282,0.992014652014652
snap_total,cont,gyMag_zcr,0.34902043615905165,0.09440000000000004,-0.005743087421565818,11.59600277783528,9.459319014689811,0.9062612612612613
snap_total,cont,gyMag_madiff,0.12113318508391556,0.5666,-0.10989007750374347,12.181612123811256,10.222039373558287,0.9301047120418848
snap_total,cont,gyMag_domfreq,0.05359489843640868,0.8,-0.0906790729728173,12.075726625090107,10.338505247876038,0.9482758620689655
snap_total,cont,gyMag_centroid,0.1577345791380483,0.45620000000000005,0.03339276161543103,11.368150227788176,9.499753657504927,0.9301047120418848
snap_total,cont,gyMag_spread,0.2135081319824411,0.3106,-0.004315228899810064,11.58776840245586,9.72593327311179,0.9062612612612613
snap_total,cont,gyMag_entropy,0.1808283158626797,0.39080000000000004,-0.05045786420771803,11.850975517727457,10.069546249896163,0.9185470085470087
snap_total,cont,gyMag_bp_lf,0.15424873208527376,0.4646,-0.007522864959907949,11.606258469942595,9.488247860345744,0.9301047120418848
snap_total,cont,gyMag_bp_mf,0.35337774497501984,0.09079999999999999,0.0804013215054944,11.08827406782397,9.060809089996864,0.9062612612612613
snap_total,cont,gyMag_bp_hf,0.09847517924088099,0.6426000000000001,-0.059287891439798956,11.90068024757946,9.942057208878289,0.9301047120418848
snap_total,cont,pitch_mean,-0.08366032926658916,0.69,-0.06101422193294681,11.910373619792386,9.93467359022634,0.9418444444444444
snap_total,cont,pitch_std,0.1389981512293851,0.51,-0.052394259989515746,11.861893429788386,10.067508030756365,0.9301047120418848
snap_total,cont,pitch_var,0.1389981512293851,0.51,-0.05121473450137537,11.855244149776526,10.066551496124346,0.9301047120418848
snap_total,cont,pitch_rms,0.103268218938446,0.627,-0.04330498792936366,11.810558209492521,9.841780573446814,0.9301047120418848
snap_total,cont,pitch_min,0.2910682289066748,0.16359999999999997,-0.015360893193867575,11.651316475016376,9.424573114413375,0.9062612612612613
snap_total,cont,pitch_max,-0.004793039697565004,0.9792,-0.08255213441745135,12.030652785610078,10.092166864274622,0.992014652014652
snap_total,cont,pitch_range,0.03442273964614866,0.8724000000000001,-0.08306109737712486,12.03348056494791,10.088520227556437,0.9792244897959185
snap_total,cont,pitch_median,-0.09934664100407463,0.6392,-0.053338058123127086,11.867211172591709,9.925790563786325,0.9301047120418848
snap_total,cont,pitch_iqr,0.07102413370028142,0.7388,-0.08338544671300041,12.035282291215466,10.047644665476604,0.9418444444444444
snap_total,cont,pitch_mad,0.011329002921517282,0.9566,-0.07717456016473911,12.000734470022406,10.038408875994145,0.9889661654135338
snap_total,cont,pitch_skew,0.008278886750339552,0.9678,-0.05641844518663364,11.884550770574583,10.084026430506782,0.992014652014652
snap_total,cont,pitch_kurt,-0.2466236789837993,0.239,0.0023157136400934197,11.549451211716868,9.020360538649435,0.9062612612612613
snap_total,cont,pitch_zcr,-0.00043573088159681855,0.9972,-0.17259377418070687,12.520987286190456,10.31008126096125,0.9995999999999999
snap_total,cont,pitch_madiff,0.127233417426271,0.5468,-0.12778907538522133,12.279444604748155,10.187642192510067,0.9301047120418848
snap_total,cont,pitch_domfreq,-0.15555592473006422,0.46099999999999997,-0.0411083901592455,11.798118551008631,9.78826411058437,0.9301047120418848
snap_total,cont,pitch_centroid,-0.09978237188567145,0.6372,-0.11882608847265841,12.23055246233171,10.336354226340692,0.9301047120418848
snap_total,cont,pitch_spread,-0.2069721687584888,0.3274,-0.06662213104650361,11.941807820897145,9.97003028907096,0.9062612612612613
snap_total,cont,pitch_entropy,-0.02745104554059957,0.8936,-0.14575241527429839,12.376851302213293,10.416906135195283,0.9797276264591439
snap_total,cont,pitch_bp_lf,-0.024836660251018657,0.9054,-0.11935307415579866,12.233432519976821,10.229547505170311,0.9797276264591439
snap_total,cont,pitch_bp_mf,-0.26971741570843066,0.1966,0.056939952617064304,11.228828679717065,9.511697576658241,0.9062612612612613
snap_total,cont,pitch_bp_hf,-0.18954293349461607,0.3658,-0.02832959936180357,11.725488657663155,9.962807610446724,0.9062612612612613
snap_total,cont,roll_mean,0.5507638343383786,0.006800000000000028,0.13576237290834348,10.749329310533653,8.776031067283256,0.9062612612612613
snap_total,cont,roll_std,-0.22483713490395837,0.28559999999999997,-0.06172815626846795,11.91438006691191,9.757975631392625,0.9062612612612613
snap_total,cont,roll_var,-0.22483713490395837,0.28559999999999997,-0.08678850570838237,12.054169688826603,9.947223652839966,0.9062612612612613
snap_total,cont,roll_rms,0.12549049389988373,0.5512,-0.06533857096638362,11.934620344880898,10.106614827269018,0.9301047120418848
snap_total,cont,roll_min,0.09934664100407463,0.6392,-0.14337798062587126,12.364019879924347,10.278499147623426,0.9301047120418848
snap_total,cont,roll_max,-0.15163434679569285,0.47040000000000004,-0.2798809889662033,13.081259969680017,10.802778957794887,0.9301047120418848
snap_total,cont,roll_range,-0.20305059082411744,0.33499999999999996,-0.08912015347096114,12.067093555226434,10.265381389164757,0.9062612612612613
snap_total,cont,roll_median,0.5455350637592168,0.007399999999999962,0.12009881965685343,10.84630300208784,8.792004055631809,0.9062612612612613
snap_total,cont,roll_iqr,-0.3716784420020862,0.07599999999999996,-0.06203934337115724,11.916125960981649,9.75287434352407,0.9062612612612613
snap_total,cont,roll_mad,-0.36732113318611803,0.07879999999999998,-0.012746643806643254,11.636307487363732,9.473481790941422,0.9062612612612613
snap_total,cont,roll_skew,-0.441831113939174,0.03200000000000003,0.07588560182118176,11.115465395747966,8.948107941789369,0.9062612612612613
snap_total,cont,roll_kurt,0.2749461862875925,0.1894,-0.011403439306215457,11.628588317612406,9.591678591935585,0.9062612612612613
snap_total,cont,roll_zcr,0.4366023433600122,0.03480000000000005,0.13389170317258847,10.760956653992109,8.342573752414102,0.9062612612612613
snap_total,cont,roll_madiff,0.13812668946619147,0.5116,-0.05207925164900007,11.860118013880536,9.963883912151971,0.9301047120418848
snap_total,cont,roll_domfreq,-0.1455341144533374,0.49039999999999995,-0.10120878570818492,12.133877786806124,10.391266057193578,0.9301047120418848
snap_total,cont,roll_centroid,0.2021791290609238,0.3368,-0.008545565283278211,11.612147524225119,9.408893542731198,0.9062612612612613
snap_total,cont,roll_spread,0.2875823818539002,0.16900000000000004,-0.01756437318941617,11.663952144396955,9.552326046660976,0.9062612612612613
snap_total,cont,roll_entropy,0.19695035848176198,0.34919999999999995,-0.01030530822684228,11.622273734427278,9.30206270300092,0.9062612612612613
snap_total,cont,roll_bp_lf,0.19172158790260016,0.36160000000000003,0.01584659259976806,11.470865374869764,9.154238988789855,0.9062612612612613
snap_total,cont,roll_bp_mf,0.27146033923481794,0.1936,-0.03743174196569443,11.777267746180858,9.651644977327502,0.9062612612612613
snap_total,cont,roll_bp_hf,0.2518524495629611,0.22899999999999998,-0.029594171960826143,11.732696062726918,9.59710465332624,0.9062612612612613
snap_total,cont,yaw_mean,0.09368213954331599,0.6574,-0.0675376603444715,11.946931814452393,10.134843977182156,0.9367098445595855
snap_total,cont,yaw_std,-0.26492437601086566,0.2056,0.007558367191385584,11.519066085632545,9.492492666058391,0.9062612612612613
snap_total,cont,yaw_var,-0.26492437601086566,0.2056,0.012541914650507469,11.490108181218039,9.461813549574194,0.9062612612612613
snap_total,cont,yaw_rms,-0.23398748341749157,0.262,-0.007734768227343425,11.607478926011382,9.581997234932155,0.9062612612612613
snap_total,cont,yaw_min,0.05795220725237687,0.7844,-0.07369527148661992,11.981337525370488,10.127418134440868,0.9482758620689655
snap_total,cont,yaw_max,-0.016122042619082285,0.9376,-0.14098141170239886,12.35105532678115,10.28512114652755,0.9812167300380228
snap_total,cont,yaw_range,-0.040087241106907305,0.8512,-0.09473528102101558,12.098160448582554,10.206084508787827,0.9726556016597512
snap_total,cont,yaw_median,-0.009150348513533189,0.964,-0.07001157659399526,11.960766738748774,10.142210376356305,0.992014652014652
snap_total,cont,yaw_iqr,-0.20871509228487609,0.3224,-0.043435826439915504,11.811298753925092,9.81578186731185,0.9062612612612613
snap_total,cont,yaw_mad,-0.2727675318796084,0.19220000000000004,-0.0010083512817742335,11.5686753298197,9.406050146646486,0.9062612612612613
snap_total,cont,yaw_skew,0.00610023234235546,0.9754,-0.07004734255420564,11.960966635993763,10.143669676156529,0.992014652014652
snap_total,cont,yaw_kurt,0.18954293349461607,0.3658,-0.0278518368178573,11.722764506711059,9.666675493662474,0.9062612612612613
snap_total,cont,yaw_zcr,0.09847517924088099,0.6426000000000001,-0.05655095344579175,11.885296096331293,9.985835202296068,0.9301047120418848
snap_total,cont,yaw_madiff,-0.05141624402842459,0.8074,-0.041256566614053636,11.79895810873273,9.928581543508598,0.9488675213675214
snap_total,cont,yaw_domfreq,0.14030534387417556,0.507,-0.11803769912030315,12.226242526816653,10.31904682974001,0.9301047120418848
snap_total,cont,yaw_centroid,-0.07189559546347506,0.7356,-0.04943179108434581,11.845186166839031,9.951695787002095,0.9418444444444444
snap_total,cont,yaw_spread,-0.08017448221381461,0.704,-0.03836814686370826,11.78258173614993,9.803247207185018,0.9418444444444444
snap_total,cont,yaw_entropy,0.06840974841070051,0.7484,-0.07008349851417806,11.961168709565966,10.085701152111229,0.9418444444444444
snap_total,cont,yaw_bp_lf,-0.08845336896415416,0.6746,-0.04051406227879406,11.794750529073752,9.954802603892103,0.9394444444444444
snap_total,cont,yaw_bp_mf,-0.10501114246483327,0.6232,-0.041602783010675104,11.800919514491916,9.84251068549199,0.9301047120418848
snap_total,cont,yaw_bp_hf,-0.07363851898986233,0.731,-0.0484303365101042,11.83953298987892,9.871117757806742,0.9418444444444444
snap_total,cont,jerk_mean,0.025708122014212294,0.9006,-0.10453608511746548,12.152195200424925,10.199452684667857,0.9797276264591439
snap_total,cont,jerk_std,-0.039651510225310486,0.8524,-0.081013237905595,12.022098687708088,9.871672486025044,0.9726556016597512
snap_total,cont,jerk_var,-0.039651510225310486,0.8524,-0.061397686309531796,11.912525707537013,9.760747275415907,0.9726556016597512
snap_total,cont,jerk_rms,-0.039651510225310486,0.8524,-0.08101257656681038,12.022095010287185,9.871668549407682,0.9726556016597512
snap_total,cont,jerk_min,0.1315907262422392,0.5326,-0.01626576561376769,11.656507046725814,9.72575894677704,0.9301047120418848
snap_total,cont,jerk_max,-0.12113318508391556,0.5666,-0.015037804478358563,11.649462598032176,9.638416701878368,0.9301047120418848
snap_total,cont,jerk_range,-0.10413968070163963,0.6254,-0.014709948162499042,11.647581063012614,9.69410053258145,0.9301047120418848
snap_total,cont,jerk_median,0.0,0.9996,,,,0.9995999999999999
snap_total,cont,jerk_iqr,0.3080617332889507,0.13759999999999994,0.0009732881410411398,11.557218732019896,9.133873126138305,0.9062612612612613
snap_total,cont,jerk_mad,0.3080617332889507,0.13759999999999994,-0.0006704766878560253,11.56672275301796,9.140452756312436,0.9062612612612613
snap_total,cont,jerk_skew,0.2300659054831202,0.27259999999999995,-0.0793587541254035,12.012895292719879,10.06851009055804,0.9062612612612613
snap_total,cont,jerk_kurt,0.04444454992287549,0.8342,-0.0825269202508987,12.030512679355713,10.126364605032377,0.9679535864978903
snap_total,cont,jerk_zcr,-0.26666729953725293,0.20279999999999998,-0.0025267748508348564,11.577446232086443,9.415043719549773,0.9062612612612613
snap_total,cont,jerk_madiff,-0.06535963223952278,0.7614,-0.09916737411377041,12.122625729299498,10.093119934507298,0.9418444444444444
snap_total,cont,jerk_domfreq,0.11808306891273783,0.5758,-0.008031410032637076,11.609187217843386,9.36800252215142,0.9301047120418848
snap_total,cont,jerk_centroid,0.29542553772264296,0.15659999999999996,0.005407494934408397,11.531541695981133,9.351127024159567,0.9062612612612613
snap_total,cont,jerk_spread,0.07363851898986233,0.731,-0.10309012751287261,12.14423832430467,10.136356934971873,0.9418444444444444
snap_total,cont,jerk_entropy,0.07189559546347506,0.7356,-0.2258748468792744,12.80229556855458,10.576759064920026,0.9418444444444444
snap_total,cont,jerk_bp_lf,0.10849698951760782,0.6104,-0.11641690674930838,12.217377267797781,10.11774142439623,0.9301047120418848
snap_total,cont,jerk_bp_mf,-0.23398748341749157,0.262,-0.07266022752645318,11.975561118643174,9.697448891440587,0.9062612612612613
snap_total,cont,jerk_bp_hf,0.19651462760016516,0.35,-0.07316566158409676,11.978382209348203,9.833603027047928,0.9062612612612613
snap_total,cont,actfrac_p50,-0.3647122917118891,0.08140000000000003,0.019230385788022164,11.451128381871012,9.59344842579984,0.9062612612612613
snap_total,cont,switchmin_p50,0.24575221722060567,0.241,0.0019778928313766153,11.551406396728185,8.706398180847218,0.9062612612612613
snap_total,cont,actbout_med_p50,-0.05623373849491945,0.7918000000000001,-0.08329932704117082,12.034803931845342,9.848468892549263,0.9482758620689655
snap_total,cont,actbout_cv_p50,-0.19825755112655244,0.3468,-0.11158315947186104,12.19089980411466,9.950046579850527,0.9062612612612613
snap_total,cont,actshort_p50,0.16296334971721013,0.44120000000000004,-0.07834912884512146,12.00727558551248,9.389693684084572,0.9301047120418848
snap_total,cont,actfrac_p75,0.32539348095931614,0.11560000000000004,-0.2925612627674843,13.145900798747212,10.008004198107816,0.9062612612612613
snap_total,cont,switchmin_p75,0.29760419213062705,0.1532,0.047979478817471555,11.282047854174698,8.927387893618928,0.9062612612612613
snap_total,cont,actbout_med_p75,-0.0505998119845943,0.812,-0.037907021513007066,11.779965202460188,9.598742145726293,0.9502127659574469
snap_total,cont,actbout_cv_p75,-0.15686311737485467,0.4578,-0.09132087223759333,12.079279023254713,10.096714709534318,0.9301047120418848
snap_total,cont,actshort_p75,0.29324688331465887,0.15959999999999996,0.04238254623446602,11.315162857695505,8.946998607429043,0.9062612612612613
snap_total,cont,actfrac_p90,0.25986513799601085,0.21599999999999997,-0.06576242292740075,11.936994242407229,9.779582639994198,0.9062612612612613
snap_total,cont,switchmin_p90,0.16819212029637196,0.4284,-0.05794019328535427,11.893107410436045,9.903766026630896,0.9301047120418848
snap_total,cont,actbout_med_p90,-0.015924962432866677,0.9384,-0.08856067821360125,12.06399375604783,10.07336992105666,0.9812167300380228
snap_total,cont,actbout_cv_p90,-0.11111137480718873,0.6013999999999999,-0.19828934267880483,12.657432818584608,10.470235069952073,0.9301047120418848
snap_total,cont,actshort_p90,-0.022658005843034564,0.9142,-0.08429380213500548,12.04032667472238,10.074409454370784,0.9797276264591439
snap_total,cont,switch_per_min,0.30754187990826104,0.139,0.0439401565435934,11.305956787515793,9.061347742857842,0.9062612612612613
snap_total,cont,act_bout_median,-0.40923551899611627,0.04920000000000002,0.05415538087987759,11.245394131845542,9.475867792387952,0.9062612612612613
snap_total,cont,stl_bout_median,-0.05593945061970146,0.793,-0.05897527764857324,11.898924071886784,10.082559219376144,0.9482758620689655
snap_total,cont,act_bout_cv,0.12549049389988373,0.5512,-0.051422902752404465,11.856417917226068,9.872848258003353,0.9301047120418848
snap_total,cont,stl_bout_cv,-0.112854298333576,0.5938,0.011053492983071456,11.498764592291401,9.49599592239546,0.9301047120418848
snap_total,cont,frac_act_short,0.24575221722060567,0.241,0.0032000288041330593,11.544331546516588,9.453182044322281,0.9062612612612613
snap_total,cont,within_win_sd,-0.0657953631211196,0.7602,-0.11786142406630495,12.225278665526911,10.184065814880869,0.9418444444444444
snap_total,cont,mag_median,0.06492390135792596,0.763,-0.06896080115690761,11.954892425225886,9.956145549115815,0.9418444444444444
sdq_hyper,cont,uaX_mean,-0.08522307809963538,0.6818,-0.10972821672924837,2.363556898406247,2.0917541862182207,0.9769406392694064
sdq_hyper,cont,uaX_std,-0.28466265262146245,0.17400000000000004,0.05246345612613479,2.184015576510969,1.8669405808025046,0.9769406392694064
sdq_hyper,cont,uaX_var,-0.28466265262146245,0.17400000000000004,0.04797271900987321,2.189184900352934,1.8854099093323995,0.9769406392694064
sdq_hyper,cont,uaX_rms,-0.2982807733487238,0.15480000000000005,0.05080749244081417,2.1859231924886036,1.8672513678201585,0.9769406392694064
sdq_hyper,cont,uaX_min,0.13310614775355423,0.5367999999999999,-0.07623670220047063,2.3276176751159134,2.108847562312291,0.9769406392694064
sdq_hyper,cont,uaX_max,-0.015375297595295042,0.947,-0.16797294879597002,2.424790039297448,2.1014817009939617,0.9991999999999999
sdq_hyper,cont,uaX_range,-0.16561391981217802,0.43820000000000003,-0.07722235314520587,2.328683283414275,2.0656368884421417,0.9769406392694064
sdq_hyper,cont,uaX_median,-0.10059837569493041,0.6357999999999999,-0.047766908588608326,2.296624990505851,2.0283438397780835,0.9769406392694064
sdq_hyper,cont,uaX_iqr,-0.08741954918467752,0.6759999999999999,-0.07532329420649919,2.3266297345080478,2.0364500413492927,0.9769406392694064
sdq_hyper,cont,uaX_mad,-0.08654096075066066,0.679,-0.08123756671525961,2.3330191867679697,2.0381785875503806,0.9769406392694064
sdq_hyper,cont,uaX_skew,0.2556692342989061,0.22260000000000002,-0.018308911782496384,2.2641099821977093,2.0276314551503476,0.9769406392694064
sdq_hyper,cont,uaX_kurt,0.08961602026971967,0.6682,-0.04461199956897954,2.2931647240258237,2.0435662892400677,0.9769406392694064
sdq_hyper,cont,uaX_zcr,0.19153227861567537,0.3692,-0.0067258701776404806,2.2511962760947664,1.9813902815104008,0.9769406392694064
sdq_hyper,cont,uaX_madiff,-0.16912827354824544,0.42979999999999996,-0.0118116126752017,2.256875370025998,1.9542309065098544,0.9769406392694064
sdq_hyper,cont,uaX_domfreq,-0.20954334151302098,0.3228,-0.08218611309196944,2.334042316109788,2.055967175016334,0.9769406392694064
sdq_hyper,cont,uaX_centroid,0.1757176868033719,0.41300000000000003,0.013120131125966661,2.228896448405712,1.9072595553409595,0.9769406392694064
sdq_hyper,cont,uaX_spread,0.19592522078575966,0.359,0.006596799410219956,2.2362508808746897,1.8956837810027853,0.9769406392694064
sdq_hyper,cont,uaX_entropy,0.10718778895005686,0.6138,-0.019284423276658025,2.2651941996583562,1.9965401898367368,0.9769406392694064
sdq_hyper,cont,uaX_bp_lf,-0.17483909836935504,0.41479999999999995,-0.10829653241491521,2.3620317684730323,2.07711631982306,0.9769406392694064
sdq_hyper,cont,uaX_bp_mf,0.007028707472134876,0.975,-0.028945722741264612,2.2759042157694718,1.9612934053543551,0.9991999999999999
sdq_hyper,cont,uaX_bp_hf,0.19943957452182712,0.34740000000000004,0.01649884981763039,2.225077710643805,1.8543427462019462,0.9769406392694064
sdq_hyper,cont,uaY_mean,-0.30355230395282495,0.14680000000000004,-0.06075267551127794,2.310813069327203,2.046640340094012,0.9769406392694064
sdq_hyper,cont,uaY_std,-0.13530261883859637,0.5306,-0.018402084018899645,2.2642135594928257,1.9166119574968832,0.9769406392694064
sdq_hyper,cont,uaY_var,-0.13530261883859637,0.5306,-0.01995424902052667,2.2659383669216275,1.9336367443313183,0.9769406392694064
sdq_hyper,cont,uaY_rms,-0.13398473618757106,0.534,-0.017594622777028945,2.2633157671279784,1.9169095589904408,0.9769406392694064
sdq_hyper,cont,uaY_min,-0.024600476152472066,0.912,-0.0544770334528335,2.3039672942917733,2.029783768279494,0.9991999999999999
sdq_hyper,cont,uaY_max,-0.0369007142287081,0.8612,0.004914947639773959,2.2381430893791183,1.9486071997515764,0.9865909090909091
sdq_hyper,cont,uaY_range,-0.0206468281993962,0.9262,-0.04013785300386141,2.2882485615201884,2.0111658478196284,0.9991999999999999
sdq_hyper,cont,uaY_median,0.010103766991193884,0.9666,-0.038480185087726104,2.2864244433479883,2.0381452038159398,0.9991999999999999
sdq_hyper,cont,uaY_iqr,-0.05359389447502843,0.7932,-0.09289277068505086,2.345559875822127,2.0460864297078616,0.9778043478260868
sdq_hyper,cont,uaY_mad,-0.041732950615800825,0.84,-0.0954928412131455,2.3483483461607824,2.050314570575788,0.9865909090909091
sdq_hyper,cont,uaY_skew,-0.2139362836831053,0.3114,-0.04819749768341164,2.29709685122652,2.0700565809097236,0.9769406392694064
sdq_hyper,cont,uaY_kurt,0.030311300973581652,0.8874,-0.04722777195724759,2.2960340413298455,2.0609553507658838,0.9920121951219512
sdq_hyper,cont,uaY_zcr,0.32551701480324646,0.11639999999999995,0.03576518711936871,2.203175791112176,1.960619121542857,0.9769406392694064
sdq_hyper,cont,uaY_madiff,0.031189889407598512,0.8846,-0.08130951454702795,2.333096807489287,2.025272185124103,0.9920121951219512
sdq_hyper,cont,uaY_domfreq,0.03470424314366595,0.8682,-0.03301266370393807,2.2803975723095,1.9762587097526134,0.9865909090909091
sdq_hyper,cont,uaY_centroid,0.30047724443376594,0.15000000000000002,-0.005355007449257654,2.249663022376539,1.9616357412731908,0.9769406392694064
sdq_hyper,cont,uaY_spread,0.11114143690313273,0.6012,-0.09481675771679865,2.347623592636371,2.0573139126331808,0.9769406392694064
sdq_hyper,cont,uaY_entropy,0.06413695568323075,0.752,-0.10137857647721682,2.3546483605841373,2.0764903411449116,0.9769406392694064
sdq_hyper,cont,uaY_bp_lf,0.062379778815197025,0.7592,-0.08578215732122563,2.337917046263753,2.060032094978278,0.9769406392694064
sdq_hyper,cont,uaY_bp_mf,0.18538215957755735,0.38580000000000003,-0.06106820267380786,2.3111567262866486,2.017468994763334,0.9769406392694064
sdq_hyper,cont,uaY_bp_hf,0.1445277973957734,0.49760000000000004,-0.061260953582616295,2.3113666361345877,2.0198302364249527,0.9769406392694064
sdq_hyper,cont,uaZ_mean,-0.18406427692653207,0.38959999999999995,0.008782057012498012,2.233789909013391,1.9417226128211051,0.9769406392694064
sdq_hyper,cont,uaZ_std,-0.14979932799987455,0.48019999999999996,-0.07187983411004284,2.322901515828891,1.996677935781663,0.9769406392694064
sdq_hyper,cont,uaZ_var,-0.14979932799987455,0.48019999999999996,-0.08359372200491633,2.3355597774219627,2.0133408282311778,0.9769406392694064
sdq_hyper,cont,uaZ_rms,-0.14848144534884924,0.48360000000000003,-0.06450111047399631,2.3148923867381335,1.9866990743369513,0.9769406392694064
sdq_hyper,cont,uaZ_min,-0.22404005067429916,0.2882,-0.028318645264217235,2.275210600085666,2.002558453494812,0.9769406392694064
sdq_hyper,cont,uaZ_max,-0.06896919207032347,0.736,-0.04742814221248737,2.2962536854871125,2.0210049753472883,0.9769406392694064
sdq_hyper,cont,uaZ_range,0.17791415788841405,0.40800000000000003,-0.10884482176603627,2.362615960832373,2.072636814163957,0.9769406392694064
sdq_hyper,cont,uaZ_median,0.06018330773015488,0.7652,-0.05797714709270041,2.307787892736213,2.024931462732667,0.9769406392694064
sdq_hyper,cont,uaZ_iqr,-0.07292284002339934,0.7238,-0.0823752121330863,2.334246230149818,2.0394924020453375,0.9769406392694064
sdq_hyper,cont,uaZ_mad,-0.09181249135476181,0.6619999999999999,-0.09138256905490771,2.343938722768375,2.0431547467003695,0.9769406392694064
sdq_hyper,cont,uaZ_skew,-0.5271530604101157,0.00880000000000003,0.17975836277769341,2.0320231567320484,1.7187122763876046,0.9769406392694064
sdq_hyper,cont,uaZ_kurt,0.21920781428720645,0.2986,-0.07217015650945613,2.3232160775274857,2.056933318847736,0.9769406392694064
sdq_hyper,cont,uaZ_zcr,0.2539120574308724,0.22519999999999996,-0.008895393313571365,2.2536206669237195,2.009525812265308,0.9769406392694064
sdq_hyper,cont,uaZ_madiff,-0.05710824821109587,0.778,-0.08258410650714954,2.334471469685605,2.013992535196817,0.9769406392694064
sdq_hyper,cont,uaZ_domfreq,-0.24864052682677124,0.2358,-0.11331884908756096,2.3673775681799665,2.0831414199876037,0.9769406392694064
sdq_hyper,cont,uaZ_centroid,0.3505567851727269,0.09299999999999997,0.09141260077755575,2.138656824616111,1.8197972931418533,0.9769406392694064
sdq_hyper,cont,uaZ_spread,0.259622882251982,0.21599999999999997,0.00010025070150487814,2.2435511583968486,1.948186688751304,0.9769406392694064
sdq_hyper,cont,uaZ_entropy,0.30355230395282495,0.14680000000000004,-0.04365039602720677,2.2921090100251087,1.9698370597511776,0.9769406392694064
sdq_hyper,cont,uaZ_bp_lf,-0.1700068619822623,0.4256,-0.05685495692225273,2.3065636394522095,2.0117986108522232,0.9769406392694064
sdq_hyper,cont,uaZ_bp_mf,0.2644551186390747,0.20840000000000003,0.0030772057272924203,2.240208858557351,1.9340677384534348,0.9769406392694064
sdq_hyper,cont,uaZ_bp_hf,0.26928735502616746,0.19779999999999998,0.033262810797132,2.2060327729148455,1.899508617253009,0.9769406392694064
sdq_hyper,cont,uaMag_mean,-0.13530261883859637,0.5306,-0.04164174841501689,2.289902209396638,1.9843663097063837,0.9769406392694064
sdq_hyper,cont,uaMag_std,-0.25171558634583024,0.2298,0.01835342468174006,2.22297882118939,1.861097322335308,0.9769406392694064
sdq_hyper,cont,uaMag_var,-0.25171558634583024,0.2298,0.02154561176064651,2.2193614588930832,1.872017750784738,0.9769406392694064
sdq_hyper,cont,uaMag_rms,-0.19943957452182712,0.34740000000000004,0.007095413662414951,2.235689594928472,1.8867781187956176,0.9769406392694064
sdq_hyper,cont,uaMag_min,0.20690757621097042,0.3286,-0.03732623807418878,2.2851537662340737,2.057253548141127,0.9769406392694064
sdq_hyper,cont,uaMag_max,-0.21481487211712216,0.30820000000000003,-0.0295890984441729,2.2766156394245938,2.0396709407092515,0.9769406392694064
sdq_hyper,cont,uaMag_range,-0.21481487211712216,0.30820000000000003,-0.02958349255511572,2.2766094415772717,2.0396704564394583,0.9769406392694064
sdq_hyper,cont,uaMag_median,-0.06633342676827289,0.7445999999999999,-0.09047303646079574,2.342961827461872,2.044442210233577,0.9769406392694064
sdq_hyper,cont,uaMag_iqr,-0.11202002533714958,0.5984,-0.07714316279354505,2.328597687048377,2.033664161889281,0.9769406392694064
sdq_hyper,cont,uaMag_mad,-0.10103766991193884,0.6346,-0.09012095796820963,2.342583563609638,2.0419807955019924,0.9769406392694064
sdq_hyper,cont,uaMag_skew,0.1287132055834699,0.5489999999999999,-0.0701247891679242,2.3209990326482735,2.0746930186710246,0.9769406392694064
sdq_hyper,cont,uaMag_kurt,0.13793838414064694,0.5218,-0.05295174945963432,2.3023003655426253,2.082284179983938,0.9769406392694064
sdq_hyper,cont,uaMag_zcr,0.13003108823449522,0.546,-0.08945839264295885,2.3418715552121787,2.1072731541014242,0.9769406392694064
sdq_hyper,cont,uaMag_madiff,-0.09532684509082925,0.6522,-0.0690052854053087,2.319784666296748,2.0095869727228517,0.9769406392694064
sdq_hyper,cont,uaMag_domfreq,0.07248354580639091,0.7254,-0.06453131807179502,2.314925231627349,2.0092027853971284,0.9769406392694064
sdq_hyper,cont,uaMag_centroid,0.2389760540525858,0.25760000000000005,-0.07765995387205238,2.329156226639413,2.030344696174424,0.9769406392694064
sdq_hyper,cont,uaMag_spread,0.381307380363317,0.06659999999999999,0.003882267122776728,2.239304139590687,1.8867675541730187,0.9769406392694064
sdq_hyper,cont,uaMag_entropy,0.0369007142287081,0.8612,-0.16571447510887882,2.422444533599218,2.089159608718291,0.9865909090909091
sdq_hyper,cont,uaMag_bp_lf,-0.12300238076236034,0.5648,-0.05213400502041132,2.30140618449439,1.98352243828385,0.9769406392694064
sdq_hyper,cont,uaMag_bp_mf,0.2583049996009567,0.21760000000000002,-0.028965503981227325,2.275926092526455,1.964958062296094,0.9769406392694064
sdq_hyper,cont,uaMag_bp_hf,0.2451261730907038,0.24480000000000002,-0.04175522135089271,2.2900269331084004,1.9646065945040823,0.9769406392694064
sdq_hyper,cont,gyX_mean,0.08039084171254264,0.6966,-0.09330416327308755,2.346001298431526,2.058181732283811,0.9769406392694064
sdq_hyper,cont,gyX_std,-0.11377720220518331,0.5933999999999999,-0.03149267546868928,2.2787192514200356,1.9533121098025568,0.9769406392694064
sdq_hyper,cont,gyX_var,-0.11377720220518331,0.5933999999999999,-0.014690626062903167,2.2600839509666106,1.967348564469031,0.9769406392694064
sdq_hyper,cont,gyX_rms,-0.11377720220518331,0.5933999999999999,-0.031433562671986603,2.278653956047136,1.9533723328436785,0.9769406392694064
sdq_hyper,cont,gyX_min,0.20690757621097042,0.3286,-0.046165948069377905,2.2948697281965114,2.0814677718853836,0.9769406392694064
sdq_hyper,cont,gyX_max,-0.24336899622267008,0.247,-0.13929943106578424,2.394841015094093,2.1010127612687413,0.9769406392694064
sdq_hyper,cont,gyX_range,-0.24820123260976282,0.237,-0.07176193544101483,2.3227737615230803,2.08479076531286,0.9769406392694064
sdq_hyper,cont,gyX_median,-0.19460733813473438,0.36240000000000006,-0.034507475965549705,2.282046890903047,1.959122512670439,0.9769406392694064
sdq_hyper,cont,gyX_iqr,-0.1287132055834699,0.5489999999999999,-0.08857950485313748,2.3409267474054283,2.040225017431062,0.9769406392694064
sdq_hyper,cont,gyX_mad,-0.1287132055834699,0.5489999999999999,-0.08804495485254948,2.340351917526148,2.0393195266557846,0.9769406392694064
sdq_hyper,cont,gyX_skew,-0.08610166653365223,0.6792,-0.0810897317938053,2.332859687362363,2.032767642614187,0.9769406392694064
sdq_hyper,cont,gyX_kurt,-0.044808010134859834,0.829,-0.05680234719583166,2.3065062289289187,2.0313660754924143,0.9826508620689655
sdq_hyper,cont,gyX_zcr,0.28334476997043717,0.17679999999999996,0.053136965489816945,2.1832392389477886,1.8915535783845723,0.9769406392694064
sdq_hyper,cont,gyX_madiff,-0.039975773747767104,0.8464,-0.07403587488310115,2.325236551095698,1.9996776289845082,0.9865909090909091
sdq_hyper,cont,gyX_domfreq,-0.16649250824619488,0.4364,-0.013721862797426265,2.2590047997957172,1.942539301908898,0.9769406392694064
sdq_hyper,cont,gyX_centroid,-0.008346590123160165,0.9712,-0.08865713814458864,2.3410102188503767,2.056531981007509,0.9991999999999999
sdq_hyper,cont,gyX_spread,0.03909718531375025,0.8498,-0.13479956974402274,2.390106915306134,2.0800842926338596,0.9865909090909091
sdq_hyper,cont,gyX_entropy,0.10235555256296414,0.63,-0.07893483329970752,2.330533523653261,2.0583790325410196,0.9769406392694064
sdq_hyper,cont,gyX_bp_lf,-0.14584568004679868,0.4918,-0.0638919589866962,2.314229953455337,2.0371867112386504,0.9769406392694064
sdq_hyper,cont,gyX_bp_mf,0.10543061208202315,0.6198,-0.07071396853431078,2.3216378817716725,2.0472353722763663,0.9769406392694064
sdq_hyper,cont,gyX_bp_hf,-0.00043929421700842974,0.997,-0.11408523876419885,2.368192259137001,2.0725342414788437,0.9991999999999999
sdq_hyper,cont,gyY_mean,-0.010543061208202314,0.9646,-0.05655716590076665,2.3062386552479373,2.039861953403634,0.9991999999999999
sdq_hyper,cont,gyY_std,-0.05315460025802,0.7954,-0.035863357259385165,2.283541888075817,1.987067738736549,0.9778043478260868
sdq_hyper,cont,gyY_var,-0.05315460025802,0.7954,-0.013559341016841309,2.2588237086048744,1.9654221741497313,0.9778043478260868
sdq_hyper,cont,gyY_rms,-0.05315460025802,0.7954,-0.03635815672425258,2.284087211162895,1.987263039535236,0.9778043478260868
sdq_hyper,cont,gyY_min,0.17483909836935504,0.41479999999999995,-0.013162196915696311,2.2583811265240166,2.02054776986223,0.9769406392694064
sdq_hyper,cont,gyY_max,0.10806637738407372,0.6106,-0.13090312976952978,2.386000059648618,2.0779373523583655,0.9769406392694064
sdq_hyper,cont,gyY_range,-0.0887374318357028,0.6714,-0.06522745189934565,2.3156820127418243,2.0474032749060083,0.9769406392694064
sdq_hyper,cont,gyY_median,0.1700068619822623,0.4256,-0.07907762997710033,2.3306877412310727,2.069938018246514,0.9769406392694064
sdq_hyper,cont,gyY_iqr,0.026357653020505786,0.905,-0.09768018866542838,2.3506916258580337,2.0832125969743314,0.9991999999999999
sdq_hyper,cont,gyY_mad,0.008785884340168595,0.9704,-0.0976872232229864,2.3506991581289176,2.0836072244901103,0.9991999999999999
sdq_hyper,cont,gyY_skew,-0.027675535671531075,0.8996,-0.07761690576555935,2.329109706043447,2.039497915173132,0.9991999999999999
sdq_hyper,cont,gyY_kurt,-0.10015908147792199,0.6368,-0.06587961731771363,2.316390770598015,2.0866439891372246,0.9769406392694064
sdq_hyper,cont,gyY_zcr,0.1388169725746638,0.5187999999999999,-0.07997848135324825,2.3316604076909195,2.072824093384215,0.9769406392694064
sdq_hyper,cont,gyY_madiff,-0.08522307809963538,0.6818,-0.08145604102235526,2.333254879191583,2.0001692311674217,0.9769406392694064
sdq_hyper,cont,gyY_domfreq,0.22184357958925702,0.2932,-0.01947186249209376,2.265402466701435,1.8874207430109784,0.9769406392694064
sdq_hyper,cont,gyY_centroid,-0.0707263689383572,0.7322,-0.10522175851465909,2.3587529718238773,2.056379956066111,0.9769406392694064
sdq_hyper,cont,gyY_spread,-0.003953647953075868,0.985,-0.1216475325953903,2.3762161861915994,2.0677079708278683,0.9991999999999999
sdq_hyper,cont,gyY_entropy,-0.04744377543691041,0.8178,-0.12954741166800798,2.384569471380742,2.056131396309341,0.9778043478260868
sdq_hyper,cont,gyY_bp_lf,-0.06501554411724761,0.7492,-0.11207570925181964,2.366055483603214,2.072475589355317,0.9769406392694064
sdq_hyper,cont,gyY_bp_mf,0.00043929421700842974,0.997,-0.09617640377557257,2.3490808898260274,2.0524951832924114,0.9991999999999999
sdq_hyper,cont,gyY_bp_hf,0.01669318024632033,0.9410000000000001,-0.08817742524843486,2.3404943831052094,2.0534233065946927,0.9991999999999999
sdq_hyper,cont,gyZ_mean,-0.31717042468008627,0.12739999999999996,0.019821859180823576,2.2213155339406474,1.9408582148036235,0.9769406392694064
sdq_hyper,cont,gyZ_std,-0.23721887718455206,0.2592,0.00035938840217297763,2.243260416068672,1.874481162668386,0.9769406392694064
sdq_hyper,cont,gyZ_var,-0.23721887718455206,0.2592,0.001718066073525426,2.241735415910085,1.876960556400688,0.9769406392694064
sdq_hyper,cont,gyZ_rms,-0.23721887718455206,0.2592,0.0005863085850086325,2.2430057895811926,1.8744137983219746,0.9769406392694064
sdq_hyper,cont,gyZ_min,-0.18494286536054894,0.38680000000000003,-0.14426250566582088,2.400051611207851,2.0897691235959654,0.9769406392694064
sdq_hyper,cont,gyZ_max,0.039975773747767104,0.8464,-0.09086965469774744,2.3433878705081677,2.034850265171004,0.9865909090909091
sdq_hyper,cont,gyZ_range,0.10103766991193884,0.6346,-0.1519618159612719,2.408112594595852,2.0891400804712252,0.9769406392694064
sdq_hyper,cont,gyZ_median,-0.11641296750723389,0.5844,-0.05312899683580241,2.3024941348807366,2.05185203136265,0.9769406392694064
sdq_hyper,cont,gyZ_iqr,-0.07643719375946678,0.7110000000000001,-0.09640616025284765,2.349327058357979,2.0462040283183387,0.9769406392694064
sdq_hyper,cont,gyZ_mad,-0.06852989785331504,0.7368,-0.097277834784959,2.350260764212451,2.0464126077036258,0.9769406392694064
sdq_hyper,cont,gyZ_skew,-0.060622601947163304,0.7638,-0.09616394031427444,2.3490675353322263,2.0627543508651907,0.9769406392694064
sdq_hyper,cont,gyZ_kurt,0.020207533982387768,0.9274,-0.07461485497287845,2.3258631988244876,2.05589602929183,0.9991999999999999
sdq_hyper,cont,gyZ_zcr,0.2657730012901,0.20520000000000005,0.06618101097192619,2.168148865810036,1.9233678542643766,0.9769406392694064
sdq_hyper,cont,gyZ_madiff,-0.05051883495596942,0.8049999999999999,-0.07718262713553026,2.328640344207115,1.99589624474893,0.9778043478260868
sdq_hyper,cont,gyZ_domfreq,0.12915249980047835,0.548,-0.16736923296238437,2.4241632810502876,2.09396346502264,0.9769406392694064
sdq_hyper,cont,gyZ_centroid,0.11729155594125075,0.5808,-0.10348116390043982,2.3568948603480613,2.072285919711339,0.9769406392694064
sdq_hyper,cont,gyZ_spread,0.1225630865453519,0.5662,-0.0893323490263882,2.3417360812462076,2.0578512820615757,0.9769406392694064
sdq_hyper,cont,gyZ_entropy,0.09444825665681239,0.6542,-0.09443371053538985,2.3472128712697398,2.0622467385318646,0.9769406392694064
sdq_hyper,cont,gyZ_bp_lf,-0.12080590967731818,0.5704,-0.09748264977024479,2.350480100714077,2.059369929681465,0.9769406392694064
sdq_hyper,cont,gyZ_bp_mf,0.03470424314366595,0.8682,-0.10223786525394951,2.3555667225626915,2.066107631007082,0.9865909090909091
sdq_hyper,cont,gyZ_bp_hf,0.1845035711435405,0.388,-0.088713247105773,2.341070545446552,2.0583791419338247,0.9769406392694064
sdq_hyper,cont,gyMag_mean,-0.10147696412894727,0.6332,-0.06483677269415788,2.3152573279611435,1.9995754601040907,0.9769406392694064
sdq_hyper,cont,gyMag_std,-0.17396050993533818,0.4164,-0.0031835813485430187,2.2472322304983283,1.9442950073074048,0.9769406392694064
sdq_hyper,cont,gyMag_var,-0.17396050993533818,0.4164,0.012013454882765617,2.2301458282390616,1.9468047955537153,0.9769406392694064
sdq_hyper,cont,gyMag_rms,-0.1476028569148324,0.4858,-0.017101743378854728,2.262767573966808,1.9333867787418433,0.9769406392694064
sdq_hyper,cont,gyMag_min,0.2925699485276142,0.16359999999999997,-0.05114390552247139,2.300323072734216,2.0342804598536115,0.9769406392694064
sdq_hyper,cont,gyMag_max,-0.05842613086212116,0.7726,-0.06720905437740976,2.317834899955941,2.04773316315104,0.9769406392694064
sdq_hyper,cont,gyMag_range,-0.05842613086212116,0.7726,-0.06718212188864903,2.3178056528951205,2.047709049932949,0.9769406392694064
sdq_hyper,cont,gyMag_median,-0.0026357653020505785,0.9906,-0.0966542386556426,2.3495928286360654,2.0527635238916715,0.9991999999999999
sdq_hyper,cont,gyMag_iqr,-0.1875786306625995,0.38,-0.057583062268292906,2.307358039928853,1.9727459302292079,0.9769406392694064
sdq_hyper,cont,gyMag_mad,-0.08785884340168595,0.6742,-0.10630881029061134,2.3599126741252463,2.0413636720773867,0.9769406392694064
sdq_hyper,cont,gyMag_skew,-0.0026357653020505785,0.9906,-0.06816741211147326,2.3188753786372405,2.0422171412252315,0.9991999999999999
sdq_hyper,cont,gyMag_kurt,0.013178826510252893,0.9548,-0.06815701017232634,2.3188640878699758,2.0395362753212676,0.9991999999999999
sdq_hyper,cont,gyMag_zcr,0.05842613086212116,0.7726,-0.1076219314299256,2.3613127950494124,2.0925697921321675,0.9769406392694064
sdq_hyper,cont,gyMag_madiff,-0.08961602026971967,0.6682,-0.07077585863543456,2.321704979209081,1.9826476043644146,0.9769406392694064
sdq_hyper,cont,gyMag_domfreq,0.10674849473304843,0.6146,-0.048394580333350534,2.297312791761362,1.9873943374509533,0.9769406392694064
sdq_hyper,cont,gyMag_centroid,-0.11158073112014116,0.5998,-0.11086108985171861,2.364763016727848,2.0552526880426827,0.9769406392694064
sdq_hyper,cont,gyMag_spread,0.11026284846911587,0.6052,-0.12344063265612482,2.3781147736556223,2.0821356978353553,0.9769406392694064
sdq_hyper,cont,gyMag_entropy,-0.15287438751893356,0.4718,-0.08846145460990451,2.340799813881896,2.0105858325399346,0.9769406392694064
sdq_hyper,cont,gyMag_bp_lf,-0.28729841792351307,0.1714,-0.029414483286121174,2.2764225777183427,1.9333464368502362,0.9769406392694064
sdq_hyper,cont,gyMag_bp_mf,0.07643719375946678,0.7110000000000001,-0.09838550841211235,2.3514467287502385,2.069215320316294,0.9769406392694064
sdq_hyper,cont,gyMag_bp_hf,0.01845035711435405,0.9339999999999999,-0.12031709342017516,2.3748064968541764,2.0728838636386864,0.9991999999999999
sdq_hyper,cont,pitch_mean,-0.2552299400818977,0.22340000000000004,-0.05620347078530985,2.3058526024852615,2.0573630961336464,0.9769406392694064
sdq_hyper,cont,pitch_std,0.06721201520228975,0.742,-0.07135279845279863,2.3223303685723913,2.041191209756257,0.9769406392694064
sdq_hyper,cont,pitch_var,0.06721201520228975,0.742,-0.06825835806726444,2.3189740934297536,2.0385826551596096,0.9769406392694064
sdq_hyper,cont,pitch_rms,0.27983041623436977,0.18320000000000003,-0.04215956423651668,2.290471311138614,2.04198535375137,0.9769406392694064
sdq_hyper,cont,pitch_min,0.17176403885029604,0.42079999999999995,-0.024347907876598684,2.270813615787792,2.0091535130174063,0.9769406392694064
sdq_hyper,cont,pitch_max,0.030750595190590084,0.8858,-0.2092909726949732,2.4673067828031394,2.119927833117686,0.9920121951219512
sdq_hyper,cont,pitch_range,0.10103766991193884,0.6346,-0.21093285694027175,2.468981176357917,2.120504842305357,0.9769406392694064
sdq_hyper,cont,pitch_median,-0.2995986559997491,0.15239999999999998,-0.030880296918052386,2.2780427337874425,2.030986484817381,0.9769406392694064
sdq_hyper,cont,pitch_iqr,-0.004392942170084298,0.984,-0.1409174724101494,2.3965409970467753,2.07146344867933,0.9991999999999999
sdq_hyper,cont,pitch_mad,-0.03338636049264066,0.8722,-0.11930401647056255,2.373732512589686,2.063060946264596,0.9870576131687242
sdq_hyper,cont,pitch_skew,0.29740218491470694,0.1562,-0.015614949222489738,2.2611131180603157,2.0480920240536657,0.9769406392694064
sdq_hyper,cont,pitch_kurt,-0.03734000844571653,0.8588,-0.11012193312834606,2.363976140060752,2.042503046197941,0.9865909090909091
sdq_hyper,cont,pitch_zcr,-0.10323414099698099,0.6278,-0.07873202154157566,2.33031447343783,2.02515686875218,0.9769406392694064
sdq_hyper,cont,pitch_madiff,-0.03777930266272496,0.8562,-0.06717775191319908,2.317800907330159,2.018265474424238,0.9865909090909091
sdq_hyper,cont,pitch_domfreq,0.2319473465804509,0.2724,-0.0018720488569758942,2.245762767640028,2.0213174568107037,0.9769406392694064
sdq_hyper,cont,pitch_centroid,-0.2956450080466732,0.1594,0.0674779361794211,2.166642736700182,1.7630946734171644,0.9769406392694064
sdq_hyper,cont,pitch_spread,-0.32595630902025485,0.11580000000000001,0.06370323199860706,2.171023424387569,1.7816039257274354,0.9769406392694064
sdq_hyper,cont,pitch_entropy,-0.17659627523738877,0.4114,-0.06061533871729652,2.310663472753634,1.9387952196741889,0.9769406392694064
sdq_hyper,cont,pitch_bp_lf,-0.2521548805628387,0.22919999999999996,0.03387311567681284,2.205336324522478,1.8227411516127014,0.9769406392694064
sdq_hyper,cont,pitch_bp_mf,-0.29169136009359736,0.1644,0.0659406132078949,2.1684279266370865,1.8212658444507948,0.9769406392694064
sdq_hyper,cont,pitch_bp_hf,-0.2938878311786395,0.16200000000000003,0.09263699154401117,2.137215337291775,1.7306915516153918,0.9769406392694064
sdq_hyper,cont,roll_mean,0.2864198294894962,0.17200000000000004,0.08088986694504674,2.151005516979063,1.855712240231357,0.9769406392694064
sdq_hyper,cont,roll_std,-0.2530334689968555,0.22719999999999996,0.05391640370980033,2.1823404550743377,1.8323523520475193,0.9769406392694064
sdq_hyper,cont,roll_var,-0.2530334689968555,0.22719999999999996,0.06150184032298811,2.1735741471581975,1.8061916155599587,0.9769406392694064
sdq_hyper,cont,roll_rms,-0.09093390292074496,0.6639999999999999,-0.01729379836620093,2.262981198261416,1.9959341522085283,0.9769406392694064
sdq_hyper,cont,roll_min,0.04788306965391884,0.8166,-0.052452553169522353,2.3017545494344174,2.0288581530421568,0.9778043478260868
sdq_hyper,cont,roll_max,-0.14013485522568908,0.5127999999999999,-0.11222710931651192,2.366216537728808,2.112967812553832,0.9769406392694064
sdq_hyper,cont,roll_range,-0.14584568004679868,0.4918,-0.027715564494273925,2.2745433278321454,2.0226717107059473,0.9769406392694064
sdq_hyper,cont,roll_median,0.28246618153642034,0.17900000000000005,0.06756872119633761,2.1665372681580783,1.8653577324255657,0.9769406392694064
sdq_hyper,cont,roll_iqr,-0.4234796251961263,0.03920000000000001,0.1008860155345237,2.1274782238312806,1.7716610255951928,0.9769406392694064
sdq_hyper,cont,roll_mad,-0.4414906880934719,0.03080000000000005,0.09537353058488207,2.1339900627699437,1.7673449129533665,0.9769406392694064
sdq_hyper,cont,roll_skew,-0.40546856229878064,0.046599999999999975,0.09196978477642137,2.1380009669036375,1.8358140429644587,0.9769406392694064
sdq_hyper,cont,roll_kurt,0.30355230395282495,0.14680000000000004,0.03243651490687238,2.206975348877706,1.962626174928004,0.9769406392694064
sdq_hyper,cont,roll_zcr,0.24249040778865322,0.249,-0.017673339596733895,2.2634033057066403,2.006192365787566,0.9769406392694064
sdq_hyper,cont,roll_madiff,0.09928049304390513,0.6388,-0.07329476914226762,2.3244341833312196,2.0327959195548155,0.9769406392694064
sdq_hyper,cont,roll_domfreq,-0.3487996083046932,0.09440000000000004,0.054885327015157026,2.1812226562853043,1.9459021866909818,0.9769406392694064
sdq_hyper,cont,roll_centroid,-0.10367343521398942,0.6264000000000001,-0.053231964484200534,2.3026066930822706,2.034063352907364,0.9769406392694064
sdq_hyper,cont,roll_spread,0.00043929421700842974,0.997,-0.051945439830482165,2.301199944349152,2.0253593366980813,0.9991999999999999
sdq_hyper,cont,roll_entropy,-0.09444825665681239,0.6542,-0.04855076107264189,2.2974839022646716,2.0351448128309184,0.9769406392694064
sdq_hyper,cont,roll_bp_lf,-0.0913731971377534,0.6634,-0.05254217135641026,2.301852546573429,2.028954140132594,0.9769406392694064
sdq_hyper,cont,roll_bp_mf,-0.011421649642219174,0.961,-0.04816091857564553,2.297056769807449,2.0326293659176526,0.9991999999999999
sdq_hyper,cont,roll_bp_hf,-0.001757176868033719,0.9932,-0.050491827748657236,2.2996094586217786,2.0316857278554603,0.9991999999999999
sdq_hyper,cont,yaw_mean,0.0975233161758714,0.6437999999999999,-0.08513721613307501,2.3372225962028295,2.0660282716882774,0.9769406392694064
sdq_hyper,cont,yaw_std,0.12651673449842776,0.5554,-0.08400276773345117,2.3360005609875563,2.0703180148994846,0.9769406392694064
sdq_hyper,cont,yaw_var,0.12651673449842776,0.5554,-0.07306873681581894,2.324189411370205,2.063395611160981,0.9769406392694064
sdq_hyper,cont,yaw_rms,0.11729155594125075,0.5808,-0.0949314230051348,2.3477465282263767,2.0972757205297436,0.9769406392694064
sdq_hyper,cont,yaw_min,-0.2701659434601843,0.19679999999999997,0.07062219381401413,2.16298693300497,1.8804309953825011,0.9769406392694064
sdq_hyper,cont,yaw_max,0.1225630865453519,0.5662,-0.08005259816054378,2.3317404149610677,2.0588637513852084,0.9769406392694064
sdq_hyper,cont,yaw_range,0.22228287380626546,0.29200000000000004,0.04512139997166986,2.1924607507163816,1.8964292998491004,0.9769406392694064
sdq_hyper,cont,yaw_median,0.05095812917297785,0.804,-0.07650671539644294,2.3279096406618627,2.06221292761451,0.9778043478260868
sdq_hyper,cont,yaw_iqr,0.1932894554837091,0.3648,-0.004871776831110175,2.249122299593305,2.003974149473256,0.9769406392694064
sdq_hyper,cont,yaw_mad,0.19285016126670065,0.36619999999999997,-0.026384942301001413,2.2730703822912837,2.0074042588954772,0.9769406392694064
sdq_hyper,cont,yaw_skew,-0.07116566315536561,0.7294,-0.08048229976500498,2.332204213187974,2.069261489744834,0.9769406392694064
sdq_hyper,cont,yaw_kurt,-0.25786570538394826,0.21899999999999997,-0.0067448718467919555,2.251217521344468,2.003257772147144,0.9769406392694064
sdq_hyper,cont,yaw_zcr,-0.10806637738407372,0.6106,-0.04230157168688353,2.2906273586972676,2.007668018543533,0.9769406392694064
sdq_hyper,cont,yaw_madiff,0.00043929421700842974,0.997,-0.04148165506284984,2.2897262313272124,2.011185219205808,0.9991999999999999
sdq_hyper,cont,yaw_domfreq,-0.13618120727261324,0.5262,-0.05102377534918778,2.300191622557092,2.0230147924099566,0.9769406392694064
sdq_hyper,cont,yaw_centroid,-0.39053255892049404,0.05779999999999996,0.057481997940943774,2.1782241771982376,1.9346048464150378,0.9769406392694064
sdq_hyper,cont,yaw_spread,-0.31980618998213683,0.12319999999999998,0.04258864010046659,2.1953665123739676,1.9490932713207083,0.9769406392694064
sdq_hyper,cont,yaw_entropy,-0.39668267795861206,0.05359999999999998,0.06382578675276174,2.170881333782134,1.937994788631124,0.9769406392694064
sdq_hyper,cont,yaw_bp_lf,-0.40063632591168796,0.050000000000000044,0.05134971468142446,2.1852987535690422,1.9350394211486701,0.9769406392694064
sdq_hyper,cont,yaw_bp_mf,-0.31541324781205254,0.13180000000000003,0.047263539493063056,2.1900001270295313,1.9286541435389293,0.9769406392694064
sdq_hyper,cont,yaw_bp_hf,-0.30750595190590085,0.14139999999999997,0.03806471041714088,2.2005471377375283,1.9442915181343026,0.9769406392694064
sdq_hyper,cont,jerk_mean,0.04788306965391884,0.8166,-0.058263136398768234,2.308099788916266,2.038999789796286,0.9778043478260868
sdq_hyper,cont,jerk_std,-0.019328945548370908,0.9312,-0.0830177859671517,2.3349390134765953,2.0200048266627917,0.9991999999999999
sdq_hyper,cont,jerk_var,-0.019328945548370908,0.9312,-0.0707897347273565,2.321720022547552,2.009781787815419,0.9991999999999999
sdq_hyper,cont,jerk_rms,-0.019328945548370908,0.9312,-0.0830176262632647,2.3349388413192886,2.020004520160224,0.9991999999999999
sdq_hyper,cont,jerk_min,0.08478378388262695,0.6836,-0.050911434619564044,2.3000686890342648,2.0512219971398067,0.9769406392694064
sdq_hyper,cont,jerk_max,-0.1489207395658577,0.48260000000000003,-0.046029434576202455,2.2947199953055817,2.0502566714534267,0.9769406392694064
sdq_hyper,cont,jerk_range,-0.11333790798817488,0.5953999999999999,-0.046646213210821186,2.2953964225869536,2.049934325080756,0.9769406392694064
sdq_hyper,cont,jerk_median,0.0,0.9992,,,,0.9991999999999999
sdq_hyper,cont,jerk_iqr,0.162538860293119,0.44699999999999995,-0.054886270293445616,2.3044143295536634,2.0854886489080653,0.9769406392694064
sdq_hyper,cont,jerk_mad,0.162538860293119,0.44699999999999995,-0.05460343576945892,2.3041053807873646,2.086287356661933,0.9769406392694064
sdq_hyper,cont,jerk_skew,0.09532684509082925,0.6522,-0.11726707650633728,2.3715716374669693,2.07663830435551,0.9769406392694064
sdq_hyper,cont,jerk_kurt,0.12607744028141935,0.5564,-0.039547209582338594,2.2875987770332173,2.0596922882263895,0.9769406392694064
sdq_hyper,cont,jerk_zcr,-0.22623652175934134,0.28259999999999996,-0.026687684810148493,2.27340559000214,2.053154667441477,0.9769406392694064
sdq_hyper,cont,jerk_madiff,-0.09532684509082925,0.6522,-0.06960515589832394,2.320435446618359,2.0105557592455177,0.9769406392694064
sdq_hyper,cont,jerk_domfreq,0.04612589278588512,0.8238,-0.03620147698268639,2.2839145470512494,1.9716498544668972,0.9807142857142856
sdq_hyper,cont,jerk_centroid,0.28993418322556364,0.16759999999999997,-0.019123859732912196,2.2650157794234738,1.9427459760710037,0.9769406392694064
sdq_hyper,cont,jerk_spread,-0.048322363870927275,0.8144,-0.07458573682298808,2.325831687398922,2.0318286430055235,0.9778043478260868
sdq_hyper,cont,jerk_entropy,-0.1388169725746638,0.5187999999999999,-0.04573242978027148,2.2943941960465932,1.9756451761395308,0.9769406392694064
sdq_hyper,cont,jerk_bp_lf,-0.07863366484450893,0.7032,-0.05700295748149298,2.30672513784696,1.9801874558142416,0.9769406392694064
sdq_hyper,cont,jerk_bp_mf,-0.10367343521398942,0.6264000000000001,-0.11367073587168042,2.367751667237433,2.0663979840645195,0.9769406392694064
sdq_hyper,cont,jerk_bp_hf,0.0812694301465595,0.6946,-0.10795333712495725,2.3616660265802865,2.0396791130206937,0.9769406392694064
sdq_hyper,cont,actfrac_p50,-0.34783138156638627,0.09440000000000004,-0.028361360673366587,2.2752578546710476,1.9746023775938333,0.9769406392694064
sdq_hyper,cont,switchmin_p50,0.06413695568323075,0.752,-0.09117428321820809,2.343715046604174,2.090698237416238,0.9769406392694064
sdq_hyper,cont,actbout_med_p50,0.13624045513587854,0.5262,-0.08930665173736974,2.341708460371902,2.060616509764946,0.9769406392694064
sdq_hyper,cont,actbout_cv_p50,-0.0988411988268967,0.6396,-0.07128150658297705,2.32225309896104,2.0894875809773636,0.9769406392694064
sdq_hyper,cont,actshort_p50,0.06633342676827289,0.7445999999999999,-0.09298845339610073,2.3456625504036985,2.081407636854158,0.9769406392694064
sdq_hyper,cont,actfrac_p75,0.15995135229626728,0.4534,-0.04209721748012907,2.2904027968738117,2.0226865956858577,0.9769406392694064
sdq_hyper,cont,switchmin_p75,0.18230710005849834,0.39480000000000004,-0.05205390002154697,2.3013185731977144,2.082674829177017,0.9769406392694064
sdq_hyper,cont,actbout_med_p75,-0.057390310030866906,0.778,-0.09979107775732476,2.3529507838950714,2.100042054645593,0.9769406392694064
sdq_hyper,cont,actbout_cv_p75,-0.059304719296138016,0.7684,-0.07802961541319009,2.3295556688077537,2.0859492098142325,0.9769406392694064
sdq_hyper,cont,actshort_p75,0.1774748636714056,0.41000000000000003,-0.023122883200282773,2.269455368806873,2.064099912868194,0.9769406392694064
sdq_hyper,cont,actfrac_p90,0.1485783759077632,0.48360000000000003,-0.07690249117882253,2.328337527260418,2.074782578148442,0.9769406392694064
sdq_hyper,cont,switchmin_p90,0.20910404729601256,0.3238,-0.020632782563177354,2.266691959331608,2.0390064282843725,0.9769406392694064
sdq_hyper,cont,actbout_med_p90,-0.015615325820800123,0.947,-0.039933575041134484,2.2880238501004797,2.070676438121399,0.9991999999999999
sdq_hyper,cont,actbout_cv_p90,-0.06281907303220545,0.7564,-0.08539124792619068,2.3374961533595293,2.054636905425139,0.9769406392694064
sdq_hyper,cont,actshort_p90,-0.06545483833425603,0.7465999999999999,-0.13835765025720126,2.393850984932488,2.066011204420501,0.9769406392694064
sdq_hyper,cont,switch_per_min,0.2984105452814888,0.15480000000000005,-0.06367830122097162,2.3139975623631877,2.0592062540631857,0.9769406392694064
sdq_hyper,cont,act_bout_median,-0.32597323309199233,0.11580000000000001,-0.13903753035028998,2.3945657377578713,2.0689239598387625,0.9769406392694064
sdq_hyper,cont,stl_bout_median,-0.11545634373857357,0.5876,-0.15787351587076381,2.414283728572277,2.1201706307523898,0.9769406392694064
sdq_hyper,cont,act_bout_cv,-0.14979932799987455,0.48019999999999996,-0.0788293456545115,2.330419592535652,2.1018502657463425,0.9769406392694064
sdq_hyper,cont,stl_bout_cv,0.09840190460988826,0.6406000000000001,-0.16614851687710797,2.4228954777523786,2.091698459254078,0.9769406392694064
sdq_hyper,cont,frac_act_short,0.1845035711435405,0.388,-0.1528316611829048,2.4090216047427524,2.1030649976089246,0.9769406392694064
sdq_hyper,cont,within_win_sd,-0.048322363870927275,0.8144,-0.08446248821725466,2.3364958519150343,2.012604519113084,0.9778043478260868
sdq_hyper,cont,mag_median,-0.06633342676827289,0.7445999999999999,-0.09046972964396005,2.342958274989124,2.044427889671791,0.9769406392694064
sdq_emo,cont,uaX_mean,-0.1766052244339089,0.4122,-0.03975250376616457,1.8166133418239032,1.5709086999274193,0.9119083969465649
sdq_emo,cont,uaX_std,0.004471018340098959,0.9834,-0.0591692630494014,1.8334969700666952,1.573202606756074,0.9992673992673993
sdq_emo,cont,uaX_var,0.004471018340098959,0.9834,-0.05673004410613647,1.8313845228197774,1.5743938683965284,0.9992673992673993
sdq_emo,cont,uaX_rms,-0.0022355091700494794,0.992,-0.060863214957103784,1.834962559644919,1.5749130773018651,0.9992673992673993
sdq_emo,cont,uaX_min,0.2968756177825709,0.15339999999999998,-0.22204735689278898,1.9694344482084587,1.6318647237245794,0.9038495575221238
sdq_emo,cont,uaX_max,-0.1099870511664344,0.619,-0.02258365908117077,1.8015525564372123,1.502818511945233,0.933937198067633
sdq_emo,cont,uaX_range,-0.20969076015064117,0.32520000000000004,-0.019427152509269296,1.7987698952965252,1.511044010619286,0.9038495575221238
sdq_emo,cont,uaX_median,-0.08494934846188022,0.7010000000000001,-0.026753707013888572,1.8052221423223893,1.5785112448621181,0.933937198067633
sdq_emo,cont,uaX_iqr,-0.08986746863598907,0.6824,-0.07406636215518003,1.8463459146123111,1.6068233601959625,0.933937198067633
sdq_emo,cont,uaX_mad,-0.1198232915146521,0.5904,-0.07564632340485411,1.847703411271436,1.6141765409273556,0.933937198067633
sdq_emo,cont,uaX_skew,-0.22086830600088858,0.2982,-0.11372585688144277,1.8801247362914553,1.5895622325985872,0.9038495575221238
sdq_emo,cont,uaX_kurt,-0.27899154442217505,0.18120000000000003,0.04164813219048835,1.7440543264137052,1.4717978129490117,0.9038495575221238
sdq_emo,cont,uaX_zcr,-0.21595018582677972,0.3074,-0.03888616002869938,1.815856363814091,1.5551311935434053,0.9038495575221238
sdq_emo,cont,uaX_madiff,-0.058123238421286465,0.7998000000000001,-0.047709253839403054,1.8235509498047366,1.602127853463636,0.9674784482758622
sdq_emo,cont,uaX_domfreq,-0.03845075772485105,0.8704000000000001,-0.012347736038073709,1.7925132311776473,1.541180227250262,0.98797131147541
sdq_emo,cont,uaX_centroid,-0.16185086391158232,0.44920000000000004,0.01745184594747573,1.7659338611603759,1.4619574495734105,0.9218656716417911
sdq_emo,cont,uaX_spread,-0.1542501327334141,0.4766,-0.0004551986608025693,1.7819533676404542,1.5061093805075554,0.933937198067633
sdq_emo,cont,uaX_entropy,-0.14351968871717657,0.5085999999999999,0.012307470373281393,1.7705508190188386,1.5080675465832485,0.933937198067633
sdq_emo,cont,uaX_bp_lf,0.049181201741088545,0.8311999999999999,-0.10065411621766374,1.869058708500426,1.601531990381316,0.9736610878661088
sdq_emo,cont,uaX_bp_mf,-0.20030162163643336,0.3528,-0.009331831686588687,1.7898411845155056,1.4943913455383386,0.9038495575221238
sdq_emo,cont,uaX_bp_hf,-0.16050955840955264,0.45499999999999996,0.019159385167347498,1.7643987137239112,1.4881216745321024,0.9268518518518517
sdq_emo,cont,uaY_mean,0.1958306032963344,0.36639999999999995,-0.06369554185820392,1.8374104480473137,1.585007271966015,0.9038495575221238
sdq_emo,cont,uaY_std,0.13904867037707763,0.523,-0.038302865040829026,1.8153465251664584,1.5512618659480986,0.933937198067633
sdq_emo,cont,uaY_var,0.13904867037707763,0.523,-0.03424754131711527,1.8117979361870664,1.5531414494444622,0.933937198067633
sdq_emo,cont,uaY_rms,0.13860156854306774,0.5244,-0.03839137185951369,1.815423895232239,1.5502680431333797,0.933937198067633
sdq_emo,cont,uaY_min,0.10775154199638491,0.6264000000000001,-0.13750179159493459,1.900087306763311,1.6120692340851432,0.933937198067633
sdq_emo,cont,uaY_max,-0.022355091700494795,0.9234,-0.07036146436741308,1.843158759573419,1.6121347166365734,0.9992673992673993
sdq_emo,cont,uaY_range,-0.1980661124663839,0.3598,-0.05999023203777276,1.8342074101432027,1.5965738267086564,0.9038495575221238
sdq_emo,cont,uaY_median,-0.02816741554262344,0.9052,-0.053076972608209205,1.828216272531178,1.581493534580859,0.9992673992673993
sdq_emo,cont,uaY_iqr,-0.08271383929183074,0.7101999999999999,-0.09044600246615375,1.8603711431959087,1.6057219327998649,0.937085308056872
sdq_emo,cont,uaY_mad,-0.11579937500856304,0.6016,-0.08953909856162845,1.8595973640291865,1.6085213697946437,0.933937198067633
sdq_emo,cont,uaY_skew,0.14575519788722607,0.5024,-0.198541925886502,1.950401971832146,1.6383737107212129,0.933937198067633
sdq_emo,cont,uaY_kurt,-0.17079290059178023,0.4274,-0.11823013043390751,1.8839228212945922,1.5976917029210107,0.9119083969465649
sdq_emo,cont,uaY_zcr,-0.27899154442217505,0.18120000000000003,0.012333202375945929,1.770527755102808,1.5292892343250835,0.9038495575221238
sdq_emo,cont,uaY_madiff,-0.08942036680197918,0.6839999999999999,-0.08155672459802465,1.85277278570884,1.6093597662444774,0.933937198067633
sdq_emo,cont,uaY_domfreq,-0.08181963562381095,0.7132000000000001,-0.10918479966213646,1.8762878519234398,1.5966216485264468,0.937085308056872
sdq_emo,cont,uaY_centroid,-0.23249295368514586,0.27059999999999995,-0.0028837248045605612,1.7841148324166964,1.5531906286929205,0.9038495575221238
sdq_emo,cont,uaY_spread,-0.21058496381866096,0.3224,-0.01735231644306534,1.7969384482979565,1.5558910512289212,0.9038495575221238
sdq_emo,cont,uaY_entropy,-0.21505598215875993,0.3106,-0.03552551866950093,1.8129169728809205,1.5689472643732636,0.9038495575221238
sdq_emo,cont,uaY_bp_lf,0.02101378619846511,0.9294,-0.06265891355572939,1.8365149023362066,1.5711737602854263,0.9992673992673993
sdq_emo,cont,uaY_bp_mf,-0.19404219596029482,0.37139999999999995,-0.02048455322890419,1.799702540466425,1.5667018650174802,0.9038495575221238
sdq_emo,cont,uaY_bp_hf,-0.22802193534504692,0.2812,0.004317288786245377,1.7776980464317143,1.547227243844322,0.9038495575221238
sdq_emo,cont,uaZ_mean,-0.02414349903653438,0.918,-0.07284380767153231,1.8452948151402686,1.587481832864582,0.9992673992673993
sdq_emo,cont,uaZ_std,0.0880790612999495,0.69,-0.06714992096734429,1.8403915489658849,1.5636623923229542,0.933937198067633
sdq_emo,cont,uaZ_var,0.0880790612999495,0.69,-0.06108007493535439,1.8351501001313792,1.5623569772650414,0.933937198067633
sdq_emo,cont,uaZ_rms,0.0760073117816823,0.7328,-0.06475545819649442,1.8383256612702021,1.561754022479527,0.9390740740740741
sdq_emo,cont,uaZ_min,0.23428136102118544,0.265,0.04858450420384397,1.7377312944971544,1.505343261042824,0.9038495575221238
sdq_emo,cont,uaZ_max,0.06035874759133594,0.7924,-0.03938251843516949,1.816290101394782,1.5609528426184012,0.9674784482758622
sdq_emo,cont,uaZ_range,-0.13591895753900834,0.5327999999999999,-0.05381618373753816,1.828857821426547,1.6105198159462215,0.933937198067633
sdq_emo,cont,uaZ_median,-0.006706527510148439,0.9744,-0.10029094443995756,1.8687503258003717,1.6059292857070788,0.9992673992673993
sdq_emo,cont,uaZ_iqr,-0.08047833012178127,0.718,-0.08582254333099426,1.8564229941424937,1.6024418432781367,0.937085308056872
sdq_emo,cont,uaZ_mad,-0.11892908784663231,0.5926,-0.091816876094583,1.8615401752651712,1.6053400510179294,0.933937198067633
sdq_emo,cont,uaZ_skew,0.3451626158556396,0.09499999999999997,-0.005777348182668174,1.786686834403821,1.524698006803942,0.9038495575221238
sdq_emo,cont,uaZ_kurt,-0.274967627916086,0.1896,0.07365168684529821,1.7146862669088454,1.4940100013625746,0.9038495575221238
sdq_emo,cont,uaZ_zcr,-0.2070081491465818,0.33320000000000005,-0.0678518243516657,1.840996695763414,1.5670959973884095,0.9038495575221238
sdq_emo,cont,uaZ_madiff,0.006259425676138543,0.9758,-0.10010244750565112,1.8685902459609876,1.6057632690953254,0.9992673992673993
sdq_emo,cont,uaZ_domfreq,0.16855739142173076,0.43320000000000003,-0.11050785659404871,1.8774065545131498,1.6236551443804295,0.9119083969465649
sdq_emo,cont,uaZ_centroid,-0.33309086633737245,0.10799999999999998,0.06306320198400805,1.7244581537798223,1.4546338767528038,0.9038495575221238
sdq_emo,cont,uaZ_spread,-0.3259372369932141,0.11739999999999995,0.04894128796945674,1.7374054366288187,1.524046543813659,0.9038495575221238
sdq_emo,cont,uaZ_entropy,-0.3804836607424214,0.06279999999999997,0.041900141300874494,1.7438250022521848,1.4933255412427868,0.9038495575221238
sdq_emo,cont,uaZ_bp_lf,0.22310381517093805,0.29300000000000004,0.007219699989308381,1.7751051640711868,1.5576275955586165,0.9038495575221238
sdq_emo,cont,uaZ_bp_mf,-0.3375618846774714,0.10319999999999996,0.07193306500709662,1.7162761287726596,1.4354779395757173,0.9038495575221238
sdq_emo,cont,uaZ_bp_hf,-0.36572930022009487,0.07299999999999995,0.06718497863394901,1.720660850797205,1.5133341048449995,0.9038495575221238
sdq_emo,cont,uaMag_mean,0.03710945222282136,0.8766,-0.06360705694314395,1.8373340227534483,1.5779481527139627,0.98797131147541
sdq_emo,cont,uaMag_std,0.08450224662787033,0.7030000000000001,-0.049064074031628824,1.8247296095623127,1.5599542300258207,0.933937198067633
sdq_emo,cont,uaMag_var,0.08450224662787033,0.7030000000000001,-0.03708086040243419,1.8142779472762554,1.5576608282079158,0.933937198067633
sdq_emo,cont,uaMag_rms,0.0760073117816823,0.7328,-0.05138006199249734,1.8267427001115863,1.5528164004340432,0.9390740740740741
sdq_emo,cont,uaMag_min,-0.0755602099476724,0.7343999999999999,-0.10989585555354431,1.8768891637078247,1.599031043934664,0.9390740740740741
sdq_emo,cont,uaMag_max,-0.3031350434587094,0.1442,-0.06216086674662136,1.836084483143212,1.5846085999661532,0.9038495575221238
sdq_emo,cont,uaMag_range,-0.3031350434587094,0.1442,-0.062165519928016444,1.8360885049562288,1.584608684576808,0.9038495575221238
sdq_emo,cont,uaMag_median,-0.10551603282633543,0.6346,-0.08097594494213811,1.8522752633823325,1.6108333067704452,0.933937198067633
sdq_emo,cont,uaMag_iqr,0.053205118247177614,0.8162,-0.054358451376403716,1.8293283033193104,1.566783428485439,0.9674784482758622
sdq_emo,cont,uaMag_mad,-0.009389138514207813,0.9666,-0.07798264809946431,1.8497089466848902,1.5973005674317597,0.9992673992673993
sdq_emo,cont,uaMag_skew,-0.2204212041668787,0.29879999999999995,0.003651560305566015,1.7782922449910692,1.5855987246258814,0.9038495575221238
sdq_emo,cont,uaMag_kurt,-0.2982169232846006,0.15059999999999996,0.005944403337303172,1.7762449223545436,1.5323763575266263,0.9038495575221238
sdq_emo,cont,uaMag_zcr,-0.2669197949039078,0.20140000000000002,0.024031655104491678,1.760010982887818,1.5180257198162301,0.9038495575221238
sdq_emo,cont,uaMag_madiff,-0.0545464237492073,0.8114,-0.06791072817262589,1.841047470712655,1.5940954432184362,0.9674784482758622
sdq_emo,cont,uaMag_domfreq,-0.13368344836895887,0.5396000000000001,-0.07738981799082234,1.8492002585527993,1.5879641150733532,0.933937198067633
sdq_emo,cont,uaMag_centroid,-0.3773539479043521,0.06540000000000001,0.14748244737610394,1.6449366492564836,1.3565740377120499,0.9038495575221238
sdq_emo,cont,uaMag_spread,-0.3326437645033625,0.10860000000000003,0.18626936610999156,1.6070812900352398,1.2849258604485396,0.9038495575221238
sdq_emo,cont,uaMag_entropy,-0.369306114892174,0.07079999999999997,0.06844194732590181,1.7195011643321236,1.439595738775121,0.9038495575221238
sdq_emo,cont,uaMag_bp_lf,-0.35589305987187714,0.08220000000000005,0.08678599084392746,1.7024869618142555,1.4217250202330687,0.9038495575221238
sdq_emo,cont,uaMag_bp_mf,-0.20387843630851252,0.3428,0.030925688849959387,1.753783794046126,1.4339874162870412,0.9038495575221238
sdq_emo,cont,uaMag_bp_hf,-0.3836133735804907,0.06140000000000001,0.1552140665976377,1.6374605622648488,1.343346833169412,0.9038495575221238
sdq_emo,cont,gyX_mean,0.06885368243752397,0.7624,-0.09064814947636357,1.860543573117399,1.5855452454578078,0.953
sdq_emo,cont,gyX_std,-0.20343133447450262,0.344,-0.18906347460738293,1.942674463614518,1.6495551079294468,0.9038495575221238
sdq_emo,cont,gyX_var,-0.20343133447450262,0.344,-0.2364525692377153,1.981008060848262,1.6658251650074238,0.9038495575221238
sdq_emo,cont,gyX_rms,-0.20343133447450262,0.344,-0.18898960668037512,1.942614120509508,1.6495379860810642,0.9038495575221238
sdq_emo,cont,gyX_min,-0.05544062741722709,0.8084,-0.08207497142978859,1.8532166267984895,1.5835396426872064,0.9674784482758622
sdq_emo,cont,gyX_max,0.16542767858366147,0.44099999999999995,-0.05706320156867695,1.8316731922588465,1.5661673541351178,0.9172180451127819
sdq_emo,cont,gyX_range,0.09657399614613751,0.6617999999999999,-0.07346667943096663,1.8458304081321342,1.5772322664199947,0.933937198067633
sdq_emo,cont,gyX_median,-0.09344428330806824,0.6708000000000001,-0.0987365028398548,1.8674298160062412,1.5968022394162815,0.933937198067633
sdq_emo,cont,gyX_iqr,-0.2302574445150964,0.276,-0.06571262794401211,1.8391517638386983,1.5871248706615917,0.9038495575221238
sdq_emo,cont,gyX_mad,-0.2302574445150964,0.276,-0.06623622877232149,1.8396035099796755,1.5880788729357136,0.9038495575221238
sdq_emo,cont,gyX_skew,0.0657239695994547,0.7718,-0.12681979081130756,1.8911446353215435,1.6232669341994714,0.9603846153846154
sdq_emo,cont,gyX_kurt,0.14754360522326565,0.498,-0.07657135751506972,1.8484977343378535,1.5905148107348541,0.933937198067633
sdq_emo,cont,gyX_zcr,-0.41625180746321305,0.04279999999999995,0.23399847937669782,1.5592377040177294,1.3647197637684758,0.9038495575221238
sdq_emo,cont,gyX_madiff,-0.2709437114099969,0.1946,-0.18568107815528956,1.9399094410210083,1.6497992901602112,0.9038495575221238
sdq_emo,cont,gyX_domfreq,-0.21907989866484898,0.3014,-0.1482016940509241,1.9090029683822032,1.6290162190889539,0.9038495575221238
sdq_emo,cont,gyX_centroid,-0.15514433640143388,0.474,-0.1067411307133106,1.8742198671780361,1.6032900831865964,0.933937198067633
sdq_emo,cont,gyX_spread,-0.16989869692376044,0.4296,-0.03011817479675316,1.8081774003983773,1.557745044891979,0.9119083969465649
sdq_emo,cont,gyX_entropy,-0.08494934846188022,0.7010000000000001,-0.053135642464678945,1.8282671993367114,1.5887789063688882,0.933937198067633
sdq_emo,cont,gyX_bp_lf,0.1743697152638594,0.4172,-0.06774337752920134,1.8409032112057018,1.5661768696849154,0.9119083969465649
sdq_emo,cont,gyX_bp_mf,-0.2172914913288094,0.3052,-0.08660342913736052,1.857090411592089,1.5789454063908288,0.9038495575221238
sdq_emo,cont,gyX_bp_hf,-0.13413055020296877,0.5386,-0.07064828295490311,1.8434056933426701,1.6006255138177246,0.933937198067633
sdq_emo,cont,gyY_mean,-0.11803488417861252,0.5962000000000001,-0.026776647493189643,1.8052423090038396,1.5462186130764435,0.933937198067633
sdq_emo,cont,gyY_std,-0.0031297128380692713,0.9892,-0.06548719705406558,1.838957235062575,1.6022764396869205,0.9992673992673993
sdq_emo,cont,gyY_var,-0.0031297128380692713,0.9892,-0.0663382047322949,1.8396914786884846,1.6055829754879338,0.9992673992673993
sdq_emo,cont,gyY_rms,-0.0031297128380692713,0.9892,-0.0655615587390308,1.8390214055064276,1.6024261693810835,0.9992673992673993
sdq_emo,cont,gyY_min,0.24680021237346253,0.23719999999999997,-0.15866799563534761,1.9176838802075387,1.5968670240027034,0.9038495575221238
sdq_emo,cont,gyY_max,-0.04649859073702917,0.8422000000000001,-0.09293619505997253,1.8624941463506262,1.6170089170871427,0.9736610878661088
sdq_emo,cont,gyY_range,-0.12787112452683022,0.5624,-0.07397714792840415,1.8462692323189334,1.5900214519694125,0.933937198067633
sdq_emo,cont,gyY_median,0.024590600870544273,0.916,-0.08263902238373433,1.8536995750450738,1.6175395523752696,0.9992673992673993
sdq_emo,cont,gyY_iqr,-0.09702109798014741,0.6612,-0.07324550330010804,1.8456402416989621,1.6170417720674777,0.933937198067633
sdq_emo,cont,gyY_mad,-0.1086457456644047,0.6232,-0.07345970861018891,1.8458244149447833,1.6170230917030732,0.933937198067633
sdq_emo,cont,gyY_skew,-0.07511310811366251,0.7376,-0.04840191013055861,1.8241536386420152,1.5686058363102287,0.9390740740740741
sdq_emo,cont,gyY_kurt,0.08003122828777137,0.719,-0.10507733443036371,1.872810552565507,1.6081749018963984,0.937085308056872
sdq_emo,cont,gyY_zcr,-0.3259372369932141,0.11739999999999995,0.08553844571180258,1.7036494518869523,1.4815232932584712,0.9038495575221238
sdq_emo,cont,gyY_madiff,-0.23204585185113596,0.27159999999999995,-0.0891637232397331,1.8592769959513658,1.6302274842581628,0.9038495575221238
sdq_emo,cont,gyY_domfreq,0.01609566602435625,0.945,-0.08983756828163192,1.85985205681573,1.5976989964162145,0.9992673992673993
sdq_emo,cont,gyY_centroid,-0.18867697395217606,0.38460000000000005,0.008004050845076716,1.7744038103262765,1.5273938331833252,0.9117672413793104
sdq_emo,cont,gyY_spread,-0.21863279683083908,0.3036,0.016635588305211613,1.7666672388343014,1.5279128563327007,0.9038495575221238
sdq_emo,cont,gyY_entropy,-0.09567979247811773,0.6636,-0.027139305098638822,1.8055610867322562,1.5662777598223159,0.933937198067633
sdq_emo,cont,gyY_bp_lf,0.26736689673791775,0.20079999999999998,0.023081056054823024,1.760867904928875,1.530002821902773,0.9038495575221238
sdq_emo,cont,gyY_bp_mf,-0.2400936848633141,0.25239999999999996,-0.030613063607918267,1.8086116900441238,1.5489148902374759,0.9038495575221238
sdq_emo,cont,gyY_bp_hf,-0.2284690371790568,0.2804,0.005129308858867976,1.7769730057564384,1.540181633880584,0.9038495575221238
sdq_emo,cont,gyZ_mean,0.42787645514747036,0.03700000000000003,0.052073059686952194,1.7345424987944287,1.4964083796476315,0.9038495575221238
sdq_emo,cont,gyZ_std,-0.09702109798014741,0.6612,-0.06799265417486122,1.8411180883975256,1.5898986850108867,0.933937198067633
sdq_emo,cont,gyZ_var,-0.09702109798014741,0.6612,-0.06487800993092319,1.8384314524705374,1.5916535949184025,0.933937198067633
sdq_emo,cont,gyZ_rms,-0.09702109798014741,0.6612,-0.06806552840658009,1.8411809014594804,1.5900824564361324,0.933937198067633
sdq_emo,cont,gyZ_min,0.11848198601262241,0.5948,-0.07379031528901603,1.8461086337635826,1.596095173775403,0.933937198067633
sdq_emo,cont,gyZ_max,-0.5096960907712813,0.012800000000000034,-0.22701640449033267,1.9734344100510826,1.6591992589809832,0.9038495575221238
sdq_emo,cont,gyZ_range,-0.32280752415514485,0.12239999999999995,-0.11639896628023028,1.88237967498655,1.6447317766618952,0.9038495575221238
sdq_emo,cont,gyZ_median,0.2941930067785115,0.15739999999999998,-0.027231505761003527,1.8056421225720956,1.551062228741273,0.9038495575221238
sdq_emo,cont,gyZ_iqr,-0.22086830600088858,0.2982,-0.05000467761194849,1.8255474636354292,1.5942867986650164,0.9038495575221238
sdq_emo,cont,gyZ_mad,-0.22086830600088858,0.2982,-0.050018752428092395,1.8255596988946412,1.5933478896165474,0.9038495575221238
sdq_emo,cont,gyZ_skew,-0.10372762549029585,0.6402,-0.1054373619795943,1.8731156029287765,1.5994186551649652,0.933937198067633
sdq_emo,cont,gyZ_kurt,-0.12563561535678075,0.5696,-0.046294517167153826,1.8223193505411224,1.576947224177114,0.933937198067633
sdq_emo,cont,gyZ_zcr,-0.38406047541450056,0.06120000000000003,0.20638214283119816,1.5870961118991274,1.3425430908260123,0.9038495575221238
sdq_emo,cont,gyZ_madiff,-0.2163972876607896,0.30600000000000005,-0.026864884228593455,1.8053198746878423,1.6145475378681624,0.9038495575221238
sdq_emo,cont,gyZ_domfreq,0.1971719087983641,0.36240000000000006,-0.03149492488820904,1.8093853089887504,1.5753885410769515,0.9038495575221238
sdq_emo,cont,gyZ_centroid,-0.20074872347044326,0.35140000000000005,0.009228246334413215,1.7733086003482406,1.5651562114023878,0.9038495575221238
sdq_emo,cont,gyZ_spread,-0.2079023528146016,0.3298,0.03123144988189963,1.7535070964587973,1.548115116687667,0.9038495575221238
sdq_emo,cont,gyZ_entropy,-0.19135958495623545,0.37839999999999996,-0.003537998812426224,1.7846967092637422,1.5811445490091378,0.9117672413793104
sdq_emo,cont,gyZ_bp_lf,0.27586183158410577,0.1874,0.02074738455929992,1.7629698378042202,1.5324255072803457,0.9038495575221238
sdq_emo,cont,gyZ_bp_mf,-0.25618935088767036,0.2218,-0.01259763324986185,1.7927344577396154,1.5809417691437495,0.9038495575221238
sdq_emo,cont,gyZ_bp_hf,-0.24367049953539327,0.24439999999999995,0.04146624175393221,1.7442198249966752,1.5221964654451294,0.9038495575221238
sdq_emo,cont,gyMag_mean,-0.1296595318628698,0.5542,-0.07239316309651778,1.844907219371464,1.609181273479163,0.933937198067633
sdq_emo,cont,gyMag_std,-0.11892908784663231,0.5926,-0.08137564352073334,1.8526176777387593,1.5953739667710753,0.933937198067633
sdq_emo,cont,gyMag_var,-0.11892908784663231,0.5926,-0.06571186403252871,1.8391511046791054,1.5761083506101503,0.933937198067633
sdq_emo,cont,gyMag_rms,-0.19985451980242347,0.3538,-0.10564976189627062,1.873295545502953,1.6236521871256473,0.9038495575221238
sdq_emo,cont,gyMag_min,-0.16811028958772087,0.4344,-0.07165809935698864,1.8442748221721914,1.5699037320060265,0.9119083969465649
sdq_emo,cont,gyMag_max,0.05365222008118751,0.8140000000000001,-0.03475542661420272,1.8122427390779443,1.5474296746123126,0.9674784482758622
sdq_emo,cont,gyMag_range,0.05365222008118751,0.8140000000000001,-0.034758741846592,1.812245642179904,1.5474302134135127,0.9674784482758622
sdq_emo,cont,gyMag_median,-0.1645334749156417,0.4436,-0.06904003597370822,1.8420206606271878,1.6064361874773454,0.9172180451127819
sdq_emo,cont,gyMag_iqr,-0.07287759894361304,0.7462,-0.07909335585257793,1.8506616323010605,1.5957626766077377,0.9413073394495413
sdq_emo,cont,gyMag_mad,-0.11669357867658282,0.5984,-0.07964615846936618,1.8511356040839144,1.6092486294721684,0.933937198067633
sdq_emo,cont,gyMag_skew,0.008942036680197918,0.9676,-0.037886930806407815,1.8149828834846011,1.5601836463136498,0.9992673992673993
sdq_emo,cont,gyMag_kurt,0.031297128380692714,0.8964,-0.05324475905151105,1.8283619113098775,1.56525224250063,0.9992673992673993
sdq_emo,cont,gyMag_zcr,-0.21326757482272035,0.3164,-0.05102134979766948,1.8264310474520933,1.5699052591059897,0.9038495575221238
sdq_emo,cont,gyMag_madiff,-0.27765023892014534,0.18359999999999999,-0.1131918454462395,1.879673939319119,1.6195968677396075,0.9038495575221238
sdq_emo,cont,gyMag_domfreq,-0.1859943629481167,0.3892,-0.029384907443527064,1.8075337298359533,1.538659864260848,0.9119083969465649
sdq_emo,cont,gyMag_centroid,-0.31967781131707557,0.12560000000000004,-0.0018694197156803316,1.7832123875460246,1.492386718472736,0.9038495575221238
sdq_emo,cont,gyMag_spread,-0.3290669498312834,0.11339999999999995,0.07031624027423622,1.7177704768983284,1.4442688178740575,0.9038495575221238
sdq_emo,cont,gyMag_entropy,-0.249035721543512,0.23299999999999998,0.008958639706258653,1.773549858352661,1.482665086602867,0.9038495575221238
sdq_emo,cont,gyMag_bp_lf,-0.12518851352277086,0.571,-0.08447834604657012,1.8552735560792482,1.5719436610843471,0.933937198067633
sdq_emo,cont,gyMag_bp_mf,-0.2700495077419771,0.19699999999999995,0.004413215217611621,1.7776124105483193,1.5049244692546548,0.9038495575221238
sdq_emo,cont,gyMag_bp_hf,-0.36572930022009487,0.07299999999999995,0.042932784010347724,1.7428849991651725,1.4605993985235368,0.9038495575221238
sdq_emo,cont,pitch_mean,0.14038997587910731,0.5196000000000001,-0.05963187655780766,1.8338973347197416,1.5875653973424846,0.933937198067633
sdq_emo,cont,pitch_std,-0.1211645970166818,0.5856,-0.0374153555647303,1.8145705080077585,1.58052636520499,0.933937198067633
sdq_emo,cont,pitch_var,-0.1211645970166818,0.5856,-0.03998499193207272,1.8168164274122025,1.5810683445424345,0.933937198067633
sdq_emo,cont,pitch_rms,-0.17749942810192867,0.40880000000000005,-0.03608421359067382,1.8134059665881095,1.5841800062333078,0.9119083969465649
sdq_emo,cont,pitch_min,-0.14799070705727554,0.4962,-0.07228628867688736,1.8448152855975766,1.533391737694771,0.933937198067633
sdq_emo,cont,pitch_max,-0.15827404923950314,0.46240000000000003,0.06927180755425333,1.7187351017351393,1.4362428398999698,0.9302173913043479
sdq_emo,cont,pitch_range,-0.13636605937301824,0.531,0.06680668984058102,1.7210097092119014,1.4417325458941184,0.933937198067633
sdq_emo,cont,pitch_median,0.19940741796841358,0.3558,-0.04637968095246969,1.8223935134338205,1.57668190779427,0.9038495575221238
sdq_emo,cont,pitch_iqr,0.10730444016237502,0.629,-0.11859873893832562,1.8842332997627138,1.6137714000214691,0.933937198067633
sdq_emo,cont,pitch_mad,0.07824282095173178,0.7246,-0.09632188609374137,1.8653767271314428,1.6006613677289643,0.9390740740740741
sdq_emo,cont,pitch_skew,-0.32146621865311514,0.12319999999999998,0.16298996286891954,1.629907075379624,1.4564578285627185,0.9038495575221238
sdq_emo,cont,pitch_kurt,-0.28614517376633336,0.1704,-0.006227065541253296,1.787086234075524,1.58525650708523,0.9038495575221238
sdq_emo,cont,pitch_zcr,-0.08986746863598907,0.6824,-0.07202957859339842,1.8445944439068687,1.5918708072477037,0.933937198067633
sdq_emo,cont,pitch_madiff,-0.18197044644202762,0.3992,-0.046643852514467676,1.8226235418681516,1.5646877510510269,0.9119083969465649
sdq_emo,cont,pitch_domfreq,-0.1515675217293547,0.4848,-0.024928201211980916,1.8036166406571597,1.588518561584218,0.933937198067633
sdq_emo,cont,pitch_centroid,-0.23115164818311618,0.27359999999999995,-0.01464836689983251,1.7945488809857741,1.5428870387275164,0.9038495575221238
sdq_emo,cont,pitch_spread,-0.14620229972123597,0.5012,-0.03071941073104756,1.8087050013436403,1.5730205375453863,0.933937198067633
sdq_emo,cont,pitch_entropy,-0.21326757482272035,0.3164,-0.0039202750598303915,1.7850365978390133,1.5227009170869141,0.9038495575221238
sdq_emo,cont,pitch_bp_lf,-0.23606976835722504,0.26239999999999997,-0.0020716637008288963,1.7833923639850042,1.510287627249725,0.9038495575221238
sdq_emo,cont,pitch_bp_mf,-0.13547185570499845,0.5352,-0.06563263618672388,1.8390827397235738,1.5850007867092213,0.933937198067633
sdq_emo,cont,pitch_bp_hf,-0.22757483351103702,0.2824,-0.0408867052926305,1.8176038871853768,1.5903347601912567,0.9038495575221238
sdq_emo,cont,roll_mean,0.030850026546682816,0.8972,-0.11624801798946605,1.8822524124180375,1.605293655198799,0.9992673992673993
sdq_emo,cont,roll_std,-0.35723436537390685,0.08120000000000005,0.07631484876027106,1.7122197141684141,1.4890662692609433,0.9038495575221238
sdq_emo,cont,roll_var,-0.35723436537390685,0.08120000000000005,0.06207519728042843,1.7253671392354215,1.49772974541638,0.9038495575221238
sdq_emo,cont,roll_rms,-0.10328052365628596,0.6412,-0.021238380814831537,1.8003671340503893,1.5837280291301978,0.933937198067633
sdq_emo,cont,roll_min,0.04828699807306876,0.8348,0.029971284587180125,1.7546471988400434,1.4879870322189106,0.9736610878661088
sdq_emo,cont,roll_max,0.17124000242579013,0.4256,-0.6912400891073636,2.316861881612971,1.7817898390039673,0.9119083969465649
sdq_emo,cont,roll_range,-0.022802193534504692,0.9226,-0.03867022854922153,1.8156676420162694,1.5629937236629683,0.9992673992673993
sdq_emo,cont,roll_median,-0.010730444016237501,0.9642,-0.08092214543161025,1.8522291695062716,1.5882465419486802,0.9992673992673993
sdq_emo,cont,roll_iqr,-0.17749942810192867,0.40880000000000005,0.021587676462561656,1.7622132775505204,1.528150230650786,0.9119083969465649
sdq_emo,cont,roll_mad,-0.2079023528146016,0.3298,-0.045560981315863724,1.821680442983991,1.5353696836754647,0.9038495575221238
sdq_emo,cont,roll_skew,-0.019225378862425525,0.9348,-0.14008110597358048,1.9022403352028545,1.6107672280282859,0.9992673992673993
sdq_emo,cont,roll_kurt,0.23517556468920525,0.26339999999999997,0.0021448767164180538,1.7796363087134879,1.5256874454526894,0.9038495575221238
sdq_emo,cont,roll_zcr,-0.042921776064950005,0.8532,-0.12484439372318823,1.8894862511067454,1.5991879122705017,0.9767634854771784
sdq_emo,cont,roll_madiff,-0.23204585185113596,0.27159999999999995,0.043927970348214496,1.7419786122155851,1.5208672387294548,0.9038495575221238
sdq_emo,cont,roll_domfreq,-0.39792063226880736,0.0524,0.0655215482240874,1.7221943406424662,1.4536507306835391,0.9038495575221238
sdq_emo,cont,roll_centroid,-0.011177545850247397,0.9626,-0.09445078750765434,1.8637842230031882,1.5895814265904058,0.9992673992673993
sdq_emo,cont,roll_spread,-0.06974788610554376,0.7596,-0.1003590737858846,1.8688081808464658,1.5991856257735952,0.953
sdq_emo,cont,roll_entropy,-0.028614517376633338,0.9028,-0.0885301616988532,1.8587361508389215,1.5920762570143123,0.9992673992673993
sdq_emo,cont,roll_bp_lf,-0.026379008206583857,0.9097999999999999,-0.08947132960282556,1.8595395299702588,1.5811001701690897,0.9992673992673993
sdq_emo,cont,roll_bp_mf,-0.10775154199638491,0.6264000000000001,-0.0770344053158516,1.8488952234528684,1.5736821376682208,0.933937198067633
sdq_emo,cont,roll_bp_hf,-0.04739279440504896,0.8378,-0.08591689586927465,1.8565036493185016,1.585863440686538,0.9736610878661088
sdq_emo,cont,yaw_mean,0.21103206565267085,0.3206,-0.057849014592417536,1.832353891977611,1.5882512497610708,0.9038495575221238
sdq_emo,cont,yaw_std,-0.12876532819485,0.5594,-0.10691024201205512,1.8743630531681261,1.585672882735271,0.933937198067633
sdq_emo,cont,yaw_var,-0.12876532819485,0.5594,-0.1142494083132306,1.8805665983243711,1.5869362135429503,0.933937198067633
sdq_emo,cont,yaw_rms,-0.1318950410329193,0.5449999999999999,-0.12465895799098625,1.889330499471244,1.5914996458026585,0.933937198067633
sdq_emo,cont,yaw_min,0.0008942036680197918,0.9972,-0.4184145695857271,2.121773904888959,1.636017071846519,1.0
sdq_emo,cont,yaw_max,-0.3076060617988084,0.13859999999999995,-0.011653359593894352,1.791898376999562,1.5048790662288514,0.9038495575221238
sdq_emo,cont,yaw_range,-0.22265671333692816,0.2946,-0.04675316644325589,1.822718718913157,1.5092776183661165,0.9038495575221238
sdq_emo,cont,yaw_median,0.20924365831663128,0.3264,-0.06838062590333793,1.841452471272086,1.590416977511942,0.9038495575221238
sdq_emo,cont,yaw_iqr,-0.11535227317455314,0.6024,-0.11776669348880575,1.883532396331342,1.5973549811683307,0.933937198067633
sdq_emo,cont,yaw_mad,-0.10283342182227606,0.6422,-0.08782485348578728,1.8581338734058879,1.5846574671084992,0.933937198067633
sdq_emo,cont,yaw_skew,-0.184653057446087,0.39159999999999995,-0.07101088916003606,1.8437178284141766,1.596655344709233,0.9119083969465649
sdq_emo,cont,yaw_kurt,0.006259425676138543,0.9758,-0.10259539820657437,1.8707062612946355,1.5968322314163699,0.9992673992673993
sdq_emo,cont,yaw_zcr,-0.12518851352277086,0.571,-0.05532377254245602,1.8301655353451463,1.6259186719009602,0.933937198067633
sdq_emo,cont,yaw_madiff,-0.12384720802074116,0.5762,-0.06534393978664887,1.8388336048374152,1.6129052461625548,0.933937198067633
sdq_emo,cont,yaw_domfreq,-0.15648564190346356,0.4668,-0.0003165973045238246,1.7818299289754393,1.5712187956792742,0.9302173913043479
sdq_emo,cont,yaw_centroid,-0.23517556468920525,0.26339999999999997,-0.05473384894824651,1.8296539346485359,1.6018729192426477,0.9038495575221238
sdq_emo,cont,yaw_spread,-0.18018203910598804,0.40280000000000005,-0.059801678838110384,1.8340442666316528,1.6045172526825866,0.9119083969465649
sdq_emo,cont,yaw_entropy,-0.19985451980242347,0.3538,-0.05939219990867106,1.8336899196563359,1.5892703732806144,0.9038495575221238
sdq_emo,cont,yaw_bp_lf,-0.13502475387098856,0.536,-0.052061008154085764,1.8273341665702914,1.5932280856312164,0.933937198067633
sdq_emo,cont,yaw_bp_mf,-0.18867697395217606,0.38460000000000005,-0.05198501293917346,1.8272681669944588,1.5962462945657852,0.9117672413793104
sdq_emo,cont,yaw_bp_hf,-0.1962777051303443,0.36460000000000004,-0.047716987025352875,1.8235576796453439,1.6007579068825182,0.9038495575221238
sdq_emo,cont,jerk_mean,-0.037556554056831254,0.8746,-0.08597621243352416,1.8565543529748545,1.5986846099688663,0.98797131147541
sdq_emo,cont,jerk_std,-0.0540993219151974,0.8126,-0.06396045868506461,1.8376392403204824,1.5955697560651665,0.9674784482758622
sdq_emo,cont,jerk_var,-0.0540993219151974,0.8126,-0.057665968185273364,1.8321953531395887,1.591648709279272,0.9674784482758622
sdq_emo,cont,jerk_rms,-0.0540993219151974,0.8126,-0.0639604387385353,1.8376392230949714,1.595569839574768,0.9674784482758622
sdq_emo,cont,jerk_min,0.4006032432728667,0.051000000000000045,-0.062454156472233624,1.836337960541282,1.5920235456156562,0.9038495575221238
sdq_emo,cont,jerk_max,-0.403732956110936,0.0494,-0.06217845492992735,1.8360996848220636,1.5642115800567093,0.9038495575221238
sdq_emo,cont,jerk_range,-0.4399482046657376,0.033399999999999985,-0.05328244123330261,1.8283946178812174,1.5762918528828225,0.9038495575221238
sdq_emo,cont,jerk_median,0.0,1.0,,,,1.0
sdq_emo,cont,jerk_iqr,-0.045157285234999484,0.8462000000000001,-0.09831466597860117,1.8670713013146956,1.6058495865077875,0.9736610878661088
sdq_emo,cont,jerk_mad,-0.045157285234999484,0.8462000000000001,-0.0994013497489803,1.8679947226868425,1.606381119141023,0.9736610878661088
sdq_emo,cont,jerk_skew,0.22578642617499742,0.2864,-0.059034203874939406,1.8333800678441678,1.6148731481999457,0.9038495575221238
sdq_emo,cont,jerk_kurt,-0.3169952003130162,0.12819999999999998,0.021456836943086754,1.7623311007959914,1.4860006061852793,0.9038495575221238
sdq_emo,cont,jerk_zcr,-0.050522507243118235,0.8276,-0.08145808538470756,1.8526882962812579,1.5832365754601938,0.9736610878661088
sdq_emo,cont,jerk_madiff,-0.0545464237492073,0.8114,-0.06824966114471831,1.8413396028974267,1.5948725479523536,0.9674784482758622
sdq_emo,cont,jerk_domfreq,0.0076007311781682305,0.9718,-0.12052320288713769,1.8858534431825618,1.6074075293629797,0.9992673992673993
sdq_emo,cont,jerk_centroid,-0.3406915975155407,0.10040000000000004,0.039272105397712975,1.7462149913202574,1.5542557174166358,0.9038495575221238
sdq_emo,cont,jerk_spread,0.020119582530445317,0.9319999999999999,-0.11284367932134942,1.8793799693383904,1.6026840798031114,0.9992673992673993
sdq_emo,cont,jerk_entropy,-0.18241754827603754,0.39859999999999995,-0.08708862602647494,1.8575049850706429,1.6095994933854822,0.9119083969465649
sdq_emo,cont,jerk_bp_lf,-0.1090928474984146,0.6224000000000001,-0.10384887286921951,1.8717693061989216,1.6024677800505387,0.933937198067633
sdq_emo,cont,jerk_bp_mf,0.3371147828434615,0.10360000000000003,0.029379160854702935,1.755182651929728,1.5184962412043992,0.9038495575221238
sdq_emo,cont,jerk_bp_hf,-0.2950872104465313,0.15559999999999996,0.06200941628759482,1.7254276421526895,1.4896151137561884,0.9038495575221238
sdq_emo,cont,actfrac_p50,0.07300403670782203,0.7462,-0.09528361545018216,1.8644932162347387,1.5792242664187943,0.9413073394495413
sdq_emo,cont,switchmin_p50,-0.20119582530445315,0.35040000000000004,-0.06358457819434049,1.8373146071300204,1.5632665951532898,0.9038495575221238
sdq_emo,cont,actbout_med_p50,-0.11428421818665437,0.6058,-0.09238698364025888,1.8620261265357396,1.5909391149009522,0.933937198067633
sdq_emo,cont,actbout_cv_p50,0.25395384171762087,0.22440000000000004,-0.1262359639794255,1.89065465278792,1.6110731969849972,0.9038495575221238
sdq_emo,cont,actshort_p50,-0.17034579875777034,0.42800000000000005,-0.06343011263478116,1.8371811846737076,1.5708287041183138,0.9119083969465649
sdq_emo,cont,actfrac_p75,-0.23948235121334838,0.25460000000000005,-0.02172887970653048,1.8007994386380144,1.4961012748445313,0.9038495575221238
sdq_emo,cont,switchmin_p75,-0.3156538948109865,0.12960000000000005,0.021450317549509323,1.7623369714163981,1.5208198787265508,0.9038495575221238
sdq_emo,cont,actbout_med_p75,0.2472927059539974,0.236,0.01942296075433425,1.7641616294991547,1.560292888415189,0.9038495575221238
sdq_emo,cont,actbout_cv_p75,0.2074552509805917,0.33140000000000003,-0.1165499418110092,1.8825069519151463,1.6020944262074277,0.9038495575221238
sdq_emo,cont,actshort_p75,-0.2628958783978188,0.21099999999999997,-0.0010772234674529813,1.7825072390013876,1.53779682505425,0.9038495575221238
sdq_emo,cont,actfrac_p90,0.1952873534207397,0.36819999999999997,-0.07467089556720574,1.84686544525778,1.5668611520195828,0.9038495575221238
sdq_emo,cont,switchmin_p90,-0.21147916748668075,0.3198,-0.01906951389611322,1.7984543425858561,1.55971544249427,0.9038495575221238
sdq_emo,cont,actbout_med_p90,0.08685111383687966,0.6941999999999999,-0.11423426166733153,1.8805538164584157,1.6317564408322387,0.933937198067633
sdq_emo,cont,actbout_cv_p90,-0.04202757239693022,0.856,-0.040057111774954635,1.816879421707686,1.5511984678795774,0.9767634854771784
sdq_emo,cont,actshort_p90,-0.08986746863598907,0.6824,-0.04389755419878405,1.820230771997489,1.59481413067324,0.933937198067633
sdq_emo,cont,switch_per_min,-0.2811257578485803,0.1784,0.11548458297121056,1.675522312374648,1.4484339799973176,0.9038495575221238
sdq_emo,cont,act_bout_median,0.32934513033010787,0.11339999999999995,0.26589736088753435,1.52642652673847,1.2561263308003188,0.9038495575221238
sdq_emo,cont,stl_bout_median,-0.01872250600866407,0.9376,-0.06670741199760721,1.8400099370694019,1.5788632050198157,0.9992673992673993
sdq_emo,cont,act_bout_cv,0.09970370898420679,0.6512,-0.06962892861091619,1.8425279395981664,1.6072161933586895,0.933937198067633
sdq_emo,cont,stl_bout_cv,0.025484804538564065,0.9126,0.04158487536097066,1.7441118843579553,1.4906324759715535,0.9992673992673993
sdq_emo,cont,frac_act_short,-0.3567872635398969,0.08140000000000003,0.13064985984803212,1.6610965502275854,1.4502629742791917,0.9038495575221238
sdq_emo,cont,within_win_sd,-0.15693274373747346,0.46499999999999997,-0.07218009449997353,1.84472393243304,1.5973811465057668,0.9302173913043479
sdq_emo,cont,mag_median,-0.10551603282633543,0.6346,-0.08094984923120041,1.8522529054696517,1.6108373163121186,0.933937198067633
sdq_cond,cont,uaX_mean,-0.015164281875934807,0.9438,-0.11794247147114434,1.0029640537147773,0.7837283212266578,0.9830740740740741
sdq_cond,cont,uaX_std,0.08363331216424652,0.6916,-0.0811281386081919,0.9863117928416382,0.7659034989786506,0.9115366972477065
sdq_cond,cont,uaX_var,0.08363331216424652,0.6916,-0.09370279201827314,0.9920311304119561,0.7673543555575243,0.9115366972477065
sdq_cond,cont,uaX_rms,0.08363331216424652,0.6916,-0.07782769575416393,0.9848051472408652,0.7642931647993209,0.9115366972477065
sdq_cond,cont,uaX_min,0.42597846360580505,0.03859999999999997,-0.25024496469284685,1.0606526891590888,0.7948553335411958,0.41250000000000037
sdq_cond,cont,uaX_max,-0.27019993160756567,0.20240000000000002,0.0391731501946152,0.9298185489870505,0.704002296050973,0.671
sdq_cond,cont,uaX_range,-0.3276403932588339,0.11260000000000003,-0.07307295708580464,0.9826305572528071,0.7260002787994203,0.5338793103448277
sdq_cond,cont,uaX_median,0.011028568637043497,0.9584,-0.20434657564683878,1.0410015625939537,0.8044380052557906,0.9830740740740741
sdq_cond,cont,uaX_iqr,0.20862375671740616,0.32699999999999996,0.0049926584900263915,0.9462127219784815,0.783044740857085,0.810135135135135
sdq_cond,cont,uaX_mad,0.22149042012729023,0.3024,0.012580630466337617,0.9425978860863663,0.7856470547750902,0.777196261682243
sdq_cond,cont,uaX_skew,-0.0744428383000436,0.7226,-0.0814278746487016,0.986448507766152,0.7490194328225536,0.9115366972477065
sdq_cond,cont,uaX_kurt,-0.32120706155389184,0.12219999999999998,-0.17972369096606866,1.0303049605432077,0.769769227695627,0.5420161290322579
sdq_cond,cont,uaX_zcr,0.05744046165126821,0.7844,-0.0830005629444388,0.9871655284934019,0.7548036671403814,0.9502643171806168
sdq_cond,cont,uaX_madiff,0.11350235222290599,0.591,-0.07908751077259657,0.9853805221326452,0.7759915387201165,0.9115366972477065
sdq_cond,cont,uaX_domfreq,-0.10247378358586248,0.6258,-0.18061592353035216,1.030694500016273,0.7966852789503701,0.9115366972477065
sdq_cond,cont,uaX_centroid,-0.2564142208112613,0.22740000000000005,-0.02596085530136749,0.9608177903850048,0.7444847342011333,0.671
sdq_cond,cont,uaX_spread,-0.3166118246217904,0.12939999999999996,0.05997315395963976,0.9196991152543552,0.7182230504722655,0.5433333333333332
sdq_cond,cont,uaX_entropy,-0.3156927772353701,0.13039999999999996,-0.208426840750082,1.042763501758341,0.7859994685143402,0.5433333333333332
sdq_cond,cont,uaX_bp_lf,0.4581451221305153,0.0262,0.007192369495189199,0.94516622408636,0.742363716300701,0.41250000000000037
sdq_cond,cont,uaX_bp_mf,-0.5266141524188269,0.010399999999999965,0.22204662279187415,0.8366665873317796,0.7001373539516765,0.41250000000000037
sdq_cond,cont,uaX_bp_hf,-0.29823087689338457,0.15680000000000005,0.043384748235611226,0.9277784713749208,0.7237035195892743,0.5955921052631578
sdq_cond,cont,uaY_mean,0.09190473864202914,0.6662,-0.11965457107906263,1.0037317664808592,0.776970067035179,0.9115366972477065
sdq_cond,cont,uaY_std,0.13234282364452196,0.5322,-0.10070914825398747,0.9952035770964611,0.7581481989041526,0.9090372670807453
sdq_cond,cont,uaY_var,0.13234282364452196,0.5322,-0.11590384354950967,1.002049157121748,0.7650064150312733,0.9090372670807453
sdq_cond,cont,uaY_rms,0.13004520517847123,0.5388,-0.0969685781297891,0.9935111241732103,0.7559399694131222,0.9107055214723928
sdq_cond,cont,uaY_min,-0.022976184660507284,0.9172,-0.08264672453220867,0.9870042517450567,0.7563549139183025,0.9830740740740741
sdq_cond,cont,uaY_max,-0.5344260552033995,0.00880000000000003,-0.40146259765098047,1.1229654541074898,0.79770164661984,0.41250000000000037
sdq_cond,cont,uaY_range,-0.37726895212552963,0.06799999999999995,0.08596968810243155,0.9068927699291669,0.7309769627338939,0.4725510204081636
sdq_cond,cont,uaY_median,0.3740522862730586,0.06979999999999997,0.1523391053028741,0.8733467621014165,0.7349919093023484,0.4725510204081636
sdq_cond,cont,uaY_iqr,0.24124993893532648,0.26060000000000005,0.00279937014086018,0.9472550132556189,0.7888465624232065,0.7312755102040819
sdq_cond,cont,uaY_mad,0.21735470688839892,0.30920000000000003,-0.0017390406514123935,0.949408116632833,0.7873870338692722,0.7800917431192662
sdq_cond,cont,uaY_skew,-0.17232138495380464,0.41100000000000003,-0.07524160520140066,0.9836229894622298,0.7833579193168925,0.8338461538461538
sdq_cond,cont,uaY_kurt,-0.48341892525707325,0.01859999999999995,-0.18850568498012543,1.0341327024228089,0.7979097237458728,0.41250000000000037
sdq_cond,cont,uaY_zcr,-0.002757142159260874,0.9886,-0.08041510596533241,0.9859864898205718,0.7515264233616534,0.9922080291970803
sdq_cond,cont,uaY_madiff,0.12131425500747846,0.5651999999999999,-0.07467502434039286,0.9833638033443367,0.7484028171913476,0.9115366972477065
sdq_cond,cont,uaY_domfreq,-0.08501188324387696,0.687,-0.0635295231729347,0.9782512589192812,0.7790551556505166,0.9115366972477065
sdq_cond,cont,uaY_centroid,-0.3800260942847905,0.06620000000000004,0.08574253386706421,0.9070054531375864,0.7063558152090037,0.4725510204081636
sdq_cond,cont,uaY_spread,-0.39473085246751516,0.05459999999999998,0.07017657461451288,0.9146941088818907,0.7235595775577327,0.4725510204081636
sdq_cond,cont,uaY_entropy,-0.48249987787065296,0.01859999999999995,0.07255759861430877,0.9135222172024469,0.7196354550094174,0.41250000000000037
sdq_cond,cont,uaY_bp_lf,0.3804856179780006,0.06599999999999995,0.06845751441599146,0.9155392629689808,0.716590346441016,0.4725510204081636
sdq_cond,cont,uaY_bp_mf,-0.4172475134348123,0.04259999999999997,0.10004218551473387,0.8998843862886916,0.7045440943046,0.41250000000000037
sdq_cond,cont,uaY_bp_hf,-0.4204641792872833,0.041200000000000014,0.08768643274056764,0.9060407002457843,0.7102859205580323,0.41250000000000037
sdq_cond,cont,uaZ_mean,0.1626713873963916,0.4384,-0.10961871921024646,0.9992232430729935,0.7572934325202395,0.8372222222222222
sdq_cond,cont,uaZ_std,0.03078808744507976,0.8912,-0.10078656627453109,0.9952385751413048,0.7614763751366054,0.9830740740740741
sdq_cond,cont,uaZ_var,0.03078808744507976,0.8912,-0.10317232783218322,0.9963164938193878,0.7647631271305242,0.9830740740740741
sdq_cond,cont,uaZ_rms,0.038599990229652235,0.8592,-0.10343684480257709,0.9964359342811281,0.7611172314861214,0.9830740740740741
sdq_cond,cont,uaZ_min,0.17737614557911624,0.39959999999999996,-0.12695296179166204,1.006997830695849,0.7782845930180594,0.8338461538461538
sdq_cond,cont,uaZ_max,-0.44619750610705144,0.030200000000000005,0.11102882706117079,0.894374646422985,0.7211212179554026,0.41250000000000037
sdq_cond,cont,uaZ_range,-0.27893088177855846,0.1874,0.022691020278782004,0.9377597428180067,0.73392566770741,0.6607051282051283
sdq_cond,cont,uaZ_median,0.35567133854465277,0.08420000000000005,0.10634965998110235,0.8967253615269628,0.7628581082759572,0.4725510204081636
sdq_cond,cont,uaZ_iqr,0.2233285149001308,0.2982,-0.00011264522722065351,0.9486370873488347,0.7924917698676482,0.7736320754716982
sdq_cond,cont,uaZ_mad,0.24400708109458735,0.2542,0.0005662345742333263,0.9483150636813894,0.7920248576356258,0.7281770833333333
sdq_cond,cont,uaZ_skew,-0.10109521250623205,0.6317999999999999,-0.05970849203478301,0.9764923552516663,0.7588077580106246,0.9115366972477065
sdq_cond,cont,uaZ_kurt,-0.3225856326335223,0.11980000000000002,-0.27117623053472717,1.069494417711972,0.7960890942717719,0.5400819672131149
sdq_cond,cont,uaZ_zcr,-0.03584284807039136,0.8706,-0.0805634274256064,0.986054166557221,0.7485140094572991,0.9830740740740741
sdq_cond,cont,uaZ_madiff,0.04595236932101457,0.8308,-0.07035087517657534,0.9813834382645273,0.7549240651828222,0.9830740740740741
sdq_cond,cont,uaZ_domfreq,-0.09695949926734074,0.6486000000000001,-0.019651109887999896,0.9578586786247758,0.7710761332499153,0.9115366972477065
sdq_cond,cont,uaZ_centroid,-0.3179903957014208,0.12760000000000005,0.03077754529517429,0.9338720422943453,0.7180573078512671,0.5433333333333332
sdq_cond,cont,uaZ_spread,-0.30834039814400777,0.14080000000000004,0.011851979684285419,0.9429456096812608,0.7274017167782446,0.5611594202898552
sdq_cond,cont,uaZ_entropy,-0.3225856326335223,0.11980000000000002,-0.08011755730851622,0.9858507090654959,0.7312934249186259,0.5400819672131149
sdq_cond,cont,uaZ_bp_lf,0.36669990718169626,0.07699999999999996,0.0380840061327864,0.9303453970481521,0.7239579037233916,0.4725510204081636
sdq_cond,cont,uaZ_bp_mf,-0.26009041035694247,0.2208,-0.0074874327971885535,0.9521282677281051,0.7140302972422282,0.671
sdq_cond,cont,uaZ_bp_hf,-0.3625641939428049,0.08040000000000003,0.018779604577424003,0.9396344342260254,0.7276613999316233,0.4725510204081636
sdq_cond,cont,uaMag_mean,0.18334995359084813,0.386,-0.03487516181361183,0.9649829102410252,0.7770515784400326,0.8338461538461538
sdq_cond,cont,uaMag_std,-0.04779046409385515,0.8222,-0.07543249507241989,0.983710297901516,0.7616973517758998,0.9830652173913045
sdq_cond,cont,uaMag_var,-0.04779046409385515,0.8222,-0.06822671971326799,0.9804091566915336,0.7667923229213437,0.9830652173913045
sdq_cond,cont,uaMag_rms,0.08593093063029725,0.6839999999999999,-0.09337850405465797,0.9918840485869517,0.7506278793611406,0.9115366972477065
sdq_cond,cont,uaMag_min,0.1851880483636887,0.38,-0.023160970680551562,0.9595058412747393,0.7803502813165508,0.8338461538461538
sdq_cond,cont,uaMag_max,-0.4558475036644645,0.027000000000000024,0.03390470565969017,0.9323642733377194,0.7240449435992778,0.41250000000000037
sdq_cond,cont,uaMag_range,-0.4558475036644645,0.027000000000000024,0.033907748453038455,0.9323628050591451,0.7240466031034685,0.41250000000000037
sdq_cond,cont,uaMag_median,0.25365707865200043,0.2318,0.0004180789890601,0.9483853499632767,0.7847897101523834,0.671
sdq_cond,cont,uaMag_iqr,0.08317378847103638,0.6936,-0.0783942047660855,0.9850639213027148,0.767091507694046,0.9115366972477065
sdq_cond,cont,uaMag_mad,0.1277475867124205,0.5442,-0.0511094896624642,0.9725224127238183,0.7708324729783153,0.9115366972477065
sdq_cond,cont,uaMag_skew,-0.3915141866150441,0.057599999999999985,0.0021342500069301273,0.947570864118798,0.7353860500771215,0.4725510204081636
sdq_cond,cont,uaMag_kurt,-0.37359276257984847,0.07040000000000002,-0.13166343183522367,1.0091001752141995,0.7602958887787188,0.4725510204081636
sdq_cond,cont,uaMag_zcr,0.1176380654617973,0.5771999999999999,-0.05522390964229684,0.9744239546823822,0.767023522375902,0.9115366972477065
sdq_cond,cont,uaMag_madiff,0.10890711529080453,0.6075999999999999,-0.07380904092549723,0.9829675215165565,0.7661405623760459,0.9115366972477065
sdq_cond,cont,uaMag_domfreq,0.17232138495380464,0.41100000000000003,-0.06112415467465104,0.9771443847404245,0.7511895701163747,0.8338461538461538
sdq_cond,cont,uaMag_centroid,-0.3712951441137977,0.07220000000000004,-0.005700455862776677,0.9512834996828098,0.7459189770020075,0.4725510204081636
sdq_cond,cont,uaMag_spread,-0.3740522862730586,0.06979999999999997,0.05323070400492058,0.9229915454616483,0.717184216196825,0.4725510204081636
sdq_cond,cont,uaMag_entropy,-0.2986904005865947,0.15600000000000003,-0.07186802268343495,0.9820787131695244,0.7299864590867382,0.5955921052631578
sdq_cond,cont,uaMag_bp_lf,-0.13693806057662342,0.5204,-0.14062425240415677,1.0130874632589408,0.761467514845989,0.9090372670807453
sdq_cond,cont,uaMag_bp_mf,-0.27203802638040625,0.19779999999999998,0.005183441464481686,0.9461220040891934,0.7687399687746127,0.671
sdq_cond,cont,uaMag_bp_hf,-0.4696332144607689,0.02300000000000002,0.083635109302449,0.9080502055230962,0.7126556691783693,0.41250000000000037
sdq_cond,cont,gyX_mean,0.06892855398152185,0.7464,-0.19020460033008568,1.0348715615375879,0.7728904480298344,0.9245945945945946
sdq_cond,cont,gyX_std,-0.01792142403519568,0.9348,-0.06580442409397147,0.979296944939639,0.7502642080304346,0.9830740740740741
sdq_cond,cont,gyX_var,-0.01792142403519568,0.9348,-0.05168905589948247,0.9727904930171954,0.753473890259865,0.9830740740740741
sdq_cond,cont,gyX_rms,-0.01792142403519568,0.9348,-0.06577604830303918,0.9792839085374144,0.7502881247619363,0.9830740740740741
sdq_cond,cont,gyX_min,0.5027189203718994,0.014000000000000012,0.17499537618299754,0.861596312625498,0.6982152054818762,0.41250000000000037
sdq_cond,cont,gyX_max,-0.029409516365449324,0.8952,-0.10197051219981801,0.995773643441997,0.7670971824978942,0.9830740740740741
sdq_cond,cont,gyX_range,-0.3570499096242832,0.08320000000000005,-0.03125763033926532,0.9632948264024392,0.7588014052917443,0.4725510204081636
sdq_cond,cont,gyX_median,0.0321666585247102,0.8848,-0.05051654284804963,0.9722480667018208,0.7554551376036495,0.9830740740740741
sdq_cond,cont,gyX_iqr,0.1548594846118191,0.46240000000000003,-0.006844081014312442,0.9518242186553816,0.7964313842003016,0.8591891891891893
sdq_cond,cont,gyX_mad,0.1548594846118191,0.46240000000000003,-0.00569702466304034,0.9512818769101152,0.7960879521312302,0.8591891891891893
sdq_cond,cont,gyX_skew,-0.007811902784572476,0.9688,-0.2471559055338577,1.0593415680130966,0.7996651058264663,0.98309963099631
sdq_cond,cont,gyX_kurt,-0.3850808549101021,0.06240000000000001,0.031521521606946656,0.9335135528403754,0.7608436893436821,0.4725510204081636
sdq_cond,cont,gyX_zcr,-0.12544996824636978,0.5544,-0.048221873570176044,0.9711856334554444,0.7554867976174385,0.9115366972477065
sdq_cond,cont,gyX_madiff,-0.040438085002492824,0.8524,-0.06271869872136393,0.9778782832467896,0.747480246775997,0.9830740740740741
sdq_cond,cont,gyX_domfreq,-0.06479284074263054,0.761,-0.02078755296400092,0.9583923164115223,0.7573864618439069,0.9320796460176991
sdq_cond,cont,gyX_centroid,-0.5224784391799356,0.01100000000000001,0.09311732918719495,0.9033398974552134,0.7279824918892484,0.41250000000000037
sdq_cond,cont,gyX_spread,-0.4737689276996602,0.022399999999999975,0.18281731685826585,0.8575021504053737,0.6623181798520058,0.41250000000000037
sdq_cond,cont,gyX_entropy,-0.46228083536940656,0.0242,0.20036075816977983,0.8482476979691664,0.6636840856071209,0.41250000000000037
sdq_cond,cont,gyX_bp_lf,0.4094356106502398,0.04500000000000004,0.0297137960318391,0.9343843773464943,0.7465789816657553,0.41250000000000037
sdq_cond,cont,gyX_bp_mf,-0.4664165486082979,0.023800000000000043,0.022742570608080936,0.9377350103833112,0.760738789017053,0.41250000000000037
sdq_cond,cont,gyX_bp_hf,-0.4314927479243268,0.03600000000000003,0.15401093374872843,0.8724850928854787,0.6948729273899018,0.41250000000000037
sdq_cond,cont,gyY_mean,0.005054760625311603,0.979,-0.2878464184486651,1.076484243904832,0.8213989035102761,0.9875824175824176
sdq_cond,cont,gyY_std,-0.03997856130928267,0.854,-0.10707588345521413,0.9980776613095145,0.7748923358119635,0.9830740740740741
sdq_cond,cont,gyY_var,-0.03997856130928267,0.854,-0.11840806335042164,1.0031728852604322,0.7779419764506615,0.9830740740740741
sdq_cond,cont,gyY_rms,-0.03997856130928267,0.854,-0.11053097273758317,0.9996339055990607,0.7756295800953881,0.9830740740740741
sdq_cond,cont,gyY_min,0.31247611138289905,0.13580000000000003,-0.010192436614166578,0.9534055959030897,0.7483966428362357,0.5516176470588234
sdq_cond,cont,gyY_max,-0.2954737347341237,0.16180000000000005,0.015903331182143376,0.9410106122249831,0.7379130096667955,0.5955921052631578
sdq_cond,cont,gyY_range,-0.2669832657550946,0.20740000000000003,0.03137508740134343,0.933584123922627,0.7109307845743906,0.671
sdq_cond,cont,gyY_median,0.15945472154392054,0.4464,-0.3761676519493302,1.1127851282438164,0.8283831972080479,0.8466206896551725
sdq_cond,cont,gyY_iqr,0.1295856814852611,0.5398000000000001,-0.038556006054049075,0.9666975127007758,0.7779872215301898,0.9107055214723928
sdq_cond,cont,gyY_mad,0.11488092330253642,0.5862,-0.03922577210019562,0.9670091746687618,0.7773393270632974,0.9115366972477065
sdq_cond,cont,gyY_skew,0.1438309159747756,0.5022,-0.0650560027711089,0.9789530472173039,0.7578423915075655,0.8982142857142856
sdq_cond,cont,gyY_kurt,-0.41357132388913115,0.04359999999999997,0.007273915355850424,0.9451274069109247,0.7707791093519821,0.41250000000000037
sdq_cond,cont,gyY_zcr,-0.06295474596978996,0.766,-0.08021322224355676,0.9858943660059979,0.7590534955689631,0.9320796460176991
sdq_cond,cont,gyY_madiff,0.029409516365449324,0.8952,-0.13688490951974575,1.0114254824190345,0.7698852451639513,0.9830740740740741
sdq_cond,cont,gyY_domfreq,0.23803327308285546,0.268,-0.04100652179634645,0.9678373220714543,0.7529378060323353,0.7392000000000002
sdq_cond,cont,gyY_centroid,-0.22884279921865255,0.28900000000000003,0.0002800756020334694,0.9484508152696659,0.736727734504886,0.756904761904762
sdq_cond,cont,gyY_spread,-0.19943328285320322,0.34919999999999995,-0.00026871869773215096,0.9487111046644544,0.7262702791518194,0.8175423728813559
sdq_cond,cont,gyY_entropy,-0.14658805813403647,0.49260000000000004,-0.06294988910179833,0.9779846442990779,0.7336657040115334,0.8971192052980133
sdq_cond,cont,gyY_bp_lf,0.08317378847103638,0.6936,-0.08415212771471636,0.987690220287619,0.7444921745086942,0.9115366972477065
sdq_cond,cont,gyY_bp_mf,-0.2568737445044714,0.22560000000000002,0.015250536936190828,0.9413226671762642,0.7362999235220427,0.671
sdq_cond,cont,gyY_bp_hf,-0.16634757694207275,0.4272,-0.027592559074650636,0.9615815364625401,0.7455674764136574,0.8338461538461538
sdq_cond,cont,gyZ_mean,0.07674045676609433,0.7150000000000001,-0.18488326196818394,1.0325555434346425,0.7731817839380645,0.9115366972477065
sdq_cond,cont,gyZ_std,0.011028568637043497,0.9584,-0.0978113919601209,0.9938927140195412,0.7586909303534141,0.9830740740740741
sdq_cond,cont,gyZ_var,0.011028568637043497,0.9584,-0.10420185289458983,0.9967812868405537,0.7604093997200786,0.9830740740740741
sdq_cond,cont,gyZ_rms,0.011028568637043497,0.9584,-0.0980208532468112,0.9939875263520385,0.7587510648999068,0.9830740740740741
sdq_cond,cont,gyZ_min,0.009190473864202913,0.9652000000000001,-0.12402942088945546,1.0056908057988772,0.7615781697927946,0.9830740740740741
sdq_cond,cont,gyZ_max,-0.3542927674650223,0.08599999999999997,0.07930945064441686,0.9101908870329982,0.6908640100383879,0.4729999999999998
sdq_cond,cont,gyZ_range,-0.16404995847602202,0.4336,-0.020279692033934982,0.9581538776853856,0.7395416804659374,0.8338461538461538
sdq_cond,cont,gyZ_median,0.1677261480217032,0.4242,-0.05173916004627377,0.9728136653878106,0.7235239554092884,0.8338461538461538
sdq_cond,cont,gyZ_iqr,0.233438036150754,0.277,-0.0017543925395591131,0.9494153915571292,0.7825275800107979,0.7395631067961166
sdq_cond,cont,gyZ_mad,0.22976184660507284,0.28759999999999997,-0.0016895285200699828,0.9493846535359975,0.7819212647595141,0.756904761904762
sdq_cond,cont,gyZ_skew,-0.29317611626807294,0.16459999999999997,-0.010503560807647583,0.9535524019474816,0.7553370686766677,0.5955921052631578
sdq_cond,cont,gyZ_kurt,-0.2646856472890439,0.2118,0.004104139582682187,0.9466351009172176,0.755920271304188,0.671
sdq_cond,cont,gyZ_zcr,-0.18243090620442784,0.388,-0.060324828136780306,0.9767762823938161,0.7548263652088619,0.8338461538461538
sdq_cond,cont,gyZ_madiff,0.09879759404018132,0.6412,-0.12715339936143422,1.0070873780109852,0.76025500661616,0.9115366972477065
sdq_cond,cont,gyZ_domfreq,-0.09833807034697117,0.6434,-0.1141543493949011,1.0012633516046063,0.7824864037472468,0.9115366972477065
sdq_cond,cont,gyZ_centroid,-0.3336142012705658,0.10740000000000005,0.09452691847818961,0.902637583106035,0.6924642086432268,0.5338793103448277
sdq_cond,cont,gyZ_spread,-0.343723722521189,0.09540000000000004,0.08317631635551082,0.9082774921104433,0.6948040573432362,0.504519230769231
sdq_cond,cont,gyZ_entropy,-0.36072609916996434,0.08099999999999996,0.09340493510050152,0.9031966449119855,0.6918215731610434,0.4725510204081636
sdq_cond,cont,gyZ_bp_lf,0.233438036150754,0.277,0.04294931102946142,0.9279896029153818,0.7243312667169991,0.7395631067961166
sdq_cond,cont,gyZ_bp_mf,-0.3354522960434064,0.10499999999999998,0.11576401266002134,0.8919894821383406,0.6851392557227153,0.5338793103448277
sdq_cond,cont,gyZ_bp_hf,-0.2945546873477034,0.16379999999999995,0.08053014371567002,0.9095873008285802,0.6964048627862365,0.5955921052631578
sdq_cond,cont,gyMag_mean,0.13739758426983356,0.5187999999999999,-0.08667358959599292,0.9888381112690265,0.7718961193574255,0.9090372670807453
sdq_cond,cont,gyMag_std,-0.16818567171491333,0.42279999999999995,-0.02581891745398801,0.9607513253121396,0.7595451092429606,0.8338461538461538
sdq_cond,cont,gyMag_var,-0.16818567171491333,0.42279999999999995,-0.03433979720406244,0.9647332740772363,0.7648517201486017,0.8338461538461538
sdq_cond,cont,gyMag_rms,0.0643333170494204,0.7622,-0.09491329149457362,0.9925799637345173,0.7580423961727711,0.9320796460176991
sdq_cond,cont,gyMag_min,0.32855944064525416,0.11140000000000005,0.08052933161168241,0.9095877025161972,0.759237441402217,0.5338793103448277
sdq_cond,cont,gyMag_max,-0.031707134831500054,0.8872,-0.1364782288481199,1.0112445652557875,0.7681345414015412,0.9830740740740741
sdq_cond,cont,gyMag_range,-0.031707134831500054,0.8872,-0.13640924171224156,1.011213872223934,0.7681099478504677,0.9830740740740741
sdq_cond,cont,gyMag_median,0.2573332681976816,0.22440000000000004,-0.0165089792544153,0.9563816835459159,0.7895518630273641,0.671
sdq_cond,cont,gyMag_iqr,0.012407139716673933,0.9538,-0.10465692280345462,0.9969866652513115,0.7630538507132328,0.9830740740740741
sdq_cond,cont,gyMag_mad,0.03814046653644209,0.8606,-0.07178344957434901,0.9820399681529702,0.7509041029951945,0.9830740740740741
sdq_cond,cont,gyMag_skew,-0.3317761064977252,0.10919999999999996,0.03388888373803478,0.9323719080576978,0.7400140987797502,0.5338793103448277
sdq_cond,cont,gyMag_kurt,-0.2862832608699208,0.1744,0.001415725323368644,0.9479119573647536,0.745563344216445,0.6228571428571429
sdq_cond,cont,gyMag_zcr,0.26192850512978305,0.21799999999999997,-0.0010736484504414445,0.9490927482235094,0.7896813752324293,0.671
sdq_cond,cont,gyMag_madiff,0.022057137274086994,0.921,-0.09518355169455672,0.9927024566799034,0.7579598323975364,0.9830740740740741
sdq_cond,cont,gyMag_domfreq,0.012407139716673933,0.9538,-0.08018095447765794,0.985879640743649,0.7630798280494807,0.9830740740740741
sdq_cond,cont,gyMag_centroid,-0.15164281875934807,0.4738,-0.1495849553704256,1.017059067599998,0.7523272881804627,0.8744630872483221
sdq_cond,cont,gyMag_spread,-0.1700237664877539,0.41879999999999995,-0.08370272362516995,0.9874854897793321,0.7333263514602016,0.8338461538461538
sdq_cond,cont,gyMag_entropy,-0.16864519540812348,0.42179999999999995,-0.1506502835003234,1.0175302162191575,0.7558318484264396,0.8338461538461538
sdq_cond,cont,gyMag_bp_lf,0.11488092330253642,0.5862,-0.12458962566729803,1.0059413875915582,0.776328625723654,0.9115366972477065
sdq_cond,cont,gyMag_bp_mf,-0.07582140937967403,0.7178,-0.09772601564716066,0.993854065966757,0.7476225950735778,0.9115366972477065
sdq_cond,cont,gyMag_bp_hf,-0.2669832657550946,0.20740000000000003,-0.03630750293925611,0.9656504819583536,0.7244905837554168,0.671
sdq_cond,cont,pitch_mean,0.15026424767971763,0.47840000000000005,-0.039695586452215714,0.9672277332658483,0.7809411990337428,0.8770666666666667
sdq_cond,cont,pitch_std,-0.14337139228156545,0.503,-0.18114367718056212,1.0309248425004556,0.7933628286801491,0.8982142857142856
sdq_cond,cont,pitch_var,-0.14337139228156545,0.503,-0.20305613972048886,1.040443705794829,0.7966078662153396,0.8982142857142856
sdq_cond,cont,pitch_rms,-0.1911618563754206,0.36619999999999997,-0.03598050408285047,0.965498118149468,0.7738491415932199,0.8322727272727273
sdq_cond,cont,pitch_min,0.2201118490476598,0.3054,-0.0030696806569654456,0.9500384710076468,0.771465855105174,0.7776388888888889
sdq_cond,cont,pitch_max,-0.17415947972664522,0.4064,-0.0456017586562425,0.9699710957051956,0.7136211112250601,0.8338461538461538
sdq_cond,cont,pitch_range,-0.13693806057662342,0.5204,-0.04310295644821016,0.9688113732196144,0.7116643425387886,0.9090372670807453
sdq_cond,cont,pitch_median,0.09649997557413059,0.65,-0.041060997226763485,0.9678626449987655,0.7705432526347566,0.9115366972477065
sdq_cond,cont,pitch_iqr,0.04503332193459428,0.8344,-0.08542802931386007,0.9882712388306188,0.7890785224398312,0.9830740740740741
sdq_cond,cont,pitch_mad,0.03584284807039136,0.8706,-0.08934658143980045,0.9900535327274271,0.7943828949426316,0.9830740740740741
sdq_cond,cont,pitch_skew,-0.21459756472913805,0.31520000000000004,-0.049922078269596604,0.9719729407035863,0.7677810072865903,0.788
sdq_cond,cont,pitch_kurt,-0.18656661944331915,0.3768,0.006535503598990466,0.945478844971689,0.764441962444168,0.8338461538461538
sdq_cond,cont,pitch_zcr,-0.06387379335621025,0.7632,-0.05621704672873773,0.9748823924443759,0.748992228619751,0.9320796460176991
sdq_cond,cont,pitch_madiff,0.10247378358586248,0.6258,-0.06672870904903583,0.9797214849663217,0.7677262581084814,0.9115366972477065
sdq_cond,cont,pitch_domfreq,0.2674427894483048,0.20720000000000005,0.011972964127683894,0.9428878828834907,0.7186111515889219,0.671
sdq_cond,cont,pitch_centroid,-0.11028568637043497,0.6042000000000001,-0.06348981667697595,0.9782329974176651,0.775663607418883,0.9115366972477065
sdq_cond,cont,pitch_spread,-0.25365707865200043,0.2318,0.011505095195707638,0.943111103361241,0.7841250607101152,0.671
sdq_cond,cont,pitch_entropy,-0.031707134831500054,0.8872,-0.0614444677753363,0.9772918550104053,0.7498168873375338,0.9830740740740741
sdq_cond,cont,pitch_bp_lf,-0.08914759648276827,0.6742,-0.08112269939092553,0.9863093117431033,0.7681587348957981,0.9115366972477065
sdq_cond,cont,pitch_bp_mf,-0.34877848314650056,0.08979999999999999,0.08935079025179038,0.9052138660919411,0.7462522239971143,0.4842156862745097
sdq_cond,cont,pitch_bp_hf,-0.3179903957014208,0.12760000000000005,0.05797482113608421,0.9206761560853882,0.7561642144807615,0.5433333333333332
sdq_cond,cont,roll_mean,0.3781879995119499,0.06720000000000004,0.10674409665925721,0.8965274427244387,0.6943815837960604,0.4725510204081636
sdq_cond,cont,roll_std,-0.255495173424841,0.22799999999999998,-0.0939248645981583,0.9921318395498787,0.7679419483850097,0.671
sdq_cond,cont,roll_var,-0.255495173424841,0.22799999999999998,-0.13510742582215052,1.010634507211683,0.7751716679119621,0.671
sdq_cond,cont,roll_rms,-0.009649997557413059,0.964,-0.10285399178406429,0.9961727328080194,0.7671408254466439,0.9830740740740741
sdq_cond,cont,roll_min,0.0813356936981958,0.6996,-0.0394888564309821,0.9671315681223935,0.7605253626274638,0.9115366972477065
sdq_cond,cont,roll_max,0.12223330239389875,0.5624,-0.03161348820527876,0.9634610149783953,0.7508390788887205,0.9115366972477065
sdq_cond,cont,roll_range,-0.07536188568646389,0.7198,-0.032580798762178675,0.9639126122361776,0.7493474467729103,0.9115366972477065
sdq_cond,cont,roll_median,0.5022593966786892,0.014000000000000012,0.17969989294018474,0.8591362116515778,0.6913089075687929,0.41250000000000037
sdq_cond,cont,roll_iqr,-0.1580761504642901,0.45099999999999996,-0.13164250967961455,1.009090847065971,0.7752006474187475,0.8494863013698629
sdq_cond,cont,roll_mad,-0.4379260796292688,0.03280000000000005,0.11139967160852504,0.8941880776293988,0.7405382708427207,0.41250000000000037
sdq_cond,cont,roll_skew,-0.35934752809033393,0.0816,0.1276406676486156,0.885978832630924,0.7022086490709573,0.4725510204081636
sdq_cond,cont,roll_kurt,0.19391899853468147,0.36040000000000005,-0.0341024001772805,0.9646225570990162,0.7469807186463847,0.8322727272727273
sdq_cond,cont,roll_zcr,0.16450948216923217,0.43200000000000005,-0.14703993477620947,1.0159326304203857,0.764572405556676,0.8338461538461538
sdq_cond,cont,roll_madiff,-0.004595236932101457,0.9804,-0.1111304732335523,0.9999036865330971,0.7613222657402146,0.9875824175824176
sdq_cond,cont,roll_domfreq,-0.2352761309235946,0.27359999999999995,-0.5186571582462176,1.1689757746306573,0.8383341873671171,0.7395631067961166
sdq_cond,cont,roll_centroid,0.09971664142660161,0.6377999999999999,-0.06402264222128817,0.9784780219828473,0.7568072582820816,0.9115366972477065
sdq_cond,cont,roll_spread,0.0813356936981958,0.6996,-0.06673597586561097,0.9797248220116925,0.7650788918164441,0.9115366972477065
sdq_cond,cont,roll_entropy,0.04503332193459428,0.8344,-0.13870015278409698,1.012232622611185,0.756626463674816,0.9830740740740741
sdq_cond,cont,roll_bp_lf,0.11028568637043497,0.6042000000000001,-0.06113038607052301,0.977147253850754,0.75359962779527,0.9115366972477065
sdq_cond,cont,roll_bp_mf,0.09282378602844943,0.6636,-0.05755419773684434,0.9754992886905656,0.7546027184849965,0.9115366972477065
sdq_cond,cont,roll_bp_hf,0.08914759648276827,0.6742,-0.06021903237188431,0.9767275513969477,0.7560224629305127,0.9115366972477065
sdq_cond,cont,yaw_mean,0.36072609916996434,0.08099999999999996,0.02278693420064315,0.93771372542562,0.723006067530739,0.4725510204081636
sdq_cond,cont,yaw_std,0.0905261675623987,0.6692,-0.09903049682439358,0.9944444131797259,0.7473218561515899,0.9115366972477065
sdq_cond,cont,yaw_var,0.0905261675623987,0.6692,-0.09868762405579568,0.9942892789464741,0.7465998361886491,0.9115366972477065
sdq_cond,cont,yaw_rms,0.07857855153893491,0.7090000000000001,-0.08386218644094678,0.9875581395111516,0.7458160180437233,0.9115366972477065
sdq_cond,cont,yaw_min,-0.09512140449450016,0.6548,-0.04047947871283508,0.9675922916442422,0.7607180743029517,0.9115366972477065
sdq_cond,cont,yaw_max,0.05146665363953632,0.8062,-0.028773343116471617,0.9621338439597186,0.751599677002643,0.972390350877193
sdq_cond,cont,yaw_range,0.10339283097228279,0.6232,-0.03977785294805969,0.9672659987270968,0.7552497634913674,0.9115366972477065
sdq_cond,cont,yaw_median,0.3331546775773556,0.1078,0.026001506609428127,0.936170135901232,0.7282428524638798,0.5338793103448277
sdq_cond,cont,yaw_iqr,0.07490236199325374,0.7214,-0.08020015306036332,0.9858884019644615,0.7444945883825328,0.9115366972477065
sdq_cond,cont,yaw_mad,0.10201425989265234,0.6282,-0.10897543747245297,0.9989335601213173,0.7497488050386333,0.9115366972477065
sdq_cond,cont,yaw_skew,-0.3230451563267324,0.119,-0.024406232992076227,0.9600895583857865,0.7465201985133803,0.5400819672131149
sdq_cond,cont,yaw_kurt,-0.1006356888130219,0.6342,-0.06971178590470051,0.9810904103934787,0.7464140065989643,0.9115366972477065
sdq_cond,cont,yaw_zcr,0.1337213947241524,0.528,-0.06984394981028519,0.9811510158468703,0.7923361277755493,0.9090372670807453
sdq_cond,cont,yaw_madiff,0.20494756717172496,0.33620000000000005,-0.033546040469993654,0.9643630328354846,0.795694630631199,0.8175423728813559
sdq_cond,cont,yaw_domfreq,0.07857855153893491,0.7090000000000001,-0.2438525322159908,1.0579376854005014,0.7903884894954128,0.9115366972477065
sdq_cond,cont,yaw_centroid,0.11809758915500744,0.5751999999999999,-0.05068302003791736,0.9723251005739495,0.7987094840969774,0.9115366972477065
sdq_cond,cont,yaw_spread,0.07122617244757258,0.7356,-0.05494423683672389,0.9742948171893571,0.793376850163515,0.9153393665158372
sdq_cond,cont,yaw_entropy,0.10155473619944219,0.6302,-0.0838203339682726,0.987539072442676,0.7736029461360773,0.9115366972477065
sdq_cond,cont,yaw_bp_lf,0.24124993893532648,0.26060000000000005,-0.006908489644028126,0.9518546626508311,0.777971671910347,0.7312755102040819
sdq_cond,cont,yaw_bp_mf,0.07214521983399287,0.732,-0.059938802405073766,0.9765984618364275,0.787459702220449,0.9149999999999999
sdq_cond,cont,yaw_bp_hf,0.08593093063029725,0.6839999999999999,-0.06141033449467037,0.9772761413078166,0.7976321471923503,0.9115366972477065
sdq_cond,cont,jerk_mean,0.16726662432849304,0.4252,-0.062270416910464865,0.9776720145106141,0.750858543462868,0.8338461538461538
sdq_cond,cont,jerk_std,0.01286666340988408,0.9518,-0.07751029001515075,0.9846601306380162,0.7649111486317727,0.9830740740740741
sdq_cond,cont,jerk_var,0.01286666340988408,0.9518,-0.07103403877475123,0.981696577867014,0.7682922253313036,0.9830740740740741
sdq_cond,cont,jerk_rms,0.01286666340988408,0.9518,-0.07751056116293187,0.9846602545293588,0.7649111706006891,0.9830740740740741
sdq_cond,cont,jerk_min,0.49306892281448633,0.01639999999999997,0.11321318313053375,0.8932751539271453,0.708536250471831,0.41250000000000037
sdq_cond,cont,jerk_max,-0.5371831973626603,0.00880000000000003,0.05562949412251639,0.9218215311790754,0.7142258031040657,0.41250000000000037
sdq_cond,cont,jerk_range,-0.5210998681003052,0.011199999999999988,0.09076747205243407,0.9045094789709406,0.7004091075894165,0.41250000000000037
sdq_cond,cont,jerk_median,0.0,0.999,,,,0.9990000000000001
sdq_cond,cont,jerk_iqr,0.41173322911629057,0.04400000000000004,0.10844720191694857,0.8956723635203687,0.7919689188763096,0.41250000000000037
sdq_cond,cont,jerk_mad,0.41173322911629057,0.04400000000000004,0.10733152002587232,0.8962326068449993,0.7924021063987912,0.41250000000000037
sdq_cond,cont,jerk_skew,0.16450948216923217,0.43200000000000005,0.08628847955538932,0.9067346051106517,0.7192587233197041,0.8338461538461538
sdq_cond,cont,jerk_kurt,-0.4333308426971674,0.034599999999999964,-0.22727704304676322,1.0508650433338513,0.7878645088242378,0.41250000000000037
sdq_cond,cont,jerk_zcr,-0.4181665608212326,0.042200000000000015,0.0863401790867081,0.9067089523656701,0.7355815360756962,0.41250000000000037
sdq_cond,cont,jerk_madiff,0.10890711529080453,0.6075999999999999,-0.07569788806009381,0.9838316694016254,0.7647959756853044,0.9115366972477065
sdq_cond,cont,jerk_domfreq,-0.1668071006352829,0.4272,-0.09702869107094991,0.9935383455808114,0.764561747287252,0.8338461538461538
sdq_cond,cont,jerk_centroid,0.009190473864202913,0.9652000000000001,-0.041235628233372124,0.9679438178316042,0.7444096322807429,0.9830740740740741
sdq_cond,cont,jerk_spread,0.5698093795805806,0.005199999999999982,0.279205670241501,0.8053438028355849,0.6794817700632573,0.41250000000000037
sdq_cond,cont,jerk_entropy,0.09144521494881899,0.6676,-0.07437033648222102,0.9832243936418753,0.7828769103986505,0.9115366972477065
sdq_cond,cont,jerk_bp_lf,0.18380947728405828,0.38480000000000003,-0.03672940729576468,0.9658470310935275,0.7708352983219475,0.8338461538461538
sdq_cond,cont,jerk_bp_mf,0.26009041035694247,0.2208,-0.06750450165327448,0.9800776779397452,0.7405152588712304,0.671
sdq_cond,cont,jerk_bp_hf,-0.3712951441137977,0.07220000000000004,0.08075462126656319,0.909476261629262,0.7097158284294544,0.4725510204081636
sdq_cond,cont,actfrac_p50,0.01639167444187587,0.9394,-0.07987685281125434,0.9857408543928777,0.7592419890450923,0.9830740740740741
sdq_cond,cont,switchmin_p50,0.0955809281877103,0.6534,-0.02930999045482663,0.9623847540623252,0.7579231544872161,0.9115366972477065
sdq_cond,cont,actbout_med_p50,-0.29721131807659384,0.1592,0.05397588180779822,0.9226282424879814,0.78784029782893,0.5955921052631578
sdq_cond,cont,actbout_cv_p50,-0.17324043234022493,0.4082,-0.06238795351945714,0.9777261010562698,0.8021171978376908,0.8338461538461538
sdq_cond,cont,actshort_p50,0.028030945285818887,0.901,-0.035914744278249255,0.9654674747276514,0.7425896230892746,0.9830740740740741
sdq_cond,cont,actfrac_p75,-0.198429788485934,0.3508,-0.01226546443570431,0.9543833419868533,0.7938812527022391,0.8175423728813559
sdq_cond,cont,switchmin_p75,0.12039520762105817,0.5682,-0.05483502342613189,0.9742443838061203,0.794804935512201,0.9115366972477065
sdq_cond,cont,actbout_med_p75,0.203100592175186,0.34199999999999997,-0.011393420979580071,0.9539721637443187,0.7791365951252832,0.8175423728813559
sdq_cond,cont,actbout_cv_p75,-0.20081185393283366,0.3468,-0.11066702041759591,0.9996951347372585,0.8117437698742637,0.8175423728813559
sdq_cond,cont,actshort_p75,0.1709428138741742,0.41600000000000004,-0.06634287917606785,0.9795442890215057,0.8177740165207054,0.8338461538461538
sdq_cond,cont,actfrac_p90,0.07311196449492227,0.728,-0.06674150491206365,0.9797273610359475,0.7543287931963812,0.9141552511415525
sdq_cond,cont,switchmin_p90,0.10936663898401468,0.6066,-0.0670701765049182,0.9798782803314374,0.8031781313502023,0.9115366972477065
sdq_cond,cont,actbout_med_p90,0.19141168683233406,0.36619999999999997,-0.28051294925947046,1.0734149204264654,0.7662336896573168,0.8322727272727273
sdq_cond,cont,actbout_cv_p90,-0.31201658768968893,0.13639999999999997,-0.02033048515455893,0.9581777275278205,0.7816265116519326,0.5516176470588234
sdq_cond,cont,actshort_p90,0.23757374938964532,0.26880000000000004,-0.05064364871939153,0.9723068828626388,0.7402366811125235,0.7392000000000002
sdq_cond,cont,switch_per_min,-0.20526659477370324,0.33620000000000005,-0.02306182423193137,0.9594593510820699,0.7561585971973477,0.8175423728813559
sdq_cond,cont,act_bout_median,0.13639371351452104,0.5226,-0.060980189319242095,0.9770780966864919,0.7533199409905373,0.9090372670807453
sdq_cond,cont,stl_bout_median,0.11824117158735169,0.5751999999999999,-0.059253608392730195,0.9762827513463738,0.7628616271135211,0.9115366972477065
sdq_cond,cont,act_bout_cv,-0.19943328285320322,0.34919999999999995,-0.09413549406243882,0.992227349829637,0.7580905655119077,0.8175423728813559
sdq_cond,cont,stl_bout_cv,0.3051237322915367,0.14480000000000004,-0.012044470506633376,0.9542791576376489,0.7485719026778289,0.568857142857143
sdq_cond,cont,frac_act_short,-0.036761895456811654,0.867,-0.06398843340135385,0.9784622925959998,0.7474004119708241,0.9830740740740741
sdq_cond,cont,within_win_sd,0.10844759159759439,0.6084,-0.08283989268267877,0.987092299525492,0.7605241267001502,0.9115366972477065
sdq_cond,cont,mag_median,0.25365707865200043,0.2318,0.0004006178436055663,0.9483936333374936,0.7847907429071563,0.671
sdq_peer,cont,uaX_mean,0.272955450652165,0.19340000000000002,-0.0286531826108547,0.8896186023789692,0.6759039826459144,0.9879553903345725
sdq_peer,cont,uaX_std,0.012929468715102551,0.9478,-0.18249629711803395,0.9538262345335157,0.6313234874728493,0.9879553903345725
sdq_peer,cont,uaX_var,0.012929468715102551,0.9478,-0.16568903048473183,0.9470234289926684,0.6348273466800052,0.9879553903345725
sdq_peer,cont,uaX_rms,0.005267561328375113,0.9784,-0.17964207433593304,0.952674401177661,0.6309753588707137,0.9891911764705883
sdq_peer,cont,uaX_min,-0.012450599503432086,0.95,-0.07214975441851279,0.9082326155910264,0.6500242663440573,0.9879553903345725
sdq_peer,cont,uaX_max,0.045492575108694165,0.8254,-0.04068246476525572,0.8948051748109991,0.6413496967510949,0.9879553903345725
sdq_peer,cont,uaX_range,0.0981681883924453,0.6386000000000001,-0.002967281252150622,0.8784413110695675,0.6452106405020563,0.9879553903345725
sdq_peer,cont,uaX_median,0.37543346194964444,0.06620000000000004,0.2279890921688026,0.7706924187533011,0.6035483905507246,0.9879553903345725
sdq_peer,cont,uaX_iqr,-0.013887207138443481,0.9424,-0.16397960199999773,0.9463287914361178,0.6492406377850445,0.9879553903345725
sdq_peer,cont,uaX_mad,-0.013887207138443481,0.9424,-0.14731035570018625,0.9395282116225872,0.6533442379026698,0.9879553903345725
sdq_peer,cont,uaX_skew,0.067999428057206,0.7462,-0.03729054926001685,0.8933457571787298,0.6228891903999122,0.9879553903345725
sdq_peer,cont,uaX_kurt,0.27151884301715357,0.19540000000000002,-0.04153438170166113,0.8951713497805924,0.6316495435075437,0.9879553903345725
sdq_peer,cont,uaX_zcr,-0.49706624171394254,0.010000000000000009,0.17410417493359098,0.7971352308017184,0.6311108351452787,0.45833333333333376
sdq_peer,cont,uaX_madiff,-0.08571758888901321,0.683,-0.10420455674812512,0.9217096535447556,0.6498090877836642,0.9879553903345725
sdq_peer,cont,uaX_domfreq,0.009577384233409297,0.961,-0.12650499037370633,0.930970519353684,0.652428463855295,0.9879553903345725
sdq_peer,cont,uaX_centroid,-0.3122227260091431,0.13380000000000003,-0.04373403191973413,0.8961161219135433,0.6918533320882546,0.9879553903345725
sdq_peer,cont,uaX_spread,-0.27151884301715357,0.19540000000000002,-0.10655261129193949,0.922689125695327,0.6606440959698808,0.9879553903345725
sdq_peer,cont,uaX_entropy,-0.265772412477108,0.2026,-0.1721400149997534,0.9496402523555697,0.6878589262825558,0.9879553903345725
sdq_peer,cont,uaX_bp_lf,0.16856196250800362,0.4252,-0.08033387771732148,0.9116924665454195,0.6195627183182815,0.9879553903345725
sdq_peer,cont,uaX_bp_mf,-0.25188520533866454,0.22799999999999998,-0.05717004404957815,0.9018655396787664,0.679711813015623,0.9879553903345725
sdq_peer,cont,uaX_bp_hf,-0.3055185570457566,0.14100000000000001,-0.10273023440429063,0.9210941194809744,0.6746524661855305,0.9879553903345725
sdq_peer,cont,uaY_mean,-0.088590804159036,0.6714,-0.1806437335269968,0.953078783408158,0.6557951727347305,0.9879553903345725
sdq_peer,cont,uaY_std,0.15036493246452595,0.4768,-0.06201318208540352,0.9039290053474496,0.6599186979251133,0.9879553903345725
sdq_peer,cont,uaY_var,0.15036493246452595,0.4768,-0.055435717882573066,0.9011254643035401,0.6581948890475725,0.9879553903345725
sdq_peer,cont,uaY_rms,0.12881581793935504,0.536,-0.0707817021447057,0.9076529828017081,0.656486824693029,0.9879553903345725
sdq_peer,cont,uaY_min,-0.12306938739930946,0.554,-0.03161952739951146,0.890900383165898,0.6449968863519903,0.9879553903345725
sdq_peer,cont,uaY_max,0.032084237181921146,0.8734,-0.08004777926216389,0.9115717394800674,0.6447854052470335,0.9879553903345725
sdq_peer,cont,uaY_range,0.177181608318072,0.401,-0.08006872956558642,0.9115805805759378,0.6580080303786505,0.9879553903345725
sdq_peer,cont,uaY_median,-0.24326555952859616,0.247,-0.024352847047754533,0.8877571075154023,0.6811224323972905,0.9879553903345725
sdq_peer,cont,uaY_iqr,0.067999428057206,0.7462,-0.13815555658515377,0.935772288566747,0.6259761353604848,0.9879553903345725
sdq_peer,cont,uaY_mad,0.0804500275606381,0.7032,-0.12956848963337153,0.9322355342229878,0.6262303192583022,0.9879553903345725
sdq_peer,cont,uaY_skew,-0.011013991868420692,0.956,-0.024039298025183564,0.8876212282243046,0.6024086133827912,0.9879553903345725
sdq_peer,cont,uaY_kurt,0.011013991868420692,0.956,-0.01826912709049444,0.8851169486086212,0.5947677309148954,0.9879553903345725
sdq_peer,cont,uaY_zcr,-0.14078754823111667,0.5025999999999999,-0.080446305604992,0.9117399041911997,0.6505756984151677,0.9879553903345725
sdq_peer,cont,uaY_madiff,0.11013991868420692,0.598,-0.05890685156246067,0.9026060657852296,0.6352061385230091,0.9879553903345725
sdq_peer,cont,uaY_domfreq,0.12498486424599133,0.5492,-0.12456427683919413,0.9301682477579792,0.6220725009235396,0.9879553903345725
sdq_peer,cont,uaY_centroid,0.08523871967734274,0.6839999999999999,-0.2021291731563526,0.9617117826470198,0.6326448992964442,0.9879553903345725
sdq_peer,cont,uaY_spread,-0.028253283488557428,0.8858,-0.09995843271510685,0.9199357688137814,0.620369119256381,0.9879553903345725
sdq_peer,cont,uaY_entropy,-0.11253426474255925,0.589,-0.12490291523091113,0.930308287316559,0.6362212794487515,0.9879553903345725
sdq_peer,cont,uaY_bp_lf,0.25858937430205103,0.21660000000000001,-0.11253444003956536,0.9251797118595337,0.6600385145154325,0.9879553903345725
sdq_peer,cont,uaY_bp_mf,-0.03304197560526208,0.8706,-0.16772563991570988,0.9478503541425686,0.6568076118851386,0.9879553903345725
sdq_peer,cont,uaY_bp_hf,-0.04645031353203509,0.8218,-0.15593437903862872,0.9430526913061722,0.6326541052180625,0.9879553903345725
sdq_peer,cont,uaZ_mean,-0.017239291620136734,0.928,-0.11999002027293404,0.9282745526443756,0.6291652563563066,0.9879553903345725
sdq_peer,cont,uaZ_std,0.05219674407208067,0.8009999999999999,-0.13204288495206207,0.9332560377997947,0.6224789790095878,0.9879553903345725
sdq_peer,cont,uaZ_var,0.05219674407208067,0.8009999999999999,-0.10832934074418188,0.9234295836705074,0.6185966220348141,0.9879553903345725
sdq_peer,cont,uaZ_rms,0.01867589925514813,0.9236,-0.13586365294114677,0.9348296315241156,0.6230349164978827,0.9879553903345725
sdq_peer,cont,uaZ_min,-0.12306938739930946,0.554,-0.05328306367871516,0.9002060328307467,0.6498463462290985,0.9879553903345725
sdq_peer,cont,uaZ_max,0.18340690806978804,0.382,-0.07482690989447938,0.9093658359981585,0.6660011895156471,0.9879553903345725
sdq_peer,cont,uaZ_range,0.10295688050914995,0.6218,-0.027513565686752894,0.8891256736712203,0.6584165567028998,0.9879553903345725
sdq_peer,cont,uaZ_median,-0.13168903320937783,0.5282,-0.14049308260130045,0.9367327329018921,0.654999907586396,0.9879553903345725
sdq_peer,cont,uaZ_iqr,0.033520844816932543,0.8684000000000001,-0.16059434139231854,0.9449516615262981,0.6367760527248806,0.9879553903345725
sdq_peer,cont,uaZ_mad,0.005267561328375113,0.9784,-0.14197537856754683,0.9373412698159477,0.6320987155907972,0.9891911764705883
sdq_peer,cont,uaZ_skew,-0.07805568150228577,0.7134,-0.07568288629326081,0.9097278667457409,0.6145021118373217,0.9879553903345725
sdq_peer,cont,uaZ_kurt,0.26768788932378984,0.19979999999999998,-0.02741559099085622,0.8890832830415221,0.6526454415533475,0.9879553903345725
sdq_peer,cont,uaZ_zcr,-0.13982980980777573,0.5056,-0.03771856186646194,0.8935300468221579,0.652673563170702,0.9879553903345725
sdq_peer,cont,uaZ_madiff,-0.11061878789587738,0.597,-0.11186990784550077,0.9249033592730397,0.6231768564765511,0.9879553903345725
sdq_peer,cont,uaZ_domfreq,0.30503968783408614,0.14100000000000001,-0.026022930996397298,0.8884805033062133,0.6546434967893564,0.9879553903345725
sdq_peer,cont,uaZ_centroid,0.12115391055262761,0.5604,-0.236094307223222,0.9752033213816212,0.6369778211793301,0.9879553903345725
sdq_peer,cont,uaZ_spread,0.12306938739930946,0.554,-0.11270837445350645,0.9252520306552776,0.6290300091748741,0.9879553903345725
sdq_peer,cont,uaZ_entropy,0.13025242557436645,0.5322,-0.13363546014443517,0.9339122664950872,0.6331947022303555,0.9879553903345725
sdq_peer,cont,uaZ_bp_lf,-0.057943174612126246,0.7806,-0.1276986684243484,0.9314636307264933,0.6247594500030544,0.9879553903345725
sdq_peer,cont,uaZ_bp_mf,0.25044859770365313,0.23119999999999996,-0.2271168742873484,0.9716555433702314,0.6380499680226482,0.9879553903345725
sdq_peer,cont,uaZ_bp_hf,0.1254637334576618,0.5464,-0.16998274343549857,0.9487659645747418,0.6313217299955122,0.9879553903345725
sdq_peer,cont,uaMag_mean,-0.008140776598397903,0.9664,-0.2092019420766782,0.9645367659278107,0.6365342729848702,0.9879553903345725
sdq_peer,cont,uaMag_std,0.09433723469908158,0.6514,-0.07086544668289552,0.9076884753272181,0.6377404965485417,0.9879553903345725
sdq_peer,cont,uaMag_var,0.09433723469908158,0.6514,-0.05731434276157299,0.9019270877693488,0.6261074067705518,0.9879553903345725
sdq_peer,cont,uaMag_rms,0.02059137610182999,0.9158,-0.14203885410517847,0.9373673200335785,0.6311449705379598,0.9879553903345725
sdq_peer,cont,uaMag_min,-0.08475985046567228,0.6866,-0.028978799855163606,0.8897593943593736,0.6154709679039801,0.9879553903345725
sdq_peer,cont,uaMag_max,0.29115248069564265,0.1622,-0.013850290261506526,0.8831943528511668,0.6605988550935852,0.9879553903345725
sdq_peer,cont,uaMag_range,0.29115248069564265,0.1622,-0.013846408455586268,0.8831926620727638,0.6606024882113967,0.9879553903345725
sdq_peer,cont,uaMag_median,0.017239291620136734,0.928,-0.14988694169608707,0.94058259835567,0.6323267583620019,0.9879553903345725
sdq_peer,cont,uaMag_iqr,-0.025858937430205103,0.894,-0.19958635187412122,0.9606941067550135,0.6365756332046936,0.9879553903345725
sdq_peer,cont,uaMag_mad,-0.05028126722539881,0.8076,-0.15169461780748428,0.9413216279643388,0.6341526274340152,0.9879553903345725
sdq_peer,cont,uaMag_skew,0.19011107703317454,0.36439999999999995,-0.08137089099471262,0.9121299287224207,0.6606733986231806,0.9879553903345725
sdq_peer,cont,uaMag_kurt,0.2221953142150957,0.2952,-0.06300319057757031,0.9043502284302029,0.6483860738545909,0.9879553903345725
sdq_peer,cont,uaMag_zcr,-0.1498860632528555,0.478,-0.046865025818058736,0.8974592002331254,0.6240278763790955,0.9879553903345725
sdq_peer,cont,uaMag_madiff,-0.008619645810068367,0.9646,-0.14162078524409805,0.9371957321941888,0.6240018461765346,0.9879553903345725
sdq_peer,cont,uaMag_domfreq,-0.14605510955949177,0.48819999999999997,0.02275935769408788,0.8671018819948385,0.5972064925032062,0.9879553903345725
sdq_peer,cont,uaMag_centroid,0.05746430540045578,0.7824,-0.07577791976910375,0.9097680517728202,0.6248659911489268,0.9879553903345725
sdq_peer,cont,uaMag_spread,0.030168760335239287,0.8804,-0.1116857876893036,0.9248267763921231,0.6192340018397459,0.9879553903345725
sdq_peer,cont,uaMag_entropy,0.10535122656750227,0.615,-0.02592154922970269,0.8884366066516685,0.6431893911174246,0.9879553903345725
sdq_peer,cont,uaMag_bp_lf,0.22123757579175476,0.29700000000000004,-0.01952366024689689,0.8856620239366949,0.6723725340273109,0.9879553903345725
sdq_peer,cont,uaMag_bp_mf,0.1254637334576618,0.5464,-0.03610433749269748,0.8928348104712751,0.6233088094386047,0.9879553903345725
sdq_peer,cont,uaMag_bp_hf,0.020112506890159525,0.918,-0.14407564617708402,0.9382028309345871,0.6295784434073225,0.9879553903345725
sdq_peer,cont,gyX_mean,-0.10391461893249088,0.6194,-0.0638743228861185,0.904720710557059,0.6691655534975637,0.9879553903345725
sdq_peer,cont,gyX_std,-0.12019617212928668,0.5646,-0.03403738689347158,0.8919437965645307,0.6053736331312531,0.9879553903345725
sdq_peer,cont,gyX_var,-0.12019617212928668,0.5646,-0.027582591034696513,0.8891555375972908,0.6074503418167825,0.9879553903345725
sdq_peer,cont,gyX_rms,-0.12019617212928668,0.5646,-0.03409619132591879,0.8919691580764656,0.6054010973477469,0.9879553903345725
sdq_peer,cont,gyX_min,0.040703882991989515,0.8418,-0.14447595733251317,0.93836695478999,0.6247404236891165,0.9879553903345725
sdq_peer,cont,gyX_max,0.2207587065800843,0.2982,-0.04999994590610157,0.8988019520059173,0.6287918708734161,0.9879553903345725
sdq_peer,cont,gyX_range,0.04022501378031905,0.8436,-0.0765160998704486,0.9100801317544109,0.6167916091387742,0.9879553903345725
sdq_peer,cont,gyX_median,-0.056506566977114855,0.7846,-0.02325170946991717,0.8872798278554511,0.6239674751557256,0.9879553903345725
sdq_peer,cont,gyX_iqr,-0.13839320217276435,0.509,-0.09277063166828725,0.9169251309787526,0.6488412271605127,0.9879553903345725
sdq_peer,cont,gyX_mad,-0.13839320217276435,0.509,-0.09114723951812076,0.9162437975598371,0.64891755244192,0.9879553903345725
sdq_peer,cont,gyX_skew,0.16185779354461713,0.4436,-0.05884810998528822,0.9025810299479773,0.6180076340654517,0.9879553903345725
sdq_peer,cont,gyX_kurt,0.1336045100560597,0.5222,-0.1990435779602835,0.9604767407035848,0.6366593671387416,0.9879553903345725
sdq_peer,cont,gyX_zcr,-0.2413500826819143,0.252,-0.0658810380104704,0.905573565719843,0.6745781233089788,0.9879553903345725
sdq_peer,cont,gyX_madiff,-0.16951970093134455,0.42200000000000004,-0.03190228915800852,0.8910224704726383,0.6354750672113516,0.9879553903345725
sdq_peer,cont,gyX_domfreq,-0.051717874860410205,0.8016,-0.025168182826068364,0.8881103432974149,0.6104236885837525,0.9879553903345725
sdq_peer,cont,gyX_centroid,-0.06321073594050136,0.7614,-0.09508785160752864,0.9178967859453984,0.6285603535612014,0.9879553903345725
sdq_peer,cont,gyX_spread,-0.16281553196795806,0.4416,-0.0389168823382775,0.8940458063224701,0.669253857866016,0.9879553903345725
sdq_peer,cont,gyX_entropy,-0.03304197560526208,0.8706,-0.2349290889124278,0.9747435697757654,0.6358127332851126,0.9879553903345725
sdq_peer,cont,gyX_bp_lf,-0.04740805195537602,0.8184,-0.13879251418756233,0.9360340998368326,0.6236418323010249,0.9879553903345725
sdq_peer,cont,gyX_bp_mf,0.03878840614530765,0.8478,-0.08872969939040964,0.9152282222346796,0.6234287704487542,0.9879553903345725
sdq_peer,cont,gyX_bp_hf,-0.2561950282436987,0.2208,-0.01883923480643701,0.8853646932263325,0.681318344967396,0.9879553903345725
sdq_peer,cont,gyY_mean,0.4237992523283614,0.036599999999999966,0.2660083011658132,0.7514757018580264,0.5794359902156263,0.9879553903345725
sdq_peer,cont,gyY_std,0.306955164680768,0.1392,-0.11353995519689364,0.9255977088609553,0.6714270372585215,0.9879553903345725
sdq_peer,cont,gyY_var,0.306955164680768,0.1392,-0.22809426368663788,0.9720424245298859,0.6886363621533659,0.9879553903345725
sdq_peer,cont,gyY_rms,0.306955164680768,0.1392,-0.11136003491506519,0.9246912673461872,0.6706510544327401,0.9879553903345725
sdq_peer,cont,gyY_min,-0.067999428057206,0.7462,-0.04525831533099667,0.8967702332837606,0.6383024534392008,0.9879553903345725
sdq_peer,cont,gyY_max,0.3356873173809959,0.10219999999999996,0.003297980960557667,0.8756933215895111,0.658682870686003,0.9879553903345725
sdq_peer,cont,gyY_range,0.28540605015559706,0.17079999999999995,-0.028487126507302563,0.8895467936471072,0.6540606280116948,0.9879553903345725
sdq_peer,cont,gyY_median,0.3553209550594849,0.08420000000000005,0.13250129988463988,0.8169656279971826,0.5955962699633871,0.9879553903345725
sdq_peer,cont,gyY_iqr,0.028253283488557428,0.8858,-0.10637442554786358,0.9226148333996353,0.6207196863437824,0.9879553903345725
sdq_peer,cont,gyY_mad,0.028253283488557428,0.8858,-0.10614501302665369,0.92251917393596,0.6208362932306329,0.9879553903345725
sdq_peer,cont,gyY_skew,-0.12929468715102552,0.5344,-0.05226650680361811,0.8997715192747867,0.6221590757437467,0.9879553903345725
sdq_peer,cont,gyY_kurt,0.09146401942905878,0.6616,-0.0645168319727547,0.9049938647850099,0.6394967016023916,0.9879553903345725
sdq_peer,cont,gyY_zcr,-0.28684265779060847,0.16859999999999997,-0.09951433723351943,0.9197500433580685,0.660795646874541,0.9879553903345725
sdq_peer,cont,gyY_madiff,-0.07374585859725159,0.7274,-0.023135713880328757,0.8872295355066881,0.6029129939529195,0.9879553903345725
sdq_peer,cont,gyY_domfreq,0.011492861080091156,0.9544,-0.055114067376925924,0.9009881420853809,0.6115803842528508,0.9879553903345725
sdq_peer,cont,gyY_centroid,-0.17766047752974246,0.4002,-0.0764779553820274,0.9100640080528842,0.6422504345255021,0.9879553903345725
sdq_peer,cont,gyY_spread,-0.24565990558694847,0.243,-0.04034956363149589,0.8946620449451524,0.6562668907624188,0.9879553903345725
sdq_peer,cont,gyY_entropy,-0.3878840614530765,0.05600000000000005,0.025743952845183604,0.8657767595277629,0.6666940192683052,0.9879553903345725
sdq_peer,cont,gyY_bp_lf,0.374954592737974,0.06620000000000004,0.015900611523365638,0.8701394311818791,0.682352095581709,0.9879553903345725
sdq_peer,cont,gyY_bp_mf,-0.2571527666670396,0.2188,-0.06912024396471894,0.9069485381424021,0.653474819789638,0.9879553903345725
sdq_peer,cont,gyY_bp_hf,-0.21836436052173197,0.3014,-0.06864170469121111,0.9067455398951257,0.6396704179720388,0.9879553903345725
sdq_peer,cont,gyZ_mean,-0.54591090130433,0.0040000000000000036,0.12368416984197073,0.8211068914414393,0.6236825386444389,0.45833333333333376
sdq_peer,cont,gyZ_std,0.28061735803889243,0.17920000000000003,-0.04185972399146709,0.8953111504257114,0.6767286378291097,0.9879553903345725
sdq_peer,cont,gyZ_var,0.28061735803889243,0.17920000000000003,-0.03747427457097641,0.8934248685521488,0.6729851065027445,0.9879553903345725
sdq_peer,cont,gyZ_rms,0.28061735803889243,0.17920000000000003,-0.04255247839148235,0.8956087565514275,0.6764699467692918,0.9879553903345725
sdq_peer,cont,gyZ_min,-0.2672090201121194,0.20020000000000004,-0.018865663126340637,0.8853761761712409,0.6736138566879458,0.9879553903345725
sdq_peer,cont,gyZ_max,0.05028126722539881,0.8076,-0.014074300312838517,0.8832919182841519,0.5988406146073603,0.9879553903345725
sdq_peer,cont,gyZ_range,0.2882792654256198,0.16659999999999997,-0.0314491409994333,0.8908268077955875,0.64713789053011,0.9879553903345725
sdq_peer,cont,gyZ_median,-0.3447858324027347,0.0938,-0.11472889823735555,0.9260917141974174,0.6427342410300607,0.9879553903345725
sdq_peer,cont,gyZ_iqr,0.027295545065216496,0.89,-0.1335448179631269,0.9338749292997727,0.6261793753532315,0.9879553903345725
sdq_peer,cont,gyZ_mad,0.04645031353203509,0.8218,-0.13136846121404977,0.9329779989525606,0.6256826150627673,0.9879553903345725
sdq_peer,cont,gyZ_skew,0.10199914208580901,0.6254,-0.16514396688830657,0.946801994142679,0.6349498056267656,0.9879553903345725
sdq_peer,cont,gyZ_kurt,0.07326698938558113,0.7283999999999999,-0.08597443409294625,0.9140693974099234,0.6163363140715067,0.9879553903345725
sdq_peer,cont,gyZ_zcr,-0.19968846126658385,0.34440000000000004,-0.117644584206132,0.9273020664498419,0.6717793922369667,0.9879553903345725
sdq_peer,cont,gyZ_madiff,0.02873215270022789,0.884,-0.07526071694090897,0.9095493304321148,0.6093732558250418,0.9879553903345725
sdq_peer,cont,gyZ_domfreq,-0.12306938739930946,0.554,-0.033678925736384535,0.8917891817877711,0.6237522535414728,0.9879553903345725
sdq_peer,cont,gyZ_centroid,-0.10535122656750227,0.615,-0.09761775661905392,0.9189564507125204,0.6724436175590492,0.9879553903345725
sdq_peer,cont,gyZ_spread,-0.19250542309152688,0.35960000000000003,-0.06947239079625334,0.9070978912020491,0.679000173984802,0.9879553903345725
sdq_peer,cont,gyZ_entropy,-0.14749171719450319,0.484,-0.06692311321826105,0.9060161316305191,0.683528353224735,0.9879553903345725
sdq_peer,cont,gyZ_bp_lf,0.17526613147139014,0.40759999999999996,-0.1164530356025617,0.9268076247676703,0.6638489618921432,0.9879553903345725
sdq_peer,cont,gyZ_bp_mf,-0.10295688050914995,0.6218,-0.08912544023625424,0.9153945446394585,0.661327385249094,0.9879553903345725
sdq_peer,cont,gyZ_bp_hf,-0.23464591371852778,0.26580000000000004,-0.09837744349252708,0.9192744113114332,0.6772036263188618,0.9879553903345725
sdq_peer,cont,gyMag_mean,-0.03830953693363719,0.8493999999999999,-0.11118734492588334,0.9246194224338153,0.6168900879878817,0.9879553903345725
sdq_peer,cont,gyMag_std,0.1934631615148678,0.35640000000000005,-0.017660639273271217,0.8848524491015142,0.6419525723368092,0.9879553903345725
sdq_peer,cont,gyMag_var,0.1934631615148678,0.35640000000000005,-0.01744669016911793,0.8847594302047108,0.6362315631392214,0.9879553903345725
sdq_peer,cont,gyMag_rms,0.0818866351956495,0.6992,-0.034282148827843084,0.8920493541460506,0.626628558032519,0.9879553903345725
sdq_peer,cont,gyMag_min,-0.1364777253260825,0.5134000000000001,-0.05292018153459077,0.9000509478171221,0.6720006913434989,0.9879553903345725
sdq_peer,cont,gyMag_max,0.1441396327128099,0.49319999999999997,-0.033210363936591936,0.8915870369545493,0.6295674029571546,0.9879553903345725
sdq_peer,cont,gyMag_range,0.1441396327128099,0.49319999999999997,-0.033209720844926016,0.8915867594833287,0.6295939979895062,0.9879553903345725
sdq_peer,cont,gyMag_median,0.01484494556178441,0.9392,-0.13425487192490815,0.9341673737507703,0.630917262442304,0.9879553903345725
sdq_peer,cont,gyMag_iqr,0.11540748001258203,0.5786,-0.08282047961530825,0.9127410836753165,0.6292125042441465,0.9879553903345725
sdq_peer,cont,gyMag_mad,0.002394346058352324,0.99,-0.10073185783596061,0.9202591339449676,0.6187796368159036,0.9958211678832117
sdq_peer,cont,gyMag_skew,0.0818866351956495,0.6992,-0.1342850194752987,0.934179788363895,0.6313846588844156,0.9879553903345725
sdq_peer,cont,gyMag_kurt,0.0900274117940474,0.6662,-0.1535001664459248,0.9420592090682746,0.6232493055041856,0.9879553903345725
sdq_peer,cont,gyMag_zcr,-0.177181608318072,0.401,-0.010297610200353358,0.8816455736228367,0.6321677662313377,0.9879553903345725
sdq_peer,cont,gyMag_madiff,-0.028253283488557428,0.8858,-0.03565389204985725,0.892640709801263,0.6022710175432818,0.9879553903345725
sdq_peer,cont,gyMag_domfreq,-0.22842061396681174,0.2794,0.02607266590243973,0.8656306910811338,0.6081900798712404,0.9879553903345725
sdq_peer,cont,gyMag_centroid,-0.10056253445079762,0.6278,-0.05761115044206644,0.9020536726891306,0.6109494297250443,0.9879553903345725
sdq_peer,cont,gyMag_spread,-0.18101256201143573,0.39039999999999997,-0.0509791517825855,0.8992209553873696,0.6508987830928138,0.9879553903345725
sdq_peer,cont,gyMag_entropy,-0.008140776598397903,0.9664,-0.05080471550232679,0.8991463281849944,0.6311943312133727,0.9879553903345725
sdq_peer,cont,gyMag_bp_lf,0.2030405457482771,0.3358,-0.005086701534704696,0.8793689603787205,0.668946671577794,0.9879553903345725
sdq_peer,cont,gyMag_bp_mf,-0.03830953693363719,0.8493999999999999,-0.05019439174684659,0.8988851711581981,0.6101978966228188,0.9879553903345725
sdq_peer,cont,gyMag_bp_hf,-0.23416704450685732,0.26759999999999995,-0.04842361066604872,0.8981270256160493,0.6502094300130469,0.9879553903345725
sdq_peer,cont,pitch_mean,-0.0694360356922174,0.7416,-0.08562539318338458,0.9139224909800413,0.615872224231464,0.9879553903345725
sdq_peer,cont,pitch_std,-0.18197030043477666,0.38560000000000005,-0.04522291777404419,0.896755048642944,0.698013941919622,0.9879553903345725
sdq_peer,cont,pitch_var,-0.18197030043477666,0.38560000000000005,-0.03684507703705875,0.8931539095538827,0.6976321242345431,0.9879553903345725
sdq_peer,cont,pitch_rms,-0.03256310639359161,0.872,-0.073520894102159,0.9088131855543189,0.6306135961014038,0.9879553903345725
sdq_peer,cont,pitch_min,0.5454320320926594,0.0041999999999999815,0.1143261613480403,0.8254794703769983,0.6683643593495928,0.45833333333333376
sdq_peer,cont,pitch_max,-0.1063089649908432,0.6115999999999999,-0.04983915411736661,0.8987331303324797,0.659062031302804,0.9879553903345725
sdq_peer,cont,pitch_range,-0.1278580795160141,0.5389999999999999,-0.04924448307454643,0.8984785550145642,0.6613190332557445,0.9879553903345725
sdq_peer,cont,pitch_median,-0.08811193494736554,0.6734,-0.0875484076282369,0.9147315677452399,0.6156801480725159,0.9879553903345725
sdq_peer,cont,pitch_iqr,-0.16664648566132176,0.4304,-0.06484632310174665,0.9051339115982576,0.6600325528663615,0.9879553903345725
sdq_peer,cont,pitch_mad,-0.2140545376166978,0.30900000000000005,-0.040311200400623415,0.8946455493151264,0.6717288640616381,0.9879553903345725
sdq_peer,cont,pitch_skew,-0.04118275220365998,0.84,-0.06074227857635206,0.9033879807810224,0.663701517105992,0.9879553903345725
sdq_peer,cont,pitch_kurt,-0.1580268398512534,0.45520000000000005,-0.02061747354611132,0.8861369953585272,0.6487216025096244,0.9879553903345725
sdq_peer,cont,pitch_zcr,0.14030867901944621,0.5045999999999999,-0.044895044720137056,0.896614387319535,0.667851195880397,0.9879553903345725
sdq_peer,cont,pitch_madiff,0.06464734357551276,0.7572,-0.10542071117224183,0.9222170924920573,0.6266407772195891,0.9879553903345725
sdq_peer,cont,pitch_domfreq,0.04836579037871695,0.8136,-0.1518565609955551,0.9413878066477634,0.6439459531206525,0.9879553903345725
sdq_peer,cont,pitch_centroid,0.19537863836154967,0.35340000000000005,-0.016329174460470774,0.8842734075881213,0.692249310625554,0.9879553903345725
sdq_peer,cont,pitch_spread,0.20878697628832268,0.32120000000000004,-0.011600513833996295,0.8822138859206548,0.700571272722935,0.9879553903345725
sdq_peer,cont,pitch_entropy,0.14078754823111667,0.5025999999999999,-0.05708428818723643,0.9018289600263262,0.6573195631617853,0.9879553903345725
sdq_peer,cont,pitch_bp_lf,0.23368817529518685,0.26859999999999995,-0.020423930573744142,0.886052970871385,0.6802806388421757,0.9879553903345725
sdq_peer,cont,pitch_bp_mf,0.1446185019244804,0.49160000000000004,-0.022716100622385715,0.8870475794619596,0.6651604669994842,0.9879553903345725
sdq_peer,cont,pitch_bp_hf,0.1757450006830606,0.40480000000000005,-0.02677389613374359,0.8888055914794045,0.6765091355902854,0.9879553903345725
sdq_peer,cont,roll_mean,0.11349200316590018,0.5862,-0.026129234185727546,0.8885265285275098,0.6370138860890869,0.9879553903345725
sdq_peer,cont,roll_std,-0.009098515021738833,0.963,-0.08547642557296276,0.9138597854090604,0.6184277337543276,0.9879553903345725
sdq_peer,cont,roll_var,-0.009098515021738833,0.963,-0.09169359701943236,0.9164731589168069,0.6257956962951109,0.9879553903345725
sdq_peer,cont,roll_rms,0.11349200316590018,0.5862,-0.06541241867151393,0.9053744741116682,0.6356858015965634,0.9879553903345725
sdq_peer,cont,roll_min,0.07518246623226298,0.7232000000000001,-0.02374666928466218,0.8874943961577734,0.6289150440502592,0.9879553903345725
sdq_peer,cont,roll_max,0.15180154009953736,0.47340000000000004,-0.02921915563721389,0.889863306280548,0.6185289230947547,0.9879553903345725
sdq_peer,cont,roll_range,-0.04884465959038742,0.8116,-0.03678592969947103,0.8931284339884425,0.6285003412034332,0.9879553903345725
sdq_peer,cont,roll_median,0.14222415586612808,0.49839999999999995,-0.03566773719822702,0.8926466764190002,0.6209071311374794,0.9879553903345725
sdq_peer,cont,roll_iqr,-0.017239291620136734,0.928,-0.11340214493245293,0.9255404317011907,0.6244193860172093,0.9879553903345725
sdq_peer,cont,roll_mad,0.11875956449427529,0.5708,-0.06093884881078626,0.9034716820553778,0.629912424445078,0.9879553903345725
sdq_peer,cont,roll_skew,-0.019154768466818593,0.9214,-0.03810197491950196,0.8936951009402944,0.6123153538208483,0.9879553903345725
sdq_peer,cont,roll_kurt,0.0019154768466818595,0.9922,-0.05171714009010242,0.8995366125032288,0.6220515406391204,0.9958211678832117
sdq_peer,cont,roll_zcr,0.3184480257608591,0.12419999999999998,0.014305185973871315,0.8708444821635036,0.680048723274696,0.9879553903345725
sdq_peer,cont,roll_madiff,0.15180154009953736,0.47340000000000004,-0.05344313591840488,0.9002744344439667,0.6485796037542322,0.9879553903345725
sdq_peer,cont,roll_domfreq,0.3064762954690975,0.13980000000000004,-0.3257009543146623,1.0099320462326609,0.6623811820976293,0.9879553903345725
sdq_peer,cont,roll_centroid,0.18484351570479943,0.3768,-0.021622930146072417,0.8865733747990376,0.6574536058060799,0.9879553903345725
sdq_peer,cont,roll_spread,0.13935094059610528,0.5065999999999999,-0.061933396189817636,0.903895049959202,0.6386383200996208,0.9879553903345725
sdq_peer,cont,roll_entropy,0.30025099571738145,0.14739999999999998,-0.012786711375542215,0.8827309741060473,0.676447069579582,0.9879553903345725
sdq_peer,cont,roll_bp_lf,0.25954711272539194,0.21519999999999995,-0.013926821944041157,0.8832276867047713,0.6727185295080084,0.9879553903345725
sdq_peer,cont,roll_bp_mf,0.07326698938558113,0.7283999999999999,-0.046732347547748354,0.8974023270429519,0.6461662934051791,0.9879553903345725
sdq_peer,cont,roll_bp_hf,0.11109765710754785,0.5953999999999999,-0.03640825624391408,0.8929657477403975,0.65145088171259,0.9879553903345725
sdq_peer,cont,yaw_mean,-0.02059137610182999,0.9158,-0.051362870427607676,0.8993850958258323,0.6090088485146478,0.9879553903345725
sdq_peer,cont,yaw_std,-0.5061647567356814,0.00880000000000003,0.1837327229862411,0.7924749842432993,0.6467560970999583,0.45833333333333376
sdq_peer,cont,yaw_var,-0.5061647567356814,0.00880000000000003,0.1959005980359083,0.7865462017002217,0.6414571431587384,0.45833333333333376
sdq_peer,cont,yaw_rms,-0.5090379720057041,0.008000000000000007,0.17312050776799515,0.7976097957479065,0.633809499824253,0.45833333333333376
sdq_peer,cont,yaw_min,0.11157652631921831,0.5938,-0.028649545862295733,0.8896170297779776,0.6152491377929666,0.9879553903345725
sdq_peer,cont,yaw_max,-0.006704168963386508,0.9736,-0.0451223108654224,0.8967118894647396,0.6286976924277629,0.9891911764705883
sdq_peer,cont,yaw_range,-0.0818866351956495,0.6992,-0.03737333331052528,0.893381404522114,0.6187420314790674,0.9879553903345725
sdq_peer,cont,yaw_median,-0.04166162141533044,0.8382000000000001,-0.06676459583824723,0.9059488237633502,0.613650396532208,0.9879553903345725
sdq_peer,cont,yaw_iqr,-0.37782780800799676,0.06359999999999999,0.07915339002448984,0.8417110243466447,0.6847299268048687,0.9879553903345725
sdq_peer,cont,yaw_mad,-0.47168617349540787,0.019000000000000017,0.13649188481190877,0.815084398289919,0.6944133127144071,0.7464285714285721
sdq_peer,cont,yaw_skew,0.031126498758580215,0.877,-0.046364596483797316,0.8972446699049202,0.607594009783587,0.9879553903345725
sdq_peer,cont,yaw_kurt,0.40655996070822464,0.04359999999999997,-0.004461950345536536,0.879095614704827,0.691945863965139,0.9879553903345725
sdq_peer,cont,yaw_zcr,-0.02681667585354603,0.8912,-0.09102063222880852,0.9161906395145465,0.643183709808872,0.9879553903345725
sdq_peer,cont,yaw_madiff,-0.25523728982035776,0.22319999999999995,0.008368244739432096,0.873463137912077,0.6692807244437589,0.9879553903345725
sdq_peer,cont,yaw_domfreq,-0.10774557262585459,0.6066,0.12977389490818414,0.8182488849701849,0.6437068196609013,0.9879553903345725
sdq_peer,cont,yaw_centroid,-0.11828069528260482,0.5716,-0.051323614930274486,0.8993683051725814,0.6522521223628156,0.9879553903345725
sdq_peer,cont,yaw_spread,-0.16951970093134455,0.42200000000000004,0.01664708450807617,0.8698093533430034,0.6440311500185474,0.9879553903345725
sdq_peer,cont,yaw_entropy,-0.03447858324027347,0.8654,-0.09840398844825815,0.919285519492535,0.6533317696963022,0.9879553903345725
sdq_peer,cont,yaw_bp_lf,-0.06321073594050136,0.7614,-0.1075340496842423,0.9230982168756635,0.6503267770429434,0.9879553903345725
sdq_peer,cont,yaw_bp_mf,-0.16808309329633317,0.4264,-0.015449118601654765,0.8838904713545496,0.6476401093244449,0.9879553903345725
sdq_peer,cont,yaw_bp_hf,-0.14366076350113946,0.494,-0.0027520801495786174,0.8783470648844195,0.6549665103678438,0.9879553903345725
sdq_peer,cont,jerk_mean,-0.34287035555605283,0.09599999999999997,-0.14341764439965177,0.9379329939173422,0.6709700605427164,0.9879553903345725
sdq_peer,cont,jerk_std,0.14844945561784412,0.481,-0.0485597095488941,0.898185317949875,0.6465360655570807,0.9879553903345725
sdq_peer,cont,jerk_var,0.14844945561784412,0.481,-0.04501169508830927,0.8966644342022367,0.6454168908001106,0.9879553903345725
sdq_peer,cont,jerk_rms,0.14844945561784412,0.481,-0.04856001196331472,0.898185447472386,0.646535751483121,0.9879553903345725
sdq_peer,cont,jerk_min,-0.3797432848546786,0.06159999999999999,-0.010221480760395307,0.8816123554663512,0.6718085999884011,0.9879553903345725
sdq_peer,cont,jerk_max,0.2274628755434708,0.2812,0.003378713670360911,0.8756578553593192,0.660577879550983,0.9879553903345725
sdq_peer,cont,jerk_range,0.3251521947242456,0.11380000000000001,0.0042427722438527216,0.8752781806755147,0.6664839089504547,0.9879553903345725
sdq_peer,cont,jerk_median,0.0,0.999,,,,0.9990000000000001
sdq_peer,cont,jerk_iqr,-0.08763306573569507,0.6739999999999999,-0.08875758032332426,0.9152399410540134,0.6454895963114814,0.9879553903345725
sdq_peer,cont,jerk_mad,-0.08763306573569507,0.6739999999999999,-0.08594231516007356,0.914055879987331,0.6459842849995096,0.9879553903345725
sdq_peer,cont,jerk_skew,-0.3797432848546786,0.06159999999999999,-0.04601901365723893,0.8970964911743377,0.644358498005475,0.9879553903345725
sdq_peer,cont,jerk_kurt,0.299772126505711,0.14800000000000002,-0.005224244886550489,0.8794291279326504,0.6416274272208949,0.9879553903345725
sdq_peer,cont,jerk_zcr,-0.05698543618878532,0.783,-0.1742363466308885,0.9504890722777495,0.6348062159018025,0.9879553903345725
sdq_peer,cont,jerk_madiff,-0.008619645810068367,0.9646,-0.13818588304051538,0.9357847554335724,0.6230643113129926,0.9879553903345725
sdq_peer,cont,jerk_domfreq,0.12642147188100272,0.5434,-0.01402224226325699,0.8832692458603406,0.6371292957101278,0.9879553903345725
sdq_peer,cont,jerk_centroid,0.11061878789587738,0.597,-0.10805116030746564,0.9233136902460208,0.6364474239773245,0.9879553903345725
sdq_peer,cont,jerk_spread,0.3921938843581107,0.0534,0.08704075304903247,0.8380985021230811,0.6656025931272035,0.9879553903345725
sdq_peer,cont,jerk_entropy,0.26002598193706244,0.21399999999999997,-0.23974188340768388,0.9766411194856501,0.6647075051950236,0.9879553903345725
sdq_peer,cont,jerk_bp_lf,0.32946201762927985,0.10919999999999996,0.029773195624871684,0.863984602822483,0.6700795982157625,0.9879553903345725
sdq_peer,cont,jerk_bp_mf,-0.0354363216636144,0.8602,-0.11131178270248299,0.9246711933456311,0.6247882981063653,0.9879553903345725
sdq_peer,cont,jerk_bp_hf,-0.04405596747368277,0.8286,-0.14278913866634935,0.9376751802930618,0.6372655325359985,0.9879553903345725
sdq_peer,cont,actfrac_p50,0.327199692109084,0.11140000000000005,-0.022914244628112534,0.8871335048953057,0.6817412661735057,0.9879553903345725
sdq_peer,cont,switchmin_p50,-0.1743083930480492,0.4094,-0.04855547421004003,0.8981835039744848,0.62479868946227,0.9879553903345725
sdq_peer,cont,actbout_med_p50,0.09557597153606631,0.6482,-0.06884990020558779,0.906833862837926,0.651467757359293,0.9879553903345725
sdq_peer,cont,actbout_cv_p50,-0.029211021911898356,0.8828,-0.06890836476245266,0.9068586637547588,0.6198854937043269,0.9879553903345725
sdq_peer,cont,actshort_p50,-0.16999857014301503,0.4216,-0.04370019429614058,0.8961015958538059,0.642682831214858,0.9879553903345725
sdq_peer,cont,actfrac_p75,0.3090944959966081,0.13560000000000005,-0.025954939119541276,0.8884510641699269,0.6609176346338647,0.9879553903345725
sdq_peer,cont,switchmin_p75,-0.09194288864072925,0.6594,-0.04201716410198464,0.8953787951183855,0.6357773216391297,0.9879553903345725
sdq_peer,cont,actbout_med_p75,0.20014556376037299,0.34440000000000004,-0.04096218161807319,0.8949254205533874,0.6517495103377519,0.9879553903345725
sdq_peer,cont,actbout_cv_p75,-0.027295545065216496,0.89,-0.04336950179101917,0.8959596213864245,0.6112381769195374,0.9879553903345725
sdq_peer,cont,actshort_p75,-0.057943174612126246,0.7806,-0.046195733502276015,0.8971722680270908,0.6336000966941733,0.9879553903345725
sdq_peer,cont,actfrac_p90,0.06876259167616547,0.7438,-0.07796374541239537,0.9106918415212235,0.6232453460514602,0.9879553903345725
sdq_peer,cont,switchmin_p90,-0.2739131890755059,0.19179999999999997,-0.08656773501889736,0.9143190552986491,0.672111452302496,0.9879553903345725
sdq_peer,cont,actbout_med_p90,0.1340188660321097,0.5222,-0.05274103608977643,0.8999743765398213,0.6448557902098995,0.9879553903345725
sdq_peer,cont,actbout_cv_p90,-0.09098515021738833,0.6632,-0.0653498019217027,0.9053478682457442,0.608888840430679,0.9879553903345725
sdq_peer,cont,actshort_p90,-0.056506566977114855,0.7846,-0.043534559962475905,0.896030487751718,0.6325826317553531,0.9879553903345725
sdq_peer,cont,switch_per_min,0.25151571456859556,0.22899999999999998,-0.04469496770709358,0.896528541129667,0.638566780632345,0.9879553903345725
sdq_peer,cont,act_bout_median,-0.38542653578051445,0.05820000000000003,-0.14111427792155729,0.9369878044954996,0.6641154731584409,0.9879553903345725
sdq_peer,cont,stl_bout_median,-0.09102903642122273,0.6632,-0.23235954852530538,0.9737289580001274,0.6531105393071625,0.9879553903345725
sdq_peer,cont,act_bout_cv,0.3888417998764175,0.055400000000000005,0.12489179747940038,0.8205409235573172,0.6410385390663251,0.9879553903345725
sdq_peer,cont,stl_bout_cv,-0.2250685294851185,0.2872,-0.013894298364352853,0.8832135210096781,0.6363588968659198,0.9879553903345725
sdq_peer,cont,frac_act_short,0.12594260266933227,0.5448,-0.02342270821959902,0.8873539627929016,0.6436560484397499,0.9879553903345725
sdq_peer,cont,within_win_sd,0.11013991868420692,0.598,-0.05966534411377644,0.9029292752453529,0.643461671589642,0.9879553903345725
sdq_peer,cont,mag_median,0.017239291620136734,0.928,-0.14985968807052275,0.9405714518520832,0.6323213241152329,0.9879553903345725
sdq_pro,cont,uaX_mean,-0.13116627474095213,0.5232,-0.03583493438337748,2.380903124481574,2.1114642563962738,0.9056441717791409
sdq_pro,cont,uaX_std,0.012170066728541951,0.9482,-0.0618783427737597,2.4106481657582863,2.1362759605121293,0.9839811320754717
sdq_pro,cont,uaX_var,0.012170066728541951,0.9482,-0.06117388400542767,2.409848411251066,2.1335391513498094,0.9839811320754717
sdq_pro,cont,uaX_rms,0.012170066728541951,0.9482,-0.06314629953081297,2.4120869773453886,2.137181608348927,0.9839811320754717
sdq_pro,cont,uaX_min,-0.2519654556020352,0.22899999999999998,0.020526761510444524,2.315222504761556,2.001405795912964,0.9056441717791409
sdq_pro,cont,uaX_max,-0.0441728347924856,0.8274,-0.10281763408433098,2.456678352327429,2.1422562054638976,0.9574159663865547
sdq_pro,cont,uaX_range,0.13657519328697076,0.5085999999999999,-0.07257594992313932,2.4227604493137487,2.071933645432517,0.9056441717791409
sdq_pro,cont,uaX_median,-0.12981404510444747,0.5267999999999999,-0.09184424176670203,2.4444254236962273,2.1670634583901323,0.9056441717791409
sdq_pro,cont,uaX_iqr,-0.21320153935556824,0.31200000000000006,0.0014523368021828187,2.3376573205887623,1.9683288872555076,0.9056441717791409
sdq_pro,cont,uaX_mad,-0.2366401863883157,0.2612,-0.006045874421923614,2.3464177766770327,1.9827782446578297,0.9056441717791409
sdq_pro,cont,uaX_skew,-0.15280194892502671,0.4618,-0.0733816997218657,2.42367030201767,2.073863394752166,0.9056441717791409
sdq_pro,cont,uaX_kurt,0.03741168660996229,0.856,-0.05620406412893453,2.404198739639636,2.0987725566231314,0.9688461538461539
sdq_pro,cont,uaX_zcr,0.1573093810467089,0.4514,-0.07148408106615811,2.421526965449275,2.165144926159727,0.9056441717791409
sdq_pro,cont,uaX_madiff,-0.11403803267855976,0.5816,-0.04257614981270441,2.3886380209045353,2.112311001080711,0.9144088669950738
sdq_pro,cont,uaX_domfreq,0.14063188219648476,0.49860000000000004,-0.08503049704758103,2.4367861666992683,2.1460348930057562,0.9056441717791409
sdq_pro,cont,uaX_centroid,0.09736053382833561,0.6352,-0.11738436450686351,2.472849827023117,2.1753693969259977,0.9144088669950738
sdq_pro,cont,uaX_spread,0.12981404510444747,0.5267999999999999,-0.07980234512200579,2.430908326399346,2.139655131706703,0.9056441717791409
sdq_pro,cont,uaX_entropy,0.08654269673629832,0.6746,-0.1396732153971727,2.4973914400564694,2.178316539079048,0.9144088669950738
sdq_pro,cont,uaX_bp_lf,-0.20734187759738137,0.32420000000000004,-0.02193147318389288,2.36487034493046,2.064070438445024,0.9056441717791409
sdq_pro,cont,uaX_bp_mf,0.048680266914167804,0.8116,-0.11385297030779795,2.468939123421781,2.158693229246237,0.9574159663865547
sdq_pro,cont,uaX_bp_hf,0.10727688449603645,0.6,-0.0480812042546348,2.394936011599137,2.110470376485464,0.9144088669950738
sdq_pro,cont,uaY_mean,-0.0464265508533267,0.8200000000000001,-0.058926861954015974,2.4072956476652796,2.1132359816121373,0.9574159663865547
sdq_pro,cont,uaY_std,-0.11584100552723264,0.5766,-0.10351945300051191,2.457459927207518,2.1642586753165958,0.9144088669950738
sdq_pro,cont,uaY_var,-0.11584100552723264,0.5766,-0.11706889169791213,2.4725007206741765,2.1732498273631333,0.9144088669950738
sdq_pro,cont,uaY_rms,-0.12079918086108306,0.5604,-0.09892760765332076,2.4523417396148157,2.160746630220862,0.912869822485207
sdq_pro,cont,uaY_min,0.10006499310134492,0.624,-0.1401183252478626,2.497879082039913,2.1290310259238105,0.9144088669950738
sdq_pro,cont,uaY_max,0.0013522296365046612,0.993,-0.044775359643705714,2.3911559899309105,2.1028803205093136,0.9966240875912409
sdq_pro,cont,uaY_range,-0.1280110722557746,0.5326,-0.6049433607938504,2.9636458380035364,2.3554193031882993,0.9056441717791409
sdq_pro,cont,uaY_median,-0.20689113438521314,0.3256,-0.043423284412232865,2.389608255566719,2.0673391228720344,0.9056441717791409
sdq_pro,cont,uaY_iqr,-0.24926099632902587,0.23519999999999996,0.007412769530812713,2.3306700206582804,1.9409710604556734,0.9056441717791409
sdq_pro,cont,uaY_mad,-0.25782511736022207,0.21919999999999995,0.007590105686876458,2.330461811993029,1.94204043705162,0.9056441717791409
sdq_pro,cont,uaY_skew,0.35067821906687546,0.09179999999999999,0.19604823064265675,2.097545767389586,1.8073790301023933,0.8382407407407406
sdq_pro,cont,uaY_kurt,0.07888006212943857,0.7012,-0.5479433769961728,2.910542754133136,2.315502955045447,0.9226315789473685
sdq_pro,cont,uaY_zcr,0.12665884261926993,0.5367999999999999,-0.07158783183232842,2.4216441996672087,2.146198355026053,0.9056441717791409
sdq_pro,cont,uaY_madiff,-0.21725822826508223,0.30579999999999996,-0.09811715950125177,2.451437284038287,2.1356080788945975,0.9056441717791409
sdq_pro,cont,uaY_domfreq,0.163619786017064,0.4406,-0.047931129868181044,2.3947645404296067,2.0598861967067132,0.9056441717791409
sdq_pro,cont,uaY_centroid,0.07572485964426103,0.7121999999999999,-0.07121529844928176,2.421223225436385,2.131344858919406,0.9282227488151659
sdq_pro,cont,uaY_spread,0.0883456695849712,0.6676,-0.07188943308133378,2.4219849647961103,2.1238820391998865,0.9144088669950738
sdq_pro,cont,uaY_entropy,0.10141722273784959,0.6175999999999999,-0.10645341291988686,2.4607246194842416,2.1577744503571767,0.9144088669950738
sdq_pro,cont,uaY_bp_lf,-0.3033501817892123,0.15059999999999996,0.0015098190253177712,2.3375900350306678,1.9983127231933075,0.8382407407407406
sdq_pro,cont,uaY_bp_mf,0.044623578004653816,0.8254,-0.07495619715625579,2.425447239473473,2.1302501235841906,0.9574159663865547
sdq_pro,cont,uaY_bp_hf,0.13116627474095213,0.5232,-0.05299147765158119,2.4005396084469712,2.096852646548538,0.9056441717791409
sdq_pro,cont,uaZ_mean,0.1347722204382979,0.5136000000000001,-0.07575781339782917,2.4263514230898777,2.0769430781226608,0.9056441717791409
sdq_pro,cont,uaZ_std,-0.10727688449603645,0.6,-0.07224420267655751,2.4223857409924974,2.136158681055109,0.9144088669950738
sdq_pro,cont,uaZ_var,-0.10727688449603645,0.6,-0.07773991191220353,2.4285856872729235,2.143431841228973,0.9144088669950738
sdq_pro,cont,uaZ_rms,-0.08519046709979365,0.6792,-0.07346166299206036,2.4237605779157785,2.1398883372366773,0.9154146341463415
sdq_pro,cont,uaZ_min,0.03605945697345763,0.8608,-0.05354207418131596,2.401167133014882,2.1204378083525697,0.9688461538461539
sdq_pro,cont,uaZ_max,0.018029728486728815,0.9254,-0.28723097779280415,2.6541452690259715,2.2535970097879057,0.9839811320754717
sdq_pro,cont,uaZ_range,-0.055892158308859324,0.7827999999999999,-0.100575670915388,2.454179940844126,2.1536902891274594,0.9574159663865547
sdq_pro,cont,uaZ_median,-0.043722091580317375,0.8286,-0.13013939619754922,2.4869236665479133,2.122059649814488,0.9574159663865547
sdq_pro,cont,uaZ_iqr,-0.23393572711530639,0.267,0.0025656952427333124,2.3363537391554328,1.953441731671516,0.9056441717791409
sdq_pro,cont,uaZ_mad,-0.22897755178145596,0.2784,0.02175339645674601,2.313772326022735,1.9210447268697581,0.9056441717791409
sdq_pro,cont,uaZ_skew,0.3669049747049314,0.0776,0.053935438174027905,2.275395188462654,1.9065415167893143,0.8382407407407406
sdq_pro,cont,uaZ_kurt,-0.07572485964426103,0.7121999999999999,-0.04385993123872023,2.3901081992324085,2.1182380308025404,0.9282227488151659
sdq_pro,cont,uaZ_zcr,-0.17804356880644706,0.397,-0.04410062907446055,2.3903837442044384,2.0181821939581908,0.9056441717791409
sdq_pro,cont,uaZ_madiff,-0.11088283019338221,0.5892,-0.045159388491811336,2.391595409039011,2.070123090620905,0.9144088669950738
sdq_pro,cont,uaZ_domfreq,0.12530661298276527,0.5446,-0.09877451169779472,2.4521709109467884,2.0533318927541484,0.9076666666666666
sdq_pro,cont,uaZ_centroid,-0.1685779613509144,0.4236,-0.08472514603852277,2.4364432604519535,2.1053796609873827,0.9056441717791409
sdq_pro,cont,uaZ_spread,0.05724438794536399,0.7766,-0.06624004410488182,2.415594001742533,2.136648426374474,0.9574159663865547
sdq_pro,cont,uaZ_entropy,-0.03741168660996229,0.856,-0.0597674283086469,2.4082509026511545,2.1330815083192296,0.9688461538461539
sdq_pro,cont,uaZ_bp_lf,-0.24249984814650255,0.24839999999999995,-0.03243490680796124,2.3769923710361747,2.039667258411179,0.9056441717791409
sdq_pro,cont,uaZ_bp_mf,-0.08609195352413009,0.675,-0.0810167367550656,2.432274893718289,2.1458881486992,0.9144088669950738
sdq_pro,cont,uaZ_bp_hf,0.005408918546018645,0.9748,-0.05664249282565703,2.404697677483605,2.133706410134568,0.9928518518518519
sdq_pro,cont,uaMag_mean,-0.15099897607635382,0.4676,-0.030503834046088585,2.374768359836349,2.0627527941144845,0.9056441717791409
sdq_pro,cont,uaMag_std,0.016226755638055933,0.9328,-0.0661602057613333,2.415503562148188,2.126071229341255,0.9839811320754717
sdq_pro,cont,uaMag_var,0.016226755638055933,0.9328,-0.056007940277321255,2.4039755144960386,2.1113292866267988,0.9839811320754717
sdq_pro,cont,uaMag_rms,-0.09736053382833561,0.6352,-0.07476639813135932,2.4252331061700647,2.1448315006729017,0.9144088669950738
sdq_pro,cont,uaMag_min,-0.027946079154429662,0.8882,-0.11962567621992748,2.475328674461232,2.2038946722215735,0.9705753968253967
sdq_pro,cont,uaMag_max,-0.08609195352413009,0.675,-0.19188923662613755,2.5539617987798824,2.225956775333816,0.9144088669950738
sdq_pro,cont,uaMag_range,-0.08609195352413009,0.675,-0.19189464529035005,2.5539675935742667,2.225961544053108,0.9144088669950738
sdq_pro,cont,uaMag_median,-0.23618944317614748,0.262,0.03646076594430925,2.296313344590184,1.9244906698101178,0.9056441717791409
sdq_pro,cont,uaMag_iqr,-0.0951068177674945,0.6424000000000001,-0.030490338231661474,2.3747528094148143,2.080609583633627,0.9144088669950738
sdq_pro,cont,uaMag_mad,-0.20103147262702628,0.3388,0.028070901933734627,2.306289067026075,1.9815274236407479,0.9056441717791409
sdq_pro,cont,uaMag_skew,0.0031552024851775424,0.986,-0.0936747876012265,2.446473682355974,2.154396177797858,0.9966240875912409
sdq_pro,cont,uaMag_kurt,-0.08879641279713942,0.6656,-0.12769181647987748,2.484229201071819,2.1775485948716424,0.9144088669950738
sdq_pro,cont,uaMag_zcr,-0.23844315923698858,0.25760000000000005,0.01445913649870545,2.322382584600493,1.948162533068798,0.9056441717791409
sdq_pro,cont,uaMag_madiff,-0.16226755638055934,0.44320000000000004,-0.042212153522403595,2.38822100998381,2.0707953566845867,0.9056441717791409
sdq_pro,cont,uaMag_domfreq,0.21500451220424113,0.31000000000000005,0.009913545569080306,2.327732163238721,2.054623470099051,0.9056441717791409
sdq_pro,cont,uaMag_centroid,-0.3038009250013805,0.1502,0.08137783339232185,2.242151264241035,1.8507973189700013,0.8382407407407406
sdq_pro,cont,uaMag_spread,-0.4182897008921085,0.04520000000000002,0.06300590531544947,2.2644611539595094,1.8605760311841397,0.8382407407407406
sdq_pro,cont,uaMag_entropy,-0.15190046250069025,0.46499999999999997,-0.06018679002553795,2.4087273413093353,2.1151770629725126,0.9056441717791409
sdq_pro,cont,uaMag_bp_lf,-0.12575735619493347,0.5422,-0.06549762456561492,2.4147528701013043,2.134272179928247,0.9076666666666666
sdq_pro,cont,uaMag_bp_mf,-0.380427271069978,0.06620000000000004,0.16791649935170672,2.1339286941671243,1.6945159966373307,0.8382407407407406
sdq_pro,cont,uaMag_bp_hf,-0.2898278854241657,0.16859999999999997,0.0033438581876049644,2.3354421910800762,1.9562206453882467,0.8407142857142859
sdq_pro,cont,gyX_mean,0.0027044592730093224,0.9884,-0.07090939804171037,2.420877493791189,2.143990327427645,0.9966240875912409
sdq_pro,cont,gyX_std,-0.052736955823681785,0.7944,-0.06351014477196548,2.4124996916127954,2.1344265674390566,0.9574159663865547
sdq_pro,cont,gyX_var,-0.052736955823681785,0.7944,-0.02831462598680079,2.372244533179889,2.0933062780777365,0.9574159663865547
sdq_pro,cont,gyX_rms,-0.052736955823681785,0.7944,-0.06347843281744403,2.4124637231496835,2.1343853356358227,0.9574159663865547
sdq_pro,cont,gyX_min,-0.10502316843519535,0.606,-0.09271047901160911,2.445394899216988,2.1098094929142124,0.9144088669950738
sdq_pro,cont,gyX_max,0.12756032904360637,0.534,-0.11541403959968255,2.470668631572065,2.1669502596288877,0.9056441717791409
sdq_pro,cont,gyX_range,0.13341999080179323,0.5162,-0.11420921726664823,2.469333915984869,2.1365348964882553,0.9056441717791409
sdq_pro,cont,gyX_median,0.15685863783454068,0.45199999999999996,-0.01113027394595778,2.352339519635713,2.037883500370362,0.9056441717791409
sdq_pro,cont,gyX_iqr,-0.15280194892502671,0.4618,-0.03515210090147036,2.3801182366897993,2.005871944178796,0.9056441717791409
sdq_pro,cont,gyX_mad,-0.15280194892502671,0.4618,-0.036191218821461035,2.38131255545026,2.0092952472839687,0.9056441717791409
sdq_pro,cont,gyX_skew,0.18390323056463392,0.3832,-0.01944400681432379,2.3619904456346377,2.030757201898267,0.9056441717791409
sdq_pro,cont,gyX_kurt,0.25016248275336234,0.23299999999999998,-0.12851615141852757,2.485137012405639,2.074499559088148,0.9056441717791409
sdq_pro,cont,gyX_zcr,-0.08879641279713942,0.6656,-0.09950682270559241,2.4529879360158886,2.160389005243118,0.9144088669950738
sdq_pro,cont,gyX_madiff,-0.18074802807945636,0.38939999999999997,-0.1236115800327684,2.4797308852228883,2.180749107526303,0.9056441717791409
sdq_pro,cont,gyX_domfreq,0.02343864703274746,0.9048,-0.1010311175949481,2.4546876898886887,2.156719003713299,0.9796062992125986
sdq_pro,cont,gyX_centroid,0.11223505982988688,0.5860000000000001,-0.060570742287112456,2.409163468509032,2.077315971769147,0.9144088669950738
sdq_pro,cont,gyX_spread,0.14468857110599875,0.48640000000000005,-0.10877769674373217,2.4633078380227045,2.1403940948258775,0.9056441717791409
sdq_pro,cont,gyX_entropy,0.05003249655067246,0.8058,-0.0843118710077293,2.435979079689912,2.1266971838896818,0.9574159663865547
sdq_pro,cont,gyX_bp_lf,-0.07211891394691526,0.725,-0.014993354867922637,2.3568288594761024,2.009879569155548,0.9347429906542057
sdq_pro,cont,gyX_bp_mf,-0.03335499770044831,0.8676,-0.027629512488331454,2.371454148842803,2.0318441013644297,0.9688461538461539
sdq_pro,cont,gyX_bp_hf,0.14964674643984915,0.4696,-0.07448382808790188,2.424914272572936,2.097873533379665,0.9056441717791409
sdq_pro,cont,gyY_mean,-0.4466865232587064,0.02959999999999996,-0.19887726743655443,2.5614377790035547,2.1946311225241555,0.8382407407407406
sdq_pro,cont,gyY_std,0.21410302577990467,0.31079999999999997,0.0026958834582395674,2.3362012601157343,1.9874466359337604,0.9056441717791409
sdq_pro,cont,gyY_var,0.21410302577990467,0.31079999999999997,0.015577883694731787,2.3210640716642867,2.0089041748536256,0.9056441717791409
sdq_pro,cont,gyY_rms,0.21410302577990467,0.31079999999999997,0.0018809383915973088,2.3371555762976373,1.987033167412913,0.9056441717791409
sdq_pro,cont,gyY_min,-0.4255015922868,0.040200000000000014,0.15461249186862047,2.150920511626416,1.742449718908059,0.8382407407407406
sdq_pro,cont,gyY_max,-0.14018113898431653,0.5,-0.15632198456694257,2.5155667133026265,2.1899693490910144,0.9056441717791409
sdq_pro,cont,gyY_range,0.15009748965201739,0.469,0.00022797978513144912,2.3390900265307417,1.9639499632633657,0.9056441717791409
sdq_pro,cont,gyY_median,-0.3696094339779407,0.07520000000000004,-0.22639812224828848,2.590670539612889,2.2369971397972184,0.8382407407407406
sdq_pro,cont,gyY_iqr,-0.21139856650689537,0.31579999999999997,-0.012007605683877154,2.353359830615192,1.9443293059829532,0.9056441717791409
sdq_pro,cont,gyY_mad,-0.21139856650689537,0.31579999999999997,-0.01106209931190727,2.3522602160121644,1.943501330260477,0.9056441717791409
sdq_pro,cont,gyY_skew,-0.18074802807945636,0.38939999999999997,-0.06817255382158183,2.417782085756112,2.097258910216747,0.9056441717791409
sdq_pro,cont,gyY_kurt,0.38628693282816484,0.06220000000000003,0.07000286343335471,2.2559904335391385,1.8135984326639274,0.8382407407407406
sdq_pro,cont,gyY_zcr,0.30605464106222163,0.1462,0.027056645726475592,2.3074921167471807,1.987281272138287,0.8382407407407406
sdq_pro,cont,gyY_madiff,0.1811987712916246,0.38839999999999997,-0.02141227668914092,2.3642695275484686,2.033993415508343,0.9056441717791409
sdq_pro,cont,gyY_domfreq,-0.2564728877237174,0.22160000000000002,-0.0715440247048833,2.4215947000568363,2.1484844246222754,0.9056441717791409
sdq_pro,cont,gyY_centroid,0.34166335482351107,0.10160000000000002,0.03303851197824004,2.300387699641847,1.8051404417876802,0.8382407407407406
sdq_pro,cont,gyY_spread,0.34301558446001573,0.10019999999999996,-0.004248113386458252,2.3443203650556677,1.889883696964879,0.8382407407407406
sdq_pro,cont,gyY_entropy,0.29523680397018437,0.16059999999999997,-0.027907012962735456,2.371774320277386,1.9767652289361664,0.8382407407407406
sdq_pro,cont,gyY_bp_lf,-0.16677498850224154,0.4296,-0.04147315251678907,2.3873741523205863,2.070836985764544,0.9056441717791409
sdq_pro,cont,gyY_bp_mf,0.25827586057239027,0.21840000000000004,-0.048683620158124,2.3956241931443234,1.9547559498670495,0.9056441717791409
sdq_pro,cont,gyY_bp_hf,0.3227321399124458,0.12580000000000002,0.09002930453743063,2.2315681345328993,1.7798286599523798,0.8382407407407406
sdq_pro,cont,gyZ_mean,0.3998092291932115,0.05520000000000003,-0.00878906730043516,2.349614596492494,2.051035906357365,0.8382407407407406
sdq_pro,cont,gyZ_std,-0.16226755638055934,0.44320000000000004,-0.08106418879596622,2.4323282763983487,2.1390345014411967,0.9056441717791409
sdq_pro,cont,gyZ_var,-0.16226755638055934,0.44320000000000004,-0.09320716362911341,2.4459506054464977,2.1508497730110054,0.9056441717791409
sdq_pro,cont,gyZ_rms,-0.16226755638055934,0.44320000000000004,-0.08115521595864617,2.432430677015944,2.1391299034641573,0.9056441717791409
sdq_pro,cont,gyZ_min,-0.051835469399345344,0.7972,-0.051250343122674735,2.3985541262755024,2.109686282719995,0.9574159663865547
sdq_pro,cont,gyZ_max,0.04191911873164449,0.8371999999999999,-0.032461787107940454,2.3770233143197075,2.068850791594824,0.9633054393305439
sdq_pro,cont,gyZ_range,0.005408918546018645,0.9748,-0.03677405136533385,2.3819821767123126,2.0843083286829187,0.9928518518518519
sdq_pro,cont,gyZ_median,0.17083167741175553,0.4172,-0.09824546511892462,2.4515804946170037,2.186421359376301,0.9056441717791409
sdq_pro,cont,gyZ_iqr,-0.32228139670027756,0.12639999999999996,0.06503639990751431,2.262006245308413,1.859564148872139,0.8382407407407406
sdq_pro,cont,gyZ_mad,-0.327239572034128,0.11939999999999995,0.06590920362029695,2.2609501889969223,1.8575513635265046,0.8382407407407406
sdq_pro,cont,gyZ_skew,0.15054823286418562,0.46799999999999997,-0.027933477833967713,2.3718048523669504,1.9558979395005196,0.9056441717791409
sdq_pro,cont,gyZ_kurt,0.35022747585470726,0.09179999999999999,0.1386152846322739,2.1711759947913825,1.737303250458,0.8382407407407406
sdq_pro,cont,gyZ_zcr,0.3281410584584644,0.11760000000000004,-0.11353308609560897,2.468584574222331,2.0735643091331664,0.8382407407407406
sdq_pro,cont,gyZ_madiff,-0.16226755638055934,0.44320000000000004,-0.0949311546081788,2.447878481403382,2.1499666881128427,0.9056441717791409
sdq_pro,cont,gyZ_domfreq,0.029298308790934324,0.8826,-0.06698064580632379,2.416432782132745,2.117596100973345,0.9705753968253967
sdq_pro,cont,gyZ_centroid,0.40116145882971616,0.054400000000000004,0.08821738665370182,2.2337887595690846,1.7852144868927609,0.8382407407407406
sdq_pro,cont,gyZ_spread,0.3826809871308191,0.06459999999999999,0.0814353286975864,2.242081096552261,1.7936597315041187,0.8382407407407406
sdq_pro,cont,gyZ_entropy,0.4264030787111365,0.03959999999999997,0.04173438109562844,2.2900206645571113,1.8774059500644125,0.8382407407407406
sdq_pro,cont,gyZ_bp_lf,-0.26864295445225933,0.2026,0.09701320021834947,2.222988156255096,1.83689155420328,0.8986290322580646
sdq_pro,cont,gyZ_bp_mf,0.41919118731644495,0.04500000000000004,0.14415787085830656,2.1641794979982945,1.7364012675987706,0.8382407407407406
sdq_pro,cont,gyZ_bp_hf,0.38628693282816484,0.06220000000000003,0.1283118643681378,2.184122613984657,1.7914387213424294,0.8382407407407406
sdq_pro,cont,gyMag_mean,-0.13837816613564366,0.5048,-0.08931873026976755,2.441596724189854,2.1129669828022877,0.9056441717791409
sdq_pro,cont,gyMag_std,0.06580850897656018,0.7452,0.01917048470361493,2.3168248947994834,1.9731430203526206,0.94875
sdq_pro,cont,gyMag_var,0.06580850897656018,0.7452,0.04502280860962804,2.2860880187021557,1.9280754616959082,0.94875
sdq_pro,cont,gyMag_rms,-0.0842889806754572,0.6824,-0.07255542470804777,2.4227372677771664,2.136422710565924,0.9154146341463415
sdq_pro,cont,gyMag_min,-0.23393572711530639,0.267,-0.012354499598106194,2.3537631360115876,1.9815763527357673,0.9056441717791409
sdq_pro,cont,gyMag_max,0.1811987712916246,0.38839999999999997,-0.026882428975613326,2.370591972157635,2.0331165408873457,0.9056441717791409
sdq_pro,cont,gyMag_range,0.1811987712916246,0.38839999999999997,-0.026855776944394227,2.3705612084112566,2.033041638171996,0.9056441717791409
sdq_pro,cont,gyMag_median,-0.345720043733025,0.0958,0.036845524262718365,2.295854819472961,1.8940925756054554,0.8382407407407406
sdq_pro,cont,gyMag_iqr,-0.1325185043774568,0.5194,-0.07984813806376345,2.4309598716028367,2.148653593392591,0.9056441717791409
sdq_pro,cont,gyMag_mad,-0.19066437874715722,0.36939999999999995,-0.008436807118595402,2.3492043284004267,1.998729421324601,0.9056441717791409
sdq_pro,cont,gyMag_skew,0.24655653705601654,0.24039999999999995,-0.004380281144914733,2.3444746264228384,1.9567612329072244,0.9056441717791409
sdq_pro,cont,gyMag_kurt,0.20689113438521314,0.3256,-0.09515909787095223,2.448133268368115,2.0832490514924586,0.9056441717791409
sdq_pro,cont,gyMag_zcr,-0.34662153015736147,0.09499999999999997,0.045230044967165206,2.2858399571445824,1.8849137214726908,0.8382407407407406
sdq_pro,cont,gyMag_madiff,-0.17353613668476484,0.40959999999999996,-0.10218304509396114,2.455971433376895,2.167635177464084,0.9056441717791409
sdq_pro,cont,gyMag_domfreq,0.20508816153654028,0.3294,0.02452460470916562,2.310492737637319,2.0348363686179947,0.9056441717791409
sdq_pro,cont,gyMag_centroid,-0.17849431201861526,0.3952,-0.008771894471831798,2.3495945974154924,2.01120616520924,0.9056441717791409
sdq_pro,cont,gyMag_spread,-0.1640705292292322,0.43779999999999997,-0.061049417673879613,2.409707080131069,2.0908547895279392,0.9056441717791409
sdq_pro,cont,gyMag_entropy,-0.08879641279713942,0.6656,-0.12325891004017242,2.4793416958795413,2.181592226842829,0.9144088669950738
sdq_pro,cont,gyMag_bp_lf,-0.20012998620268985,0.34140000000000004,0.015209861928703328,2.321497890787502,2.0009334847862816,0.9056441717791409
sdq_pro,cont,gyMag_bp_mf,-0.29974423609186657,0.15600000000000003,0.037987634622269284,2.294493201254285,1.8956753493961038,0.8382407407407406
sdq_pro,cont,gyMag_bp_hf,-0.02749533594226144,0.8894,-0.10152217417805054,2.4552350205499835,2.156248779341283,0.9705753968253967
sdq_pro,cont,pitch_mean,0.030199795215270765,0.8794,-0.2201723975945995,2.5840864938368804,2.2238110872423458,0.9705753968253967
sdq_pro,cont,pitch_std,0.19562255408100765,0.35640000000000005,-0.084260904715598,2.4359218294265634,2.1525305806117907,0.9056441717791409
sdq_pro,cont,pitch_var,0.19562255408100765,0.35640000000000005,-0.07357147526580166,2.423884546876552,2.1485670320125867,0.9056441717791409
sdq_pro,cont,pitch_rms,0.009465607455532628,0.9604,-0.2573427360431857,2.6231509720927897,2.2531063940935376,0.9854850746268657
sdq_pro,cont,pitch_min,-0.43677017259100553,0.03359999999999996,0.12870141285600412,2.183634528450437,1.8709383448878836,0.8382407407407406
sdq_pro,cont,pitch_max,-0.1789450552307835,0.39359999999999995,0.06521624340827914,2.261788682460811,1.8871377743987174,0.9056441717791409
sdq_pro,cont,pitch_range,-0.220864173962428,0.29579999999999995,0.060976927878656606,2.266911572823375,1.894043615033888,0.9056441717791409
sdq_pro,cont,pitch_median,0.017578985274560595,0.9274,-0.23588924586412574,2.600675848896466,2.2279673028561735,0.9839811320754717
sdq_pro,cont,pitch_iqr,0.25557140129938094,0.22440000000000004,-0.06244635366711959,2.411292821224865,2.1511399340146573,0.9056441717791409
sdq_pro,cont,pitch_mad,0.2790100483321284,0.1854,-0.07520955910318139,2.425733055691399,2.1719067661418556,0.84975
sdq_pro,cont,pitch_skew,0.018029728486728815,0.9254,-0.21158836873911513,2.574980803606292,2.2121310593744585,0.9839811320754717
sdq_pro,cont,pitch_kurt,-0.0509339829750089,0.8016,-0.10016498636452953,2.4537220042133736,2.159492644113915,0.9574159663865547
sdq_pro,cont,pitch_zcr,-0.3276903152462962,0.11860000000000004,0.027514113990602107,2.3069495730721843,1.9315107693782467,0.8382407407407406
sdq_pro,cont,pitch_madiff,-0.30650538427438984,0.14539999999999997,-0.04377464705379919,2.3900105603695905,1.9995262827103621,0.8382407407407406
sdq_pro,cont,pitch_domfreq,0.13206776116528857,0.521,-0.16308896522036864,2.522916724413073,2.1604696783870074,0.9056441717791409
sdq_pro,cont,pitch_centroid,-0.20328518868786738,0.3338,-0.018982453580403957,2.361455689559487,2.0952798563658845,0.9056441717791409
sdq_pro,cont,pitch_spread,-0.08023229176594322,0.6950000000000001,-0.07471104142711416,2.4251706485789253,2.1655106309569603,0.9226315789473685
sdq_pro,cont,pitch_entropy,-0.26278329269407247,0.2116,0.014993500046954433,2.3217528974368205,2.0302833428308134,0.9056441717791409
sdq_pro,cont,pitch_bp_lf,-0.31822470779076356,0.132,0.06061577485366454,2.2673474637466775,1.9703209213122275,0.8382407407407406
sdq_pro,cont,pitch_bp_mf,0.009916350667700849,0.9584,-0.07180117825868515,2.421885254766808,2.093896300184119,0.9854850746268657
sdq_pro,cont,pitch_bp_hf,-0.0640055361278873,0.7528,-0.08829926125757748,2.4404539388944,2.1572250807440163,0.9540092165898618
sdq_pro,cont,roll_mean,-0.21770897147725043,0.3034,-0.0364304365763648,2.381587417540791,2.0380821846559147,0.9056441717791409
sdq_pro,cont,roll_std,0.10502316843519535,0.606,-0.14230687116854934,2.5002753693458573,2.165075521620064,0.9144088669950738
sdq_pro,cont,roll_var,0.10502316843519535,0.606,-0.1781475312608638,2.5391963597011302,2.1888478309936175,0.9144088669950738
sdq_pro,cont,roll_rms,0.07437263000775636,0.7162,-0.16349420961661743,2.5233562044763698,2.1795677357625767,0.9290330188679244
sdq_pro,cont,roll_min,-0.09871276346484026,0.6288,-0.314595286389165,2.6822081844972776,2.2548103414938594,0.9144088669950738
sdq_pro,cont,roll_max,0.12034843764891484,0.5609999999999999,-0.21377307872485174,2.5773013328882324,2.1568347266917685,0.912869822485207
sdq_pro,cont,roll_range,0.14243485504515763,0.4928,-0.2868196591995096,2.6537211856481826,2.2107849248030185,0.9056441717791409
sdq_pro,cont,roll_median,-0.2961382903945208,0.15900000000000003,0.014311964357549889,2.3225559803830413,1.9182306339814,0.8382407407407406
sdq_pro,cont,roll_iqr,0.09240235849448518,0.6497999999999999,-0.10003068639202195,2.453572233561155,2.1545991057707976,0.9144088669950738
sdq_pro,cont,roll_mad,0.13792742292347543,0.5056,-0.0724892042836287,2.422662475760432,2.124177649290747,0.9056441717791409
sdq_pro,cont,roll_skew,0.15866161068321358,0.4486,-0.07975140877507902,2.4308509904199047,2.115334408884021,0.9056441717791409
sdq_pro,cont,roll_kurt,0.03605945697345763,0.8608,-0.06684986432500706,2.4162846846276524,2.140297586035978,0.9688461538461539
sdq_pro,cont,roll_zcr,-0.36780646112926785,0.0766,0.0628869033385705,2.264604947180752,1.880945063542895,0.8382407407407406
sdq_pro,cont,roll_madiff,-0.12215141049758772,0.5568,-0.22318422905641166,2.5872737632000793,2.180026064966239,0.912869822485207
sdq_pro,cont,roll_domfreq,0.3209291670637729,0.129,-0.01900760119401035,2.3614848287309385,2.0374914171410174,0.8382407407407406
sdq_pro,cont,roll_centroid,-0.04822952370199958,0.8132,-0.12432873849675463,2.480522117865025,2.148428200821199,0.9574159663865547
sdq_pro,cont,roll_spread,-0.051835469399345344,0.7972,-0.1518826404657807,2.5107331956750634,2.17674253531782,0.9574159663865547
sdq_pro,cont,roll_entropy,-0.07888006212943857,0.7012,-0.09136090768354199,2.4438843186294283,2.1348511488047874,0.9226315789473685
sdq_pro,cont,roll_bp_lf,-0.08654269673629832,0.6746,-0.07754406392351854,2.428365014721474,2.093167826708283,0.9144088669950738
sdq_pro,cont,roll_bp_mf,0.002253716060841102,0.99,-0.13820532725761958,2.4957826137744688,2.1705459109329133,0.9966240875912409
sdq_pro,cont,roll_bp_hf,-0.0220864173962428,0.9094,-0.13499704142238667,2.492262671330414,2.165668929552826,0.9807254901960785
sdq_pro,cont,yaw_mean,-0.37276463646311825,0.07279999999999998,0.039532752366067014,2.2926498326194293,1.8538666714551493,0.8382407407407406
sdq_pro,cont,yaw_std,0.40386591810272543,0.05300000000000005,0.0473383971493625,2.283314731492,1.9405078853190354,0.8382407407407406
sdq_pro,cont,yaw_var,0.40386591810272543,0.05300000000000005,0.04121988206551541,2.290635345540362,1.9538037123524348,0.8382407407407406
sdq_pro,cont,yaw_rms,0.384483959979492,0.06399999999999995,0.010534934905436,2.3270015932175423,1.991096632736659,0.8382407407407406
sdq_pro,cont,yaw_min,-0.043722091580317375,0.8286,0.0017561271576176374,2.33730169822044,2.044740952077068,0.9574159663865547
sdq_pro,cont,yaw_max,-0.031101281639607205,0.8756,-0.040675387654190986,2.386459616948278,2.128142962275467,0.9705753968253967
sdq_pro,cont,yaw_range,-0.03425648412478475,0.8654,-0.0030114305973665267,2.342876462045564,2.0542705987745347,0.9688461538461539
sdq_pro,cont,yaw_median,-0.2812637643929695,0.18159999999999998,0.020911513886155753,2.3147677323287934,1.9138715154368324,0.8483050847457629
sdq_pro,cont,yaw_iqr,0.31822470779076356,0.132,-0.04558043350784535,2.392077090562346,2.040786204511261,0.8382407407407406
sdq_pro,cont,yaw_mad,0.3385081523383335,0.10499999999999998,0.034959544175233614,2.2981015093924855,1.9575700303743198,0.8382407407407406
sdq_pro,cont,yaw_skew,0.29703977681885724,0.15759999999999996,0.04336828178647878,2.288067519951412,1.8657866464907429,0.8382407407407406
sdq_pro,cont,yaw_kurt,-0.2808130211808013,0.18200000000000005,0.010517997246772826,2.3270215099338643,2.0106984785723907,0.8483050847457629
sdq_pro,cont,yaw_zcr,-0.12350364013409239,0.5524,-0.18404055107308248,2.545538888563329,2.181334496744036,0.912869822485207
sdq_pro,cont,yaw_madiff,0.044623578004653816,0.8254,-0.17594203340456138,2.536818552452,2.2433816266709132,0.9574159663865547
sdq_pro,cont,yaw_domfreq,0.1478437735911763,0.47640000000000005,-0.07234125619725629,2.422495368885239,2.15895579245526,0.9056441717791409
sdq_pro,cont,yaw_centroid,0.024790876669252122,0.9006,-0.1342550079466993,2.491447847754915,2.1970443358365266,0.9789130434782608
sdq_pro,cont,yaw_spread,0.07888006212943857,0.7012,-0.127456378673672,2.4839698607114835,2.1983990238997566,0.9226315789473685
sdq_pro,cont,yaw_entropy,-0.1018679659500178,0.6158,-0.09866181972563726,2.4520451585476817,2.13126577320508,0.9144088669950738
sdq_pro,cont,yaw_bp_lf,-0.014423782789383052,0.9404,-0.10103386619817978,2.454690753815856,2.1566088680178486,0.9839811320754717
sdq_pro,cont,yaw_bp_mf,0.08879641279713942,0.6656,-0.12463461794340969,2.480859514352829,2.191318865501657,0.9144088669950738
sdq_pro,cont,yaw_bp_hf,0.06039959043054153,0.7666,-0.1174232290096624,2.472892831581982,2.192223446917676,0.9574159663865547
sdq_pro,cont,jerk_mean,-0.1302647883166157,0.5256000000000001,-0.026879157976779977,2.3705881965502567,1.9980378293744847,0.9056441717791409
sdq_pro,cont,jerk_std,-0.29253234469717504,0.16459999999999997,-0.15708595630221223,2.5163975824571203,2.162521702168613,0.8382407407407406
sdq_pro,cont,jerk_var,-0.29253234469717504,0.16459999999999997,-0.22572561325520146,2.589960130767943,2.2131122297047656,0.8382407407407406
sdq_pro,cont,jerk_rms,-0.29253234469717504,0.16459999999999997,-0.1570865397643315,2.51639821690544,2.162521744131112,0.8382407407407406
sdq_pro,cont,jerk_min,0.08609195352413009,0.675,-0.2003279697726612,2.562987045324763,2.2321497930891767,0.9144088669950738
sdq_pro,cont,jerk_max,-0.14198411183298942,0.49460000000000004,-0.18008371901917264,2.5412819824807134,2.221397140663788,0.9056441717791409
sdq_pro,cont,jerk_range,-0.12756032904360637,0.534,-0.1947210047422563,2.5569939332960345,2.2314371382073137,0.9056441717791409
sdq_pro,cont,jerk_median,0.0,0.9992,,,,0.9991999999999999
sdq_pro,cont,jerk_iqr,-0.20193295905136271,0.3366,-0.125927198805742,2.4822847731047233,2.0919725215945397,0.9056441717791409
sdq_pro,cont,jerk_mad,-0.20193295905136271,0.3366,-0.12627595676150327,2.4826691894040507,2.0953207196972183,0.9056441717791409
sdq_pro,cont,jerk_skew,-0.13612445007480256,0.51,-0.15173366167293256,2.5105708275298158,2.1693024764840803,0.9056441717791409
sdq_pro,cont,jerk_kurt,-0.1455900575303352,0.48519999999999996,-0.14495665189393336,2.503173602750416,2.205958020831844,0.9056441717791409
sdq_pro,cont,jerk_zcr,0.4128807823460899,0.049000000000000044,0.11390104638446408,2.202102651629089,1.7167708127435752,0.8382407407407406
sdq_pro,cont,jerk_madiff,-0.16226755638055934,0.44320000000000004,-0.04365870974658925,2.38987782142816,2.072610476489656,0.9056441717791409
sdq_pro,cont,jerk_domfreq,0.28802491257549284,0.17120000000000002,-0.039973983607376695,2.3856552573031617,2.0037330838470457,0.8407142857142859
sdq_pro,cont,jerk_centroid,-0.11674249195156908,0.5731999999999999,-0.08084197392767489,2.432078278622443,2.148171108847516,0.9144088669950738
sdq_pro,cont,jerk_spread,-0.054539928672354666,0.7876,-0.06992009976953528,2.4197590409623646,2.1443868674997506,0.9574159663865547
sdq_pro,cont,jerk_entropy,0.1018679659500178,0.6158,-0.11287960550171694,2.4678601193870375,2.1486465077854002,0.9144088669950738
sdq_pro,cont,jerk_bp_lf,-0.03245351127611187,0.8702,-0.07422034665232657,2.424616939541833,2.146356602260912,0.9688461538461539
sdq_pro,cont,jerk_bp_mf,-0.040566889095139835,0.8424,-0.07020140844895639,2.420077127557409,2.1367576407574207,0.9652499999999999
sdq_pro,cont,jerk_bp_hf,0.09871276346484026,0.6288,-0.06970869803311341,2.4195199733282498,2.1382481395529163,0.9144088669950738
sdq_pro,cont,actfrac_p50,0.21151108546090347,0.31579999999999997,-0.0834916249140174,2.435057536545592,2.094031695134802,0.9056441717791409
sdq_pro,cont,switchmin_p50,-0.07121742752257881,0.7274,-0.06166313253673161,2.410403871082081,2.0650324265833135,0.9347429906542057
sdq_pro,cont,actbout_med_p50,-0.1873652855406101,0.37660000000000005,-0.029164390551321473,2.37322450225075,2.0984623951134096,0.9056441717791409
sdq_pro,cont,actbout_cv_p50,0.3651020018562585,0.07899999999999996,0.07736874967285767,2.247038576076594,1.9305668502247582,0.8382407407407406
sdq_pro,cont,actshort_p50,-0.01262080994071017,0.9474,-0.11141142212776245,2.46623170110106,2.154784591473229,0.9839811320754717
sdq_pro,cont,actfrac_p75,-0.2843843190623013,0.17700000000000005,-0.027936080694042964,2.3718078552228654,2.0761691396934414,0.8483050847457629
sdq_pro,cont,switchmin_p75,-0.3660034882805949,0.07840000000000003,0.1158280085918908,2.1997069383456096,1.8136556379525566,0.8382407407407406
sdq_pro,cont,actbout_med_p75,-0.05888603056695052,0.7724,-0.08377016107674162,2.435370509891325,2.157334393672897,0.9574159663865547
sdq_pro,cont,actbout_cv_p75,0.42820605155980934,0.038799999999999946,0.06285671460630649,2.264641423568764,1.9615439718382959,0.8382407407407406
sdq_pro,cont,actshort_p75,-0.3912451081620153,0.059799999999999964,0.1172497823098797,2.1979376311147067,1.8302901196411934,0.8382407407407406
sdq_pro,cont,actfrac_p90,-0.3267766419565983,0.12080000000000002,0.014820437427959465,2.321956850907951,1.987470334162724,0.8382407407407406
sdq_pro,cont,switchmin_p90,-0.34797375979386613,0.0928,0.09371182159576152,2.227048143574838,1.8280002922705696,0.8382407407407406
sdq_pro,cont,actbout_med_p90,-0.01150897341778037,0.9518,-0.050257315410503045,2.3974210025259177,2.080791996913948,0.9840037593984963
sdq_pro,cont,actbout_cv_p90,0.3605945697345763,0.08420000000000005,-0.05285734411049936,2.4003867092356264,2.0659669370180977,0.8382407407407406
sdq_pro,cont,actshort_p90,-0.2690936976644276,0.2016,-0.047819742593072645,2.394637264229032,2.117105697453731,0.8986290322580646
sdq_pro,cont,switch_per_min,-0.208559433363495,0.3226,-0.00027682885424074044,2.33968048306224,1.9699433728353049,0.9056441717791409
sdq_pro,cont,act_bout_median,0.1899392325804243,0.37139999999999995,-0.10461709444546141,2.4586818084489406,2.1532590774355658,0.9056441717791409
sdq_pro,cont,stl_bout_median,0.37675472800977183,0.06920000000000004,-0.0728538318507641,2.4230742721921414,2.060209851405991,0.8382407407407406
sdq_pro,cont,act_bout_cv,0.23348498390313815,0.26780000000000004,-0.03676617053932518,2.381973123619819,2.0348094370353,0.9056441717791409
sdq_pro,cont,stl_bout_cv,-0.16497201565356867,0.43600000000000005,-0.1422596225039634,2.5002236599948535,2.1374704512128684,0.9056441717791409
sdq_pro,cont,frac_act_short,-0.05318769903585,0.7926,-0.08887642665946793,2.441100984668989,2.146836440893695,0.9574159663865547
sdq_pro,cont,within_win_sd,-0.110432086981214,0.5898,-0.07116224452509212,2.421163266908827,2.1376491518656535,0.9144088669950738
sdq_pro,cont,mag_median,-0.23618944317614748,0.262,0.03640787635129683,2.29637636714668,1.9245245003624565,0.9056441717791409
sdq_totdiff,cont,uaX_mean,-0.14996582724877905,0.483,-0.031686033360046606,3.3699180102145143,2.6380902565808926,0.9706275303643724
sdq_totdiff,cont,uaX_std,-0.23616319423048196,0.26859999999999995,-0.01893706012548324,3.3490315450043457,2.690555960630304,0.9706275303643724
sdq_totdiff,cont,uaX_var,-0.23616319423048196,0.26859999999999995,-0.012436361497921933,3.3383312372965652,2.7013032955639313,0.9706275303643724
sdq_totdiff,cont,uaX_rms,-0.24627819137629403,0.24719999999999998,-0.021168524620823748,3.3526967163703323,2.6909588253114207,0.9706275303643724
sdq_totdiff,cont,uaX_min,0.33555403575020065,0.11240000000000006,-0.061676031193455216,3.4185470801504376,2.820889746717574,0.9706275303643724
sdq_totdiff,cont,uaX_max,-0.16887647408660164,0.42600000000000005,-0.05763056426814539,3.412027756845584,2.772712841867882,0.9706275303643724
sdq_totdiff,cont,uaX_range,-0.27970166020593396,0.18520000000000003,-0.010804402918784373,3.335639603672443,2.7950190694180876,0.9706275303643724
sdq_totdiff,cont,uaX_median,-0.08795649692010502,0.6768000000000001,-0.04491496336369405,3.3914547992454134,2.6584127188471256,0.9706275303643724
sdq_totdiff,cont,uaX_iqr,-0.15216473967178168,0.4758,-0.056793659341723535,3.4106775178973554,2.674072375056687,0.9706275303643724
sdq_totdiff,cont,uaX_mad,-0.15920125942539007,0.45620000000000005,-0.0558974378626087,3.4092309863220245,2.67482474665945,0.9706275303643724
sdq_totdiff,cont,uaX_skew,0.051454550698261436,0.8072,-0.035919200169396426,3.3768245792895066,2.7433645289241215,0.9706275303643724
sdq_totdiff,cont,uaX_kurt,-0.06596737269007877,0.7545999999999999,-0.04138679292067704,3.3857243098654948,2.7439722830001734,0.9706275303643724
sdq_totdiff,cont,uaX_zcr,-0.13633257022616277,0.5246,-0.043818739330052425,3.3896753387199308,2.693671495066749,0.9706275303643724
sdq_totdiff,cont,uaX_madiff,-0.2172525473926594,0.30879999999999996,-0.008596749060032938,3.331995000012296,2.6714086708695604,0.9706275303643724
sdq_totdiff,cont,uaX_domfreq,-0.22912667447687357,0.2834,-0.0624433840083396,3.419782277054861,2.782898046174701,0.9706275303643724
sdq_totdiff,cont,uaX_centroid,-0.047936290821457235,0.817,-0.0250219985794784,3.359016615514862,2.7790857401194233,0.9706275303643724
sdq_totdiff,cont,uaX_spread,-0.03562238125264253,0.8654,-0.04758510006671135,3.3957852330687115,2.7231322621517755,0.9706275303643724
sdq_totdiff,cont,uaX_entropy,-0.09807149406591709,0.645,-0.04985455436341235,3.3994615024627333,2.7608499675161062,0.9706275303643724
sdq_totdiff,cont,uaX_bp_lf,0.02682673156063203,0.8948,-0.03594070715401321,3.376859632668826,2.688008740543554,0.9764682539682541
sdq_totdiff,cont,uaX_bp_mf,-0.20581820279304575,0.3296,-0.02093024034959612,3.3523055265302832,2.819409266705082,0.9706275303643724
sdq_totdiff,cont,uaX_bp_hf,-0.044418030944653034,0.8314,-0.04877484272722854,3.3977129829573594,2.7481466215395156,0.9706275303643724
sdq_totdiff,cont,uaY_mean,-0.12181974823434545,0.5696,-0.09525486594823263,3.472187383442919,2.7581283386042728,0.9706275303643724
sdq_totdiff,cont,uaY_std,-0.04089977106784883,0.847,-0.06273025659426712,3.4202439372174354,2.699747846431117,0.9706275303643724
sdq_totdiff,cont,uaY_var,-0.04089977106784883,0.847,-0.06902117092654647,3.4303522000048385,2.7057449982984623,0.9706275303643724
sdq_totdiff,cont,uaY_rms,-0.04969542075985933,0.8124,-0.06046132276170302,3.4165908683239974,2.6969243850039937,0.9706275303643724
sdq_totdiff,cont,uaY_min,0.04353846597545198,0.8351999999999999,-0.0840449436018873,3.4543727819696093,2.722198022334006,0.9706275303643724
sdq_totdiff,cont,uaY_max,-0.11962083581134282,0.5786,0.0034768469762399556,3.311991822148131,2.696045487276146,0.9706275303643724
sdq_totdiff,cont,uaY_range,-0.1754732113556095,0.40859999999999996,0.0023523706152246415,3.3138599204860877,2.627162471791237,0.9706275303643724
sdq_totdiff,cont,uaY_median,0.01803108186862153,0.9286,-0.051229077752406704,3.401686149158485,2.6946161777030184,0.9891941391941392
sdq_totdiff,cont,uaY_iqr,-0.10466823133492496,0.6255999999999999,-0.05740848030063317,3.411669504885873,2.681701234760537,0.9706275303643724
sdq_totdiff,cont,uaY_mad,-0.11126496860393284,0.6044,-0.05947344100443064,3.4149991204068537,2.6838621344766938,0.9706275303643724
sdq_totdiff,cont,uaY_skew,-0.08575758449710238,0.6846,-0.0555510313099683,3.4086717100196062,2.688622944064185,0.9706275303643724
sdq_totdiff,cont,uaY_kurt,-0.14688734985657537,0.48919999999999997,-0.2153070322503754,3.657535621414602,2.8439245803509574,0.9706275303643724
sdq_totdiff,cont,uaY_zcr,0.018470864353222052,0.927,-0.08278327369481087,3.4523620041643244,2.7167568100248007,0.9891941391941392
sdq_totdiff,cont,uaY_madiff,-0.06904585008228244,0.7422,-0.043407925863196084,3.3890082395076355,2.6649742746130074,0.9706275303643724
sdq_totdiff,cont,uaY_domfreq,-0.05497281057506564,0.7944,-0.09663996697010901,3.4743822199542884,2.7730516900720104,0.9706275303643724
sdq_totdiff,cont,uaY_centroid,0.028146079014433605,0.8908,-0.06109653571589124,3.4176139786601887,2.7105482117394515,0.9759760956175298
sdq_totdiff,cont,uaY_spread,-0.0910349743123087,0.6658,-0.05678974849834262,3.4106712069974847,2.772794015988483,0.9706275303643724
sdq_totdiff,cont,uaY_entropy,-0.18250973110921792,0.38939999999999997,-0.014298871440151517,3.341400476226327,2.7185104245303413,0.9706275303643724
sdq_totdiff,cont,uaY_bp_lf,0.15700234700238747,0.4608,-0.045775985624946225,3.3928518109053662,2.7364764809416067,0.9706275303643724
sdq_totdiff,cont,uaY_bp_mf,-0.05233411566746248,0.8028,-0.0403914204643403,3.3841058610730075,2.7255527934589323,0.9706275303643724
sdq_totdiff,cont,uaY_bp_hf,-0.09587258164291447,0.6506000000000001,-0.055663191998590156,3.4088528044429802,2.758491868650431,0.9706275303643724
sdq_totdiff,cont,uaZ_mean,-0.22252993720786568,0.2966,-0.02344104613730935,3.3564252102749563,2.5856310580542674,0.9706275303643724
sdq_totdiff,cont,uaZ_std,-0.1068671437579276,0.618,-0.09518920098301087,3.472083296034424,2.727513536141778,0.9706275303643724
sdq_totdiff,cont,uaZ_var,-0.1068671437579276,0.618,-0.10123764250520906,3.481657795684836,2.730242266023088,0.9706275303643724
sdq_totdiff,cont,uaZ_rms,-0.11962083581134282,0.5786,-0.08951620659431714,3.4630790606536586,2.722391349917062,0.9706275303643724
sdq_totdiff,cont,uaZ_min,0.0008795649692010501,0.9964,-0.056422591069281935,3.410078675673681,2.7032541411219513,0.9988
sdq_totdiff,cont,uaZ_max,-0.07652215232049137,0.7192000000000001,-0.05557331002787569,3.408707681958675,2.7369899778921467,0.9706275303643724
sdq_totdiff,cont,uaZ_range,-0.012313909568814702,0.9494,-0.0530323895631617,3.4046025792921917,2.7464999897544433,0.9891941391941392
sdq_totdiff,cont,uaZ_median,0.004397824846005251,0.9804,-0.07769456346588677,3.4442399912490425,2.758246101848137,0.9891941391941392
sdq_totdiff,cont,uaZ_iqr,-0.12050040078054387,0.5742,-0.052087421522271526,3.4030746287963263,2.670161700487682,0.9706275303643724
sdq_totdiff,cont,uaZ_mad,-0.1455680024027738,0.4928,-0.05645942623525624,3.4101381261815273,2.6695054008091286,0.9706275303643724
sdq_totdiff,cont,uaZ_skew,-0.2401212365918867,0.26,0.015398358816807955,3.2921213610638684,2.5769969476996284,0.9706275303643724
sdq_totdiff,cont,uaZ_kurt,-0.005277389815206301,0.9764,-0.03999535147276845,3.383461648251801,2.6723356721864415,0.9891941391941392
sdq_totdiff,cont,uaZ_zcr,0.06068998287487246,0.7734,-0.07911200349044734,3.446504268889327,2.7163287280567743,0.9706275303643724
sdq_totdiff,cont,uaZ_madiff,-0.12489822562654912,0.5591999999999999,-0.04844097097483013,3.397172118208099,2.6999769389516,0.9706275303643724
sdq_totdiff,cont,uaZ_domfreq,0.007476302238208926,0.969,-0.13643315781951926,3.536857051588405,2.7776756236846616,0.9891941391941392
sdq_totdiff,cont,uaZ_centroid,0.07432323989748874,0.7252000000000001,-0.0961093263264361,3.473541528591311,2.7204218571577994,0.9706275303643724
sdq_totdiff,cont,uaZ_spread,-0.012753692053415228,0.9472,-0.07444326299362602,3.4390405969720264,2.7194036108543895,0.9891941391941392
sdq_totdiff,cont,uaZ_entropy,-0.009235432176611026,0.9632000000000001,-0.10910556853798359,3.494073222678362,2.7306727601059015,0.9891941391941392
sdq_totdiff,cont,uaZ_bp_lf,0.05013520324445986,0.8112,-0.06798266852100698,3.428685584454621,2.735208277367699,0.9706275303643724
sdq_totdiff,cont,uaZ_bp_mf,0.05013520324445986,0.8112,-0.07601268146298401,3.441551350458542,2.7318971031554162,0.9706275303643724
sdq_totdiff,cont,uaZ_bp_hf,-0.029905208952835705,0.8854,-0.08079731306755766,3.4491945181711934,2.728006374824498,0.9739399999999999
sdq_totdiff,cont,uaMag_mean,-0.1226993132035465,0.5671999999999999,-0.05032507587542212,3.400223198729299,2.674558176810311,0.9706275303643724
sdq_totdiff,cont,uaMag_std,-0.1526045221563822,0.4746,-0.04617242695101553,3.3934948449963156,2.7103068098595844,0.9706275303643724
sdq_totdiff,cont,uaMag_var,-0.1526045221563822,0.4746,-0.04037395361525298,3.384077453536525,2.703491449791024,0.9706275303643724
sdq_totdiff,cont,uaMag_rms,-0.1455680024027738,0.4928,-0.0475195200392069,3.3956789413820836,2.6881736376612806,0.9706275303643724
sdq_totdiff,cont,uaMag_min,0.07080498002068454,0.7385999999999999,-0.10261128104166395,3.483828557325231,2.80313821342154,0.9706275303643724
sdq_totdiff,cont,uaMag_max,-0.32543903860438855,0.12580000000000002,0.014009064716707487,3.294443169358592,2.7012705207381376,0.9706275303643724
sdq_totdiff,cont,uaMag_range,-0.32543903860438855,0.12580000000000002,0.014007434977860167,3.294445892040719,2.701276074206516,0.9706275303643724
sdq_totdiff,cont,uaMag_median,-0.12929605047255438,0.5458000000000001,-0.05648615678420432,3.41018126758632,2.6714554905068346,0.9706275303643724
sdq_totdiff,cont,uaMag_iqr,-0.11830148835754124,0.5838,-0.0619030618053511,3.418912574578872,2.7037771974098845,0.9706275303643724
sdq_totdiff,cont,uaMag_mad,-0.13413365780316014,0.5322,-0.048618737725397265,3.3974601070739254,2.6847069966828365,0.9706275303643724
sdq_totdiff,cont,uaMag_skew,-0.04397824846005251,0.8334,-0.052231717940170785,3.4033079908880377,2.7472764097923488,0.9706275303643724
sdq_totdiff,cont,uaMag_kurt,-0.08091997716649661,0.704,-0.053993959136135805,3.4061566697780052,2.732087770573697,0.9706275303643724
sdq_totdiff,cont,uaMag_zcr,-0.08663714946630344,0.6806,-0.08061106023251452,3.448897307061739,2.6870786634310733,0.9706275303643724
sdq_totdiff,cont,uaMag_madiff,-0.15304430464098273,0.473,-0.04506844180862668,3.3917038607072616,2.6803635565895303,0.9706275303643724
sdq_totdiff,cont,uaMag_domfreq,-0.015392386961018377,0.9372,-0.03745063160568707,3.379319689658671,2.7150547774064946,0.9891941391941392
sdq_totdiff,cont,uaMag_centroid,-0.08355867207409977,0.6924,-0.053416255584676,3.4052230693066665,2.715013344921235,0.9706275303643724
sdq_totdiff,cont,uaMag_spread,0.05101476821366091,0.8086,-0.05974774709901243,3.4154411770030744,2.7519988146668957,0.9706275303643724
sdq_totdiff,cont,uaMag_entropy,-0.23264493435367778,0.276,-0.08234829306082103,3.451668485203222,2.6838557100565272,0.9706275303643724
sdq_totdiff,cont,uaMag_bp_lf,-0.2682673156063203,0.20620000000000005,-0.035373401743000965,3.3759348823078867,2.570605817318232,0.9706275303643724
sdq_totdiff,cont,uaMag_bp_mf,0.04617716088305513,0.8262,-0.05427152750801012,3.4066051444186303,2.67281397876814,0.9706275303643724
sdq_totdiff,cont,uaMag_bp_hf,-0.10290910139652287,0.6292,-0.03999643504222061,3.383463410862915,2.728899338294497,0.9706275303643724
sdq_totdiff,cont,gyX_mean,0.08487801952790135,0.6874,-0.0967245788450104,3.4745162513284837,2.718612462299767,0.9706275303643724
sdq_totdiff,cont,gyX_std,-0.24803732131469614,0.24360000000000004,-0.07764019526868915,3.4441531115861195,2.8023634000261155,0.9706275303643724
sdq_totdiff,cont,gyX_var,-0.24803732131469614,0.24360000000000004,-0.1291270583071833,3.5254695381078167,2.838975366321209,0.9706275303643724
sdq_totdiff,cont,gyX_rms,-0.24803732131469614,0.24360000000000004,-0.0776399314672116,3.4441526900294908,2.8024296162603677,0.9706275303643724
sdq_totdiff,cont,gyX_min,0.14600778488737431,0.49139999999999995,-0.03474500233162736,3.3749102483556066,2.8724737306397183,0.9706275303643724
sdq_totdiff,cont,gyX_max,0.003958042361404726,0.982,-0.08946657530123425,3.463000182043026,2.69694099052168,0.9891941391941392
sdq_totdiff,cont,gyX_range,-0.10598757878872654,0.6222,-0.09193849911770369,3.466926609276088,2.8180758310553977,0.9706275303643724
sdq_totdiff,cont,gyX_median,-0.16755712663280006,0.4306,-0.05459658052458205,3.407130266225459,2.721503971227129,0.9706275303643724
sdq_totdiff,cont,gyX_iqr,-0.2647490557295161,0.21319999999999995,-0.04484846128974751,3.391346875455254,2.6701985106219124,0.9706275303643724
sdq_totdiff,cont,gyX_mad,-0.2647490557295161,0.21319999999999995,-0.044644464272645124,3.391015794708344,2.6698178220184143,0.9706275303643724
sdq_totdiff,cont,gyX_skew,-0.021989124230026254,0.915,-0.13630810905677748,3.536662455116711,2.8496270290462324,0.9891941391941392
sdq_totdiff,cont,gyX_kurt,0.05101476821366091,0.8086,-0.05997924067027105,3.4158141947822585,2.711772846324354,0.9706275303643724
sdq_totdiff,cont,gyX_zcr,-0.10378866636572393,0.6272,-0.04315217564847429,3.3885928733398547,2.7761826211252565,0.9706275303643724
sdq_totdiff,cont,gyX_madiff,-0.25507384106830455,0.2288,-0.05651616279854377,3.410229694733619,2.7958816728527993,0.9706275303643724
sdq_totdiff,cont,gyX_domfreq,-0.2572727534913072,0.2258,-0.08519310019598514,3.4562016320031024,2.7902922638264864,0.9706275303643724
sdq_totdiff,cont,gyX_centroid,-0.2088966801852494,0.3248,-0.041080610703216225,3.385226548230512,2.8352097762871282,0.9706275303643724
sdq_totdiff,cont,gyX_spread,-0.19394407570883157,0.3608,-0.01093729864843307,3.335858873438269,2.8440663600860407,0.9706275303643724
sdq_totdiff,cont,gyX_entropy,-0.06244911281327456,0.7674,-0.040480759960897617,3.384251156304118,2.8188828020159615,0.9706275303643724
sdq_totdiff,cont,gyX_bp_lf,0.05761150548266879,0.7852,-0.04752695986793687,3.395690999975936,2.7413401537064295,0.9706275303643724
sdq_totdiff,cont,gyX_bp_mf,-0.1226993132035465,0.5671999999999999,-0.045445696836548644,3.3923159841962973,2.779921354348,0.9706275303643724
sdq_totdiff,cont,gyX_bp_hf,-0.2260481970846699,0.28900000000000003,-0.01609624423944811,3.3443597046427866,2.8172139138858143,0.9706275303643724
sdq_totdiff,cont,gyY_mean,0.08707693195090396,0.6792,-0.07835355817044443,3.445292881892055,2.7570795895775753,0.9706275303643724
sdq_totdiff,cont,gyY_std,-0.09015540934310765,0.6699999999999999,-0.0383317809233541,3.3807544823846465,2.636847721900479,0.9706275303643724
sdq_totdiff,cont,gyY_var,-0.09015540934310765,0.6699999999999999,-0.03627348271025266,3.3774019639551596,2.6330936464872683,0.9706275303643724
sdq_totdiff,cont,gyY_rms,-0.09015540934310765,0.6699999999999999,-0.038733416650708286,3.3814082717276084,2.6377621161099545,0.9706275303643724
sdq_totdiff,cont,gyY_min,0.31884230133538066,0.13419999999999999,-0.007234914896099287,3.3297447660265016,2.7415953590587843,0.9706275303643724
sdq_totdiff,cont,gyY_max,0.008795649692010502,0.9648,-0.08040153628427626,3.4485629306893952,2.7221951274406067,0.9891941391941392
sdq_totdiff,cont,gyY_range,-0.15480343457938484,0.46719999999999995,-0.026061044352085228,3.3607186706837577,2.738624087994753,0.9706275303643724
sdq_totdiff,cont,gyY_median,0.25507384106830455,0.2288,-0.1818258512729476,3.6068019997409477,2.8617569535301395,0.9706275303643724
sdq_totdiff,cont,gyY_iqr,-0.10466823133492496,0.6255999999999999,-0.07324815954549546,3.437127442064555,2.685093217341773,0.9706275303643724
sdq_totdiff,cont,gyY_mad,-0.12401866065734807,0.5626,-0.07450786718746949,3.439143986845347,2.6871123477940753,0.9706275303643724
sdq_totdiff,cont,gyY_skew,-0.05497281057506564,0.7944,-0.11736501598152294,3.50705917552095,2.749111751748148,0.9706275303643724
sdq_totdiff,cont,gyY_kurt,-0.05893085293647036,0.78,-0.04384622449254483,3.389719965799654,2.7362800129547344,0.9706275303643724
sdq_totdiff,cont,gyY_zcr,-0.201860160431641,0.33819999999999995,-0.01856879595126082,3.3484262869162156,2.8025436254048848,0.9706275303643724
sdq_totdiff,cont,gyY_madiff,-0.31268534655097335,0.14059999999999995,0.030451114268982726,3.2668591836107645,2.5572059540974394,0.9706275303643724
sdq_totdiff,cont,gyY_domfreq,0.2511157987068998,0.2368,-0.0032160572180555125,3.323095301685549,2.5788556965088136,0.9706275303643724
sdq_totdiff,cont,gyY_centroid,-0.25639318852210613,0.22740000000000005,0.024259748769234313,3.277273373043111,2.772043791019596,0.9706275303643724
sdq_totdiff,cont,gyY_spread,-0.23000623944607462,0.28180000000000005,0.01009444306856866,3.300976557691178,2.7865384489538534,0.9706275303643724
sdq_totdiff,cont,gyY_entropy,-0.22912667447687357,0.2834,-0.010652544143199494,3.33538902840225,2.712004402974339,0.9706275303643724
sdq_totdiff,cont,gyY_bp_lf,0.19746233558563575,0.34919999999999995,-0.03806310162239357,3.380317051143545,2.7709254805185366,0.9706275303643724
sdq_totdiff,cont,gyY_bp_mf,-0.2475975388300956,0.24380000000000002,0.001649009860989037,3.3150278821328865,2.8045878385102405,0.9706275303643724
sdq_totdiff,cont,gyY_bp_hf,-0.20933646266984993,0.3238,0.0007488734017668808,3.316521998524166,2.755550851135469,0.9706275303643724
sdq_totdiff,cont,gyZ_mean,-0.17987103620161476,0.3974,-0.0538621547620719,3.405943689247968,2.688090345086568,0.9706275303643724
sdq_totdiff,cont,gyZ_std,-0.2137342875158552,0.3164,-0.06213339260928419,3.419283342030693,2.6847551939678014,0.9706275303643724
sdq_totdiff,cont,gyZ_var,-0.2137342875158552,0.3164,-0.05408606181950404,3.4063054890920825,2.6777684804433513,0.9706275303643724
sdq_totdiff,cont,gyZ_rms,-0.2137342875158552,0.3164,-0.06202245120528804,3.419104762765866,2.6846590156395354,0.9706275303643724
sdq_totdiff,cont,gyZ_min,-0.11786170587294072,0.5858,-0.11123943310385531,3.4974328200473455,2.7399235778340323,0.9706275303643724
sdq_totdiff,cont,gyZ_max,-0.32675838605819013,0.123,0.0527690503136814,3.2290405499761428,2.6706788236072323,0.9706275303643724
sdq_totdiff,cont,gyZ_range,-0.06640715517467928,0.7534,-0.028351583471605712,3.364467748926066,2.723351329973813,0.9706275303643724
sdq_totdiff,cont,gyZ_median,0.004397824846005251,0.9804,-0.06265915526161714,3.420129520615447,2.683963123787363,0.9891941391941392
sdq_totdiff,cont,gyZ_iqr,-0.18470864353222052,0.384,-0.05907014083899864,3.414349080136823,2.6722617551369274,0.9706275303643724
sdq_totdiff,cont,gyZ_mad,-0.17591299384021003,0.40780000000000005,-0.05930240834964451,3.4147234646343394,2.672246368687368,0.9706275303643724
sdq_totdiff,cont,gyZ_skew,-0.19394407570883157,0.3608,-0.08979867843880385,3.463527956653467,2.753073241300154,0.9706275303643724
sdq_totdiff,cont,gyZ_kurt,-0.078721064743494,0.7114,-0.03180400271707362,3.3701106733330386,2.737454908195357,0.9706275303643724
sdq_totdiff,cont,gyZ_zcr,-0.1473271323411759,0.4878,-0.017225889144057094,3.3462182340259123,2.737578767950392,0.9706275303643724
sdq_totdiff,cont,gyZ_madiff,-0.21461385248505624,0.3156,-0.008973480094970565,3.332617225262919,2.6361583171920295,0.9706275303643724
sdq_totdiff,cont,gyZ_domfreq,0.08663714946630344,0.6806,-0.22101371257410873,3.6661128537157244,2.875485300704927,0.9706275303643724
sdq_totdiff,cont,gyZ_centroid,-0.18734733843982368,0.37760000000000005,0.03210507083011338,3.2640715214409375,2.6491444063396505,0.9706275303643724
sdq_totdiff,cont,gyZ_spread,-0.17767212377861213,0.40259999999999996,0.025924815782508603,3.274475902218945,2.677291102939441,0.9706275303643724
sdq_totdiff,cont,gyZ_entropy,-0.201860160431641,0.33819999999999995,-0.00484111612496152,3.3257856695584804,2.6774575235371976,0.9706275303643724
sdq_totdiff,cont,gyZ_bp_lf,0.17811190626321266,0.40180000000000005,0.005199963038482247,3.3091271544107284,2.600469336234212,0.9706275303643724
sdq_totdiff,cont,gyZ_bp_mf,-0.2753038353599287,0.1936,0.08765898023761909,3.169014014836677,2.568795518617536,0.9706275303643724
sdq_totdiff,cont,gyZ_bp_hf,-0.14864647979497747,0.48460000000000003,0.04595935019598163,3.2406266470855805,2.5780754374363917,0.9706275303643724
sdq_totdiff,cont,gyMag_mean,-0.19790211807023628,0.34840000000000004,-0.046035937582659336,3.3932734708403522,2.686687827604454,0.9706275303643724
sdq_totdiff,cont,gyMag_std,-0.17151516899420477,0.41779999999999995,-0.0309440391611866,3.368705960578712,2.7403867897674186,0.9706275303643724
sdq_totdiff,cont,gyMag_var,-0.17151516899420477,0.41779999999999995,-0.039543091402973074,3.3827258896764265,2.7379771068051917,0.9706275303643724
sdq_totdiff,cont,gyMag_rms,-0.23968145410728617,0.2612,-0.03482052932787494,3.375033415020809,2.7106077371605273,0.9706275303643724
sdq_totdiff,cont,gyMag_min,0.1226993132035465,0.5671999999999999,-0.04381449495660905,3.3896684471677516,2.796062479229299,0.9706275303643724
sdq_totdiff,cont,gyMag_max,0.03386325131424043,0.8718,-0.10878926582187609,3.493574954664321,2.760209356764053,0.9706275303643724
sdq_totdiff,cont,gyMag_range,0.03386325131424043,0.8718,-0.1087586930783937,3.4935267900082927,2.7602008699262206,0.9706275303643724
sdq_totdiff,cont,gyMag_median,-0.10246931891192235,0.6312,-0.05292452411145199,3.404428202699604,2.665617687800969,0.9706275303643724
sdq_totdiff,cont,gyMag_iqr,-0.19702255310103522,0.35019999999999996,-0.06617580125813216,3.425783944536333,2.73132527024643,0.9706275303643724
sdq_totdiff,cont,gyMag_mad,-0.18514842601682105,0.3832,-0.049675880158716046,3.3991722138545493,2.691344756790178,0.9706275303643724
sdq_totdiff,cont,gyMag_skew,-0.004397824846005251,0.9804,-0.0582874182947708,3.413087132573341,2.7203089850028834,0.9891941391941392
sdq_totdiff,cont,gyMag_kurt,0.043098683490851455,0.8378,-0.07751003760260455,3.443945112446258,2.7215896851665096,0.9706275303643724
sdq_totdiff,cont,gyMag_zcr,-0.06464802523627719,0.761,-0.05905414712749635,3.41432329887918,2.665511566100589,0.9706275303643724
sdq_totdiff,cont,gyMag_madiff,-0.262989925791114,0.21599999999999997,-0.03675861207948494,3.378192433456793,2.713279734520601,0.9706275303643724
sdq_totdiff,cont,gyMag_domfreq,-0.0892758443739066,0.6728000000000001,0.011882617539905826,3.297993752885831,2.657334084442233,0.9706275303643724
sdq_totdiff,cont,gyMag_centroid,-0.26958666306012186,0.20440000000000003,-0.10499511536645034,3.4875925248829938,2.696730981448358,0.9706275303643724
sdq_totdiff,cont,gyMag_spread,-0.149086262279578,0.484,-0.06504167963919438,3.423961407674713,2.819696160514018,0.9706275303643724
sdq_totdiff,cont,gyMag_entropy,-0.26342970827571455,0.21499999999999997,-0.07512226727681615,3.4401270919814415,2.648730786611298,0.9706275303643724
sdq_totdiff,cont,gyMag_bp_lf,-0.18910646837822578,0.3752,-0.1294972838654198,3.526047467732653,2.6971446995563615,0.9706275303643724
sdq_totdiff,cont,gyMag_bp_mf,-0.07168454498988559,0.7368,-0.07820732862372748,3.445059275440224,2.7075567238481253,0.9706275303643724
sdq_totdiff,cont,gyMag_bp_hf,-0.2541942760991035,0.23160000000000003,-0.016925502806227177,3.345724129192228,2.8065890161011864,0.9706275303643724
sdq_totdiff,cont,pitch_mean,-0.041779336037049884,0.843,-0.08416249534881648,3.4545600696599226,2.720033835996951,0.9706275303643724
sdq_totdiff,cont,pitch_std,-0.07124476250528507,0.7376,-0.08658132849451139,3.45841159050583,2.764975500304234,0.9706275303643724
sdq_totdiff,cont,pitch_var,-0.07124476250528507,0.7376,-0.07588893670048935,3.4413534502819365,2.7643116887068864,0.9706275303643724
sdq_totdiff,cont,pitch_rms,0.011874127084214177,0.951,-0.07926866417018807,3.446754433888395,2.7016529264412816,0.9891941391941392
sdq_totdiff,cont,pitch_min,0.23440406429207986,0.272,-0.0003066289030817515,3.3182731462557298,2.6991368815887626,0.9706275303643724
sdq_totdiff,cont,pitch_max,-0.13589278774156224,0.5262,-0.10340699237977202,3.485085401862468,2.887392865410897,0.9706275303643724
sdq_totdiff,cont,pitch_range,-0.06816628511308138,0.7456,-0.10153386476589454,3.482126030313434,2.888366800657638,0.9706275303643724
sdq_totdiff,cont,pitch_median,-0.03870085864484621,0.8552,-0.08350412383322214,3.453510997518715,2.7369607610618005,0.9706275303643724
sdq_totdiff,cont,pitch_iqr,0.07828128225889347,0.7126,-0.06736994815118114,3.427701894846249,2.689444467714644,0.9706275303643724
sdq_totdiff,cont,pitch_mad,0.019350429322423104,0.924,-0.07463863620039479,3.4393532546393506,2.697924121450079,0.9891941391941392
sdq_totdiff,cont,pitch_skew,-0.14248952501057013,0.5022,-0.010289334242183479,3.334789635867046,2.627249408736716,0.9706275303643724
sdq_totdiff,cont,pitch_kurt,-0.33071642841959487,0.11880000000000002,0.07499258150079269,3.1909365378378003,2.5429149693806647,0.9706275303643724
sdq_totdiff,cont,pitch_zcr,-0.15348408712558326,0.472,-0.05599379368895585,3.4093865373079275,2.6882525288704406,0.9706275303643724
sdq_totdiff,cont,pitch_madiff,-0.14512821991817326,0.4948,-0.03686197470871799,3.3783608285611333,2.703938485500423,0.9706275303643724
sdq_totdiff,cont,pitch_domfreq,0.04089977106784883,0.847,-0.10107126131544342,3.4813947715082154,2.8093463487003443,0.9706275303643724
sdq_totdiff,cont,pitch_centroid,-0.3562238125264253,0.08699999999999997,0.0646068366697986,3.208800042508268,2.4746182436582465,0.9706275303643724
sdq_totdiff,cont,pitch_spread,-0.3606216373724306,0.08379999999999999,0.08499534375141571,3.1736367102266323,2.489940291064735,0.9706275303643724
sdq_totdiff,cont,pitch_entropy,-0.2656286206987171,0.21140000000000003,0.013162505532645752,3.2958571492650925,2.5710674496971246,0.9706275303643724
sdq_totdiff,cont,pitch_bp_lf,-0.2946542646823518,0.16559999999999997,0.03339511884620949,3.2618955553923428,2.513204203630272,0.9706275303643724
sdq_totdiff,cont,pitch_bp_mf,-0.36326033228003374,0.08120000000000005,0.08224153383739097,3.1784088315243,2.5470283230251076,0.9706275303643724
sdq_totdiff,cont,pitch_bp_hf,-0.40240097340948044,0.05120000000000002,0.12223534952562332,3.108383553719919,2.4312996253024344,0.9706275303643724
sdq_totdiff,cont,roll_mean,0.32367990866598645,0.12839999999999996,0.09058540759599343,3.1639274639747996,2.6306962248175894,0.9706275303643724
sdq_totdiff,cont,roll_std,-0.43186639987771563,0.03539999999999999,0.14810703108812795,3.0622318972878535,2.4115727860441054,0.9706275303643724
sdq_totdiff,cont,roll_var,-0.43186639987771563,0.03539999999999999,0.12404204086715864,3.105182933596251,2.453857865824102,0.9706275303643724
sdq_totdiff,cont,roll_rms,-0.09235432176611026,0.6624,0.007034469288436207,3.306074573237288,2.505885252775871,0.9706275303643724
sdq_totdiff,cont,roll_min,0.16096038936379217,0.4494,-0.010203226130757415,3.3346475188780516,2.6836691975813878,0.9706275303643724
sdq_totdiff,cont,roll_max,-0.005277389815206301,0.9764,-0.06447045451462152,3.4230430797161895,2.690016559531563,0.9891941391941392
sdq_totdiff,cont,roll_range,-0.22824710950767252,0.2852,0.0025054041440067953,3.313605747012477,2.539512965857594,0.9706275303643724
sdq_totdiff,cont,roll_median,0.33555403575020065,0.11240000000000006,0.09023639800644823,3.164534522136378,2.6273287224641337,0.9706275303643724
sdq_totdiff,cont,roll_iqr,-0.43714378969292195,0.032399999999999984,0.11450501937901392,3.1220410633191618,2.5705229314655043,0.9706275303643724
sdq_totdiff,cont,roll_mad,-0.4644103037381545,0.0242,0.1488600698840098,3.060878153726035,2.4932279071541186,0.9706275303643724
sdq_totdiff,cont,roll_skew,-0.350946422711219,0.09179999999999999,0.07306152031023438,3.1942655279737364,2.6082792735392553,0.9706275303643724
sdq_totdiff,cont,roll_kurt,0.35358511761882216,0.09040000000000004,0.109653347290254,3.1305822908268452,2.5708352409069293,0.9706275303643724
sdq_totdiff,cont,roll_zcr,0.20537842030844522,0.3306,-0.04358189527859091,3.3892907556712664,2.925905227725599,0.9706275303643724
sdq_totdiff,cont,roll_madiff,-0.09807149406591709,0.645,-0.013447935374902631,3.33999856459679,2.5230116256327,0.9706275303643724
sdq_totdiff,cont,roll_domfreq,-0.5088283346828075,0.010600000000000054,0.1150886360529434,3.1210120481435664,2.487842418885173,0.9706275303643724
sdq_totdiff,cont,roll_centroid,-0.045297595913854086,0.8282,-0.08002544644516907,3.447962652772699,2.7425417655152007,0.9706275303643724
sdq_totdiff,cont,roll_spread,-0.011434344599613651,0.953,-0.08301488105694266,3.4527312145699036,2.747377953277025,0.9891941391941392
sdq_totdiff,cont,roll_entropy,-0.03034499143743623,0.8828,-0.07418056873427337,3.438620159951201,2.737825449408786,0.9739399999999999
sdq_totdiff,cont,roll_bp_lf,-0.03474281628344148,0.8682,-0.08783591849412709,3.4604075924439406,2.7412314324827176,0.9706275303643724
sdq_totdiff,cont,roll_bp_mf,-0.06112976535947299,0.7722,-0.07254316898547208,3.435998373994304,2.6970251035475195,0.9706275303643724
sdq_totdiff,cont,roll_bp_hf,-0.014512821991817328,0.9402,-0.07494159532281386,3.4398380269063726,2.7202782822596965,0.9891941391941392
sdq_totdiff,cont,yaw_mean,0.2968531771053544,0.16300000000000003,-0.06326020350405948,3.421096609749619,2.7531280982857225,0.9706275303643724
sdq_totdiff,cont,yaw_std,-0.14996582724877905,0.483,-0.1384552030599433,3.5400022020589654,2.7509388797725722,0.9706275303643724
sdq_totdiff,cont,yaw_var,-0.14996582724877905,0.483,-0.14335094708996654,3.5476056423693754,2.7501529760026835,0.9706275303643724
sdq_totdiff,cont,yaw_rms,-0.18163016614001687,0.392,-0.13586365323481542,3.53597072197523,2.7348232315964647,0.9706275303643724
sdq_totdiff,cont,yaw_min,-0.20449885533924417,0.3326,-0.3107303629842606,3.7984134842670705,2.9464976809349963,0.9706275303643724
sdq_totdiff,cont,yaw_max,-0.11346388102693547,0.5976,-0.08851379999880193,3.461485595543215,2.716240188129065,0.9706275303643724
sdq_totdiff,cont,yaw_range,0.03606216373724306,0.8642,-0.05166237260140716,3.4023871292149055,2.719776198878288,0.9706275303643724
sdq_totdiff,cont,yaw_median,0.2700264455447224,0.2036,-0.05807952034107289,3.4127518698317085,2.716918610020875,0.9706275303643724
sdq_totdiff,cont,yaw_iqr,-0.0668469376592798,0.7518,-0.10761131630317111,3.4917187189350423,2.7277495673958043,0.9706275303643724
sdq_totdiff,cont,yaw_mad,-0.06816628511308138,0.7456,-0.09824791805262412,3.4769284477340685,2.725020955656905,0.9706275303643724
sdq_totdiff,cont,yaw_skew,-0.253754493614503,0.23219999999999996,-0.09825332868169645,3.4769370124427565,2.747120061758165,0.9706275303643724
sdq_totdiff,cont,yaw_kurt,-0.05365346312126406,0.7996,-0.0866911060120843,3.4585862880827642,2.7044847799819003,0.9706275303643724
sdq_totdiff,cont,yaw_zcr,-0.19614298813183417,0.3536,-0.06310215853314394,3.4208423412243403,2.63027246517596,0.9706275303643724
sdq_totdiff,cont,yaw_madiff,-0.15876147694078954,0.4566,-0.04059293761581384,3.384433585014496,2.660225228280591,0.9706275303643724
sdq_totdiff,cont,yaw_domfreq,-0.23968145410728617,0.2612,-0.028455334625446582,3.3646374664685137,2.667313176191802,0.9706275303643724
sdq_totdiff,cont,yaw_centroid,-0.43538465975451984,0.03359999999999996,0.02211692352190575,3.2808700130019464,2.56844655196069,0.9706275303643724
sdq_totdiff,cont,yaw_spread,-0.3905268463252663,0.058599999999999985,0.03322263879146137,3.2621865671796826,2.580598893506596,0.9706275303643724
sdq_totdiff,cont,yaw_entropy,-0.38261076160245683,0.06559999999999999,0.04453135154733645,3.2430510092592715,2.5646974535162155,0.9706275303643724
sdq_totdiff,cont,yaw_bp_lf,-0.3623807673108327,0.08240000000000003,-0.019238177526988753,3.3495263631938945,2.6042791259730365,0.9706275303643724
sdq_totdiff,cont,yaw_bp_mf,-0.3874483689330626,0.06120000000000003,0.04147161271250677,3.2482395404067943,2.5977519517485543,0.9706275303643724
sdq_totdiff,cont,yaw_bp_hf,-0.37953228421025315,0.06940000000000002,0.0256578821086354,3.274924536997341,2.579203924955781,0.9706275303643724
sdq_totdiff,cont,jerk_mean,-0.08179954213569766,0.7018,-0.03473756395670602,3.3748981178824886,2.6556469310238775,0.9706275303643724
sdq_totdiff,cont,jerk_std,-0.05805128796726931,0.7834,-0.04522847418262499,3.3919635382658804,2.704648335160549,0.9706275303643724
sdq_totdiff,cont,jerk_var,-0.05805128796726931,0.7834,-0.044398285823170625,3.390616211775447,2.703254682536669,0.9706275303643724
sdq_totdiff,cont,jerk_rms,-0.05805128796726931,0.7834,-0.04522826160108595,3.3919631933322685,2.704647995542396,0.9706275303643724
sdq_totdiff,cont,jerk_min,0.29905208952835705,0.16100000000000003,0.03391780579819248,3.261013508949667,2.684987471487906,0.9706275303643724
sdq_totdiff,cont,jerk_max,-0.3645796797338353,0.07999999999999996,-0.0011357568598522327,3.3196480762401475,2.7396323693354105,0.9706275303643724
sdq_totdiff,cont,jerk_range,-0.3395120781116054,0.10640000000000005,0.02084178014742244,3.283008416262527,2.710164272030821,0.9706275303643724
sdq_totdiff,cont,jerk_median,0.0,0.9988,,,,0.9988
sdq_totdiff,cont,jerk_iqr,0.08971562685850712,0.6716,-0.07375600942156013,3.437940552380832,2.7936741713853874,0.9706275303643724
sdq_totdiff,cont,jerk_mad,0.08971562685850712,0.6716,-0.07404424156463718,3.4384019507218126,2.7959223330155223,0.9706275303643724
sdq_totdiff,cont,jerk_skew,0.22384928466166726,0.29500000000000004,0.010232208842898438,3.300746850214644,2.639524588012942,0.9706275303643724
sdq_totdiff,cont,jerk_kurt,-0.09807149406591709,0.645,-0.04242990333043695,3.3874195495000095,2.702317777176102,0.9706275303643724
sdq_totdiff,cont,jerk_zcr,-0.2524351461607014,0.23460000000000003,0.029311663653287412,3.2687782883209304,2.747979003832269,0.9706275303643724
sdq_totdiff,cont,jerk_madiff,-0.15304430464098273,0.473,-0.0445119063808701,3.3908006400883894,2.6810045945588246,0.9706275303643724
sdq_totdiff,cont,jerk_domfreq,-0.007476302238208926,0.969,-0.08150821885920667,3.450328703668604,2.7660260711558444,0.9891941391941392
sdq_totdiff,cont,jerk_centroid,0.08751671443550449,0.6778,-0.08943953415320105,3.462957205010154,2.7138994770314944,0.9706275303643724
sdq_totdiff,cont,jerk_spread,0.157442129486988,0.45920000000000005,-0.007815545430686965,3.3307043599158366,2.6849006571751795,0.9706275303643724
sdq_totdiff,cont,jerk_entropy,-0.15216473967178168,0.4758,-0.11521860311576493,3.503689097097143,2.7249730110118695,0.9706275303643724
sdq_totdiff,cont,jerk_bp_lf,-0.031664338891237806,0.8778,-0.12842513588872118,3.5243735627741195,2.772562933111518,0.973366935483871
sdq_totdiff,cont,jerk_bp_mf,0.13061539792635596,0.5422,-0.07022661994215351,3.432285720941091,2.750420933700459,0.9706275303643724
sdq_totdiff,cont,jerk_bp_hf,-0.14952604476417852,0.48319999999999996,-0.03602116511910136,3.376990764681185,2.753097375374493,0.9706275303643724
sdq_totdiff,cont,actfrac_p50,-0.148257786295309,0.48540000000000005,-0.08129622671359038,3.449990528507652,2.6952229388814977,0.9706275303643724
sdq_totdiff,cont,switchmin_p50,-0.09543279915831394,0.653,-0.05170440793125208,3.402455125864708,2.6661272594397563,0.9706275303643724
sdq_totdiff,cont,actbout_med_p50,-0.034317957895174105,0.8698,-0.09138129826385955,3.4660419344657876,2.7046597907420042,0.9706275303643724
sdq_totdiff,cont,actbout_cv_p50,0.06596737269007877,0.7545999999999999,-0.16774212385003628,3.5852465982788755,2.8174220741483302,0.9706275303643724
sdq_totdiff,cont,actshort_p50,-0.09543279915831394,0.653,-0.03491222287670226,3.3751829394684796,2.6623271867076146,0.9706275303643724
sdq_totdiff,cont,actfrac_p75,0.06793357256717546,0.7472,-0.06573918180135396,3.42508241056299,2.707339021162825,0.9706275303643724
sdq_totdiff,cont,switchmin_p75,-0.05761150548266879,0.7852,-0.10770246591526167,3.4918623894873617,2.713550040992152,0.9706275303643724
sdq_totdiff,cont,actbout_med_p75,0.1915136610815341,0.36939999999999995,-0.06260408504540615,3.420040898731618,2.7728071316767995,0.9706275303643724
sdq_totdiff,cont,actbout_cv_p75,0.06860606759768191,0.7442,-0.16974560685454265,3.5883208653532757,2.797416604924777,0.9706275303643724
sdq_totdiff,cont,actshort_p75,-0.03650194622184358,0.8626,-0.08569392150065047,3.456999066002305,2.70295876066435,0.9706275303643724
sdq_totdiff,cont,actfrac_p90,0.2079328766205366,0.3268,-0.051836293124716715,3.4026684554761832,2.7440743262043514,0.9706275303643724
sdq_totdiff,cont,switchmin_p90,-0.041779336037049884,0.843,-0.058324180630256794,3.4131464132386893,2.695631737793894,0.9706275303643724
sdq_totdiff,cont,actbout_med_p90,0.15896896316778292,0.4566,-0.19394020682892887,3.6252407062681318,2.772838162494457,0.9706275303643724
sdq_totdiff,cont,actbout_cv_p90,-0.09851127655051761,0.6432,-0.05911523221836168,3.4144217646857533,2.691771919714709,0.9706275303643724
sdq_totdiff,cont,actshort_p90,-0.14820669731037694,0.48540000000000005,-0.010655943802301948,3.3353946382313655,2.6090885674200313,0.9706275303643724
sdq_totdiff,cont,switch_per_min,0.02111874332010714,0.9176,-0.05890552014707451,3.414083708500872,2.689002658730411,0.9891941391941392
sdq_totdiff,cont,act_bout_median,-0.11433654182404461,0.5968,-0.0765059439311977,3.4423400928389225,2.7957672611226694,0.9706275303643724
sdq_totdiff,cont,stl_bout_median,-0.11219224915961963,0.6013999999999999,-0.0765187225435664,3.442360523845085,2.7422189073079206,0.9706275303643724
sdq_totdiff,cont,act_bout_cv,0.05585237554426668,0.7904,-0.07739065139607315,3.443754315647297,2.6876202751570566,0.9706275303643724
sdq_totdiff,cont,stl_bout_cv,0.1297358329571549,0.5442,-0.030740212922721666,3.368372933479343,2.743517475964883,0.9706275303643724
sdq_totdiff,cont,frac_act_short,-0.07740171728969242,0.7156,-0.09204455534916378,3.4670949705178447,2.7167005703544924,0.9706275303643724
sdq_totdiff,cont,within_win_sd,-0.16271951930219428,0.4438,-0.06527567083961583,3.424337511659749,2.684017012994921,0.9706275303643724
sdq_totdiff,cont,mag_median,-0.12929605047255438,0.5458000000000001,-0.05649229162409264,3.410191168750458,2.67146411388669,0.9706275303643724
snap_inatt__qbin,bin,uaX_mean,0.5763888888888888,0.5372,,,,0.950830258302583
snap_inatt__qbin,bin,uaX_std,0.3472222222222222,0.20399999999999996,,,,0.950830258302583
snap_inatt__qbin,bin,uaX_var,0.3472222222222222,0.20399999999999996,,,,0.950830258302583
snap_inatt__qbin,bin,uaX_rms,0.3472222222222222,0.20399999999999996,,,,0.950830258302583
snap_inatt__qbin,bin,uaX_min,0.6388888888888888,0.25360000000000005,,,,0.950830258302583
snap_inatt__qbin,bin,uaX_max,0.4791666666666667,0.8666,,,,0.950830258302583
snap_inatt__qbin,bin,uaX_range,0.3402777777777778,0.18500000000000005,,,,0.950830258302583
snap_inatt__qbin,bin,uaX_median,0.5416666666666666,0.741,,,,0.950830258302583
snap_inatt__qbin,bin,uaX_iqr,0.4791666666666667,0.8666,,,,0.950830258302583
snap_inatt__qbin,bin,uaX_mad,0.4861111111111111,0.89,,,,0.950830258302583
snap_inatt__qbin,bin,uaX_skew,0.6597222222222222,0.18500000000000005,,,,0.950830258302583
snap_inatt__qbin,bin,uaX_kurt,0.4930555555555556,0.937,,,,0.950830258302583
snap_inatt__qbin,bin,uaX_zcr,0.5763888888888888,0.5372,,,,0.950830258302583
snap_inatt__qbin,bin,uaX_madiff,0.4097222222222222,0.44420000000000004,,,,0.950830258302583
snap_inatt__qbin,bin,uaX_domfreq,0.4236111111111111,0.5164,,,,0.950830258302583
snap_inatt__qbin,bin,uaX_centroid,0.5416666666666666,0.741,,,,0.950830258302583
snap_inatt__qbin,bin,uaX_spread,0.5486111111111112,0.6794,,,,0.950830258302583
snap_inatt__qbin,bin,uaX_entropy,0.6041666666666666,0.3932,,,,0.950830258302583
snap_inatt__qbin,bin,uaX_bp_lf,0.4305555555555556,0.5554,,,,0.950830258302583
snap_inatt__qbin,bin,uaX_bp_mf,0.5208333333333334,0.8472,,,,0.950830258302583
snap_inatt__qbin,bin,uaX_bp_hf,0.5347222222222222,0.76,,,,0.950830258302583
snap_inatt__qbin,bin,uaY_mean,0.3194444444444444,0.12880000000000003,,,,0.950830258302583
snap_inatt__qbin,bin,uaY_std,0.4652777777777778,0.76,,,,0.950830258302583
snap_inatt__qbin,bin,uaY_var,0.4652777777777778,0.76,,,,0.950830258302583
snap_inatt__qbin,bin,uaY_rms,0.4444444444444444,0.636,,,,0.950830258302583
snap_inatt__qbin,bin,uaY_min,0.5486111111111112,0.6794,,,,0.950830258302583
snap_inatt__qbin,bin,uaY_max,0.4513888888888889,0.6996,,,,0.950830258302583
snap_inatt__qbin,bin,uaY_range,0.4236111111111111,0.5164,,,,0.950830258302583
snap_inatt__qbin,bin,uaY_median,0.5069444444444444,0.937,,,,0.950830258302583
snap_inatt__qbin,bin,uaY_iqr,0.4722222222222222,0.8014,,,,0.950830258302583
snap_inatt__qbin,bin,uaY_mad,0.4861111111111111,0.89,,,,0.950830258302583
snap_inatt__qbin,bin,uaY_skew,0.4375,0.5946,,,,0.950830258302583
snap_inatt__qbin,bin,uaY_kurt,0.4166666666666667,0.496,,,,0.950830258302583
snap_inatt__qbin,bin,uaY_zcr,0.6388888888888888,0.25360000000000005,,,,0.950830258302583
snap_inatt__qbin,bin,uaY_madiff,0.5208333333333334,0.8472,,,,0.950830258302583
snap_inatt__qbin,bin,uaY_domfreq,0.6041666666666666,0.3932,,,,0.950830258302583
snap_inatt__qbin,bin,uaY_centroid,0.5833333333333334,0.47819999999999996,,,,0.950830258302583
snap_inatt__qbin,bin,uaY_spread,0.5069444444444444,0.937,,,,0.950830258302583
snap_inatt__qbin,bin,uaY_entropy,0.5416666666666666,0.741,,,,0.950830258302583
snap_inatt__qbin,bin,uaY_bp_lf,0.5833333333333334,0.47819999999999996,,,,0.950830258302583
snap_inatt__qbin,bin,uaY_bp_mf,0.5555555555555556,0.636,,,,0.950830258302583
snap_inatt__qbin,bin,uaY_bp_hf,0.5138888888888888,0.9152,,,,0.950830258302583
snap_inatt__qbin,bin,uaZ_mean,0.4236111111111111,0.5164,,,,0.950830258302583
snap_inatt__qbin,bin,uaZ_std,0.375,0.29100000000000004,,,,0.950830258302583
snap_inatt__qbin,bin,uaZ_var,0.375,0.29100000000000004,,,,0.950830258302583
snap_inatt__qbin,bin,uaZ_rms,0.3819444444444444,0.31720000000000004,,,,0.950830258302583
snap_inatt__qbin,bin,uaZ_min,0.4097222222222222,0.44420000000000004,,,,0.950830258302583
snap_inatt__qbin,bin,uaZ_max,0.3055555555555556,0.10460000000000003,,,,0.950830258302583
snap_inatt__qbin,bin,uaZ_range,0.4791666666666667,0.8666,,,,0.950830258302583
snap_inatt__qbin,bin,uaZ_median,0.5833333333333334,0.47819999999999996,,,,0.950830258302583
snap_inatt__qbin,bin,uaZ_iqr,0.4722222222222222,0.8014,,,,0.950830258302583
snap_inatt__qbin,bin,uaZ_mad,0.4861111111111111,0.89,,,,0.950830258302583
snap_inatt__qbin,bin,uaZ_skew,0.3194444444444444,0.12880000000000003,,,,0.950830258302583
snap_inatt__qbin,bin,uaZ_kurt,0.5763888888888888,0.5372,,,,0.950830258302583
snap_inatt__qbin,bin,uaZ_zcr,0.6388888888888888,0.25360000000000005,,,,0.950830258302583
snap_inatt__qbin,bin,uaZ_madiff,0.3888888888888889,0.3608,,,,0.950830258302583
snap_inatt__qbin,bin,uaZ_domfreq,0.3402777777777778,0.18500000000000005,,,,0.950830258302583
snap_inatt__qbin,bin,uaZ_centroid,0.6111111111111112,0.347,,,,0.950830258302583
snap_inatt__qbin,bin,uaZ_spread,0.6111111111111112,0.347,,,,0.950830258302583
snap_inatt__qbin,bin,uaZ_entropy,0.6944444444444444,0.10460000000000003,,,,0.950830258302583
snap_inatt__qbin,bin,uaZ_bp_lf,0.3958333333333333,0.37939999999999996,,,,0.950830258302583
snap_inatt__qbin,bin,uaZ_bp_mf,0.6388888888888888,0.25360000000000005,,,,0.950830258302583
snap_inatt__qbin,bin,uaZ_bp_hf,0.625,0.29100000000000004,,,,0.950830258302583
snap_inatt__qbin,bin,uaMag_mean,0.4166666666666667,0.496,,,,0.950830258302583
snap_inatt__qbin,bin,uaMag_std,0.3541666666666667,0.23399999999999999,,,,0.950830258302583
snap_inatt__qbin,bin,uaMag_var,0.3541666666666667,0.23399999999999999,,,,0.950830258302583
snap_inatt__qbin,bin,uaMag_rms,0.3819444444444444,0.31720000000000004,,,,0.950830258302583
snap_inatt__qbin,bin,uaMag_min,0.5902777777777778,0.44420000000000004,,,,0.950830258302583
snap_inatt__qbin,bin,uaMag_max,0.3472222222222222,0.20399999999999996,,,,0.950830258302583
snap_inatt__qbin,bin,uaMag_range,0.3472222222222222,0.20399999999999996,,,,0.950830258302583
snap_inatt__qbin,bin,uaMag_median,0.4722222222222222,0.8014,,,,0.950830258302583
snap_inatt__qbin,bin,uaMag_iqr,0.3472222222222222,0.20399999999999996,,,,0.950830258302583
snap_inatt__qbin,bin,uaMag_mad,0.4166666666666667,0.496,,,,0.950830258302583
snap_inatt__qbin,bin,uaMag_skew,0.4652777777777778,0.76,,,,0.950830258302583
snap_inatt__qbin,bin,uaMag_kurt,0.4513888888888889,0.6996,,,,0.950830258302583
snap_inatt__qbin,bin,uaMag_zcr,0.5833333333333334,0.47819999999999996,,,,0.950830258302583
snap_inatt__qbin,bin,uaMag_madiff,0.4305555555555556,0.5554,,,,0.950830258302583
snap_inatt__qbin,bin,uaMag_domfreq,0.6319444444444444,0.26480000000000004,,,,0.950830258302583
snap_inatt__qbin,bin,uaMag_centroid,0.5972222222222222,0.4084,,,,0.950830258302583
snap_inatt__qbin,bin,uaMag_spread,0.6736111111111112,0.14600000000000002,,,,0.950830258302583
snap_inatt__qbin,bin,uaMag_entropy,0.5555555555555556,0.636,,,,0.950830258302583
snap_inatt__qbin,bin,uaMag_bp_lf,0.5208333333333334,0.8472,,,,0.950830258302583
snap_inatt__qbin,bin,uaMag_bp_mf,0.5208333333333334,0.8472,,,,0.950830258302583
snap_inatt__qbin,bin,uaMag_bp_hf,0.6041666666666666,0.3932,,,,0.950830258302583
snap_inatt__qbin,bin,gyX_mean,0.4583333333333333,0.7216,,,,0.950830258302583
snap_inatt__qbin,bin,gyX_std,0.4652777777777778,0.76,,,,0.950830258302583
snap_inatt__qbin,bin,gyX_var,0.4652777777777778,0.76,,,,0.950830258302583
snap_inatt__qbin,bin,gyX_rms,0.4652777777777778,0.76,,,,0.950830258302583
snap_inatt__qbin,bin,gyX_min,0.5486111111111112,0.6794,,,,0.950830258302583
snap_inatt__qbin,bin,gyX_max,0.3541666666666667,0.23399999999999999,,,,0.950830258302583
snap_inatt__qbin,bin,gyX_range,0.4305555555555556,0.5554,,,,0.950830258302583
snap_inatt__qbin,bin,gyX_median,0.4375,0.5946,,,,0.950830258302583
snap_inatt__qbin,bin,gyX_iqr,0.4722222222222222,0.8014,,,,0.950830258302583
snap_inatt__qbin,bin,gyX_mad,0.4722222222222222,0.8014,,,,0.950830258302583
snap_inatt__qbin,bin,gyX_skew,0.3472222222222222,0.20399999999999996,,,,0.950830258302583
snap_inatt__qbin,bin,gyX_kurt,0.4513888888888889,0.6996,,,,0.950830258302583
snap_inatt__qbin,bin,gyX_zcr,0.6319444444444444,0.26480000000000004,,,,0.950830258302583
snap_inatt__qbin,bin,gyX_madiff,0.4861111111111111,0.89,,,,0.950830258302583
snap_inatt__qbin,bin,gyX_domfreq,0.375,0.29100000000000004,,,,0.950830258302583
snap_inatt__qbin,bin,gyX_centroid,0.4305555555555556,0.5554,,,,0.950830258302583
snap_inatt__qbin,bin,gyX_spread,0.4513888888888889,0.6996,,,,0.950830258302583
snap_inatt__qbin,bin,gyX_entropy,0.4791666666666667,0.8666,,,,0.950830258302583
snap_inatt__qbin,bin,gyX_bp_lf,0.5,0.978,,,,0.978
snap_inatt__qbin,bin,gyX_bp_mf,0.4861111111111111,0.89,,,,0.950830258302583
snap_inatt__qbin,bin,gyX_bp_hf,0.3958333333333333,0.37939999999999996,,,,0.950830258302583
snap_inatt__qbin,bin,gyY_mean,0.7222222222222222,0.06299999999999994,,,,0.950830258302583
snap_inatt__qbin,bin,gyY_std,0.3819444444444444,0.31720000000000004,,,,0.950830258302583
snap_inatt__qbin,bin,gyY_var,0.3819444444444444,0.31720000000000004,,,,0.950830258302583
snap_inatt__qbin,bin,gyY_rms,0.3819444444444444,0.31720000000000004,,,,0.950830258302583
snap_inatt__qbin,bin,gyY_min,0.5625,0.5946,,,,0.950830258302583
snap_inatt__qbin,bin,gyY_max,0.4166666666666667,0.496,,,,0.950830258302583
snap_inatt__qbin,bin,gyY_range,0.4236111111111111,0.5164,,,,0.950830258302583
snap_inatt__qbin,bin,gyY_median,0.7986111111111112,0.010600000000000054,,,,0.950830258302583
snap_inatt__qbin,bin,gyY_iqr,0.5277777777777778,0.8014,,,,0.950830258302583
snap_inatt__qbin,bin,gyY_mad,0.5208333333333334,0.8472,,,,0.950830258302583
snap_inatt__qbin,bin,gyY_skew,0.5069444444444444,0.937,,,,0.950830258302583
snap_inatt__qbin,bin,gyY_kurt,0.3958333333333333,0.37939999999999996,,,,0.950830258302583
snap_inatt__qbin,bin,gyY_zcr,0.4722222222222222,0.8014,,,,0.950830258302583
snap_inatt__qbin,bin,gyY_madiff,0.375,0.29100000000000004,,,,0.950830258302583
snap_inatt__qbin,bin,gyY_domfreq,0.7569444444444444,0.03320000000000001,,,,0.950830258302583
snap_inatt__qbin,bin,gyY_centroid,0.3888888888888889,0.3608,,,,0.950830258302583
snap_inatt__qbin,bin,gyY_spread,0.4166666666666667,0.496,,,,0.950830258302583
snap_inatt__qbin,bin,gyY_entropy,0.4305555555555556,0.5554,,,,0.950830258302583
snap_inatt__qbin,bin,gyY_bp_lf,0.5347222222222222,0.76,,,,0.950830258302583
snap_inatt__qbin,bin,gyY_bp_mf,0.3958333333333333,0.37939999999999996,,,,0.950830258302583
snap_inatt__qbin,bin,gyY_bp_hf,0.4236111111111111,0.5164,,,,0.950830258302583
snap_inatt__qbin,bin,gyZ_mean,0.3125,0.11360000000000003,,,,0.950830258302583
snap_inatt__qbin,bin,gyZ_std,0.4097222222222222,0.44420000000000004,,,,0.950830258302583
snap_inatt__qbin,bin,gyZ_var,0.4097222222222222,0.44420000000000004,,,,0.950830258302583
snap_inatt__qbin,bin,gyZ_rms,0.4097222222222222,0.44420000000000004,,,,0.950830258302583
snap_inatt__qbin,bin,gyZ_min,0.4583333333333333,0.7216,,,,0.950830258302583
snap_inatt__qbin,bin,gyZ_max,0.3680555555555556,0.26480000000000004,,,,0.950830258302583
snap_inatt__qbin,bin,gyZ_range,0.4583333333333333,0.7216,,,,0.950830258302583
snap_inatt__qbin,bin,gyZ_median,0.3958333333333333,0.37939999999999996,,,,0.950830258302583
snap_inatt__qbin,bin,gyZ_iqr,0.4930555555555556,0.937,,,,0.950830258302583
snap_inatt__qbin,bin,gyZ_mad,0.5,0.978,,,,0.978
snap_inatt__qbin,bin,gyZ_skew,0.4375,0.5946,,,,0.950830258302583
snap_inatt__qbin,bin,gyZ_kurt,0.5069444444444444,0.937,,,,0.950830258302583
snap_inatt__qbin,bin,gyZ_zcr,0.5694444444444444,0.5554,,,,0.950830258302583
snap_inatt__qbin,bin,gyZ_madiff,0.4166666666666667,0.496,,,,0.950830258302583
snap_inatt__qbin,bin,gyZ_domfreq,0.5069444444444444,0.937,,,,0.950830258302583
snap_inatt__qbin,bin,gyZ_centroid,0.4236111111111111,0.5164,,,,0.950830258302583
snap_inatt__qbin,bin,gyZ_spread,0.4375,0.5946,,,,0.950830258302583
snap_inatt__qbin,bin,gyZ_entropy,0.4305555555555556,0.5554,,,,0.950830258302583
snap_inatt__qbin,bin,gyZ_bp_lf,0.5138888888888888,0.9152,,,,0.950830258302583
snap_inatt__qbin,bin,gyZ_bp_mf,0.4305555555555556,0.5554,,,,0.950830258302583
snap_inatt__qbin,bin,gyZ_bp_hf,0.4791666666666667,0.8666,,,,0.950830258302583
snap_inatt__qbin,bin,gyMag_mean,0.4513888888888889,0.6996,,,,0.950830258302583
snap_inatt__qbin,bin,gyMag_std,0.4444444444444444,0.636,,,,0.950830258302583
snap_inatt__qbin,bin,gyMag_var,0.4444444444444444,0.636,,,,0.950830258302583
snap_inatt__qbin,bin,gyMag_rms,0.4652777777777778,0.76,,,,0.950830258302583
snap_inatt__qbin,bin,gyMag_min,0.6736111111111112,0.14600000000000002,,,,0.950830258302583
snap_inatt__qbin,bin,gyMag_max,0.4375,0.5946,,,,0.950830258302583
snap_inatt__qbin,bin,gyMag_range,0.4375,0.5946,,,,0.950830258302583
snap_inatt__qbin,bin,gyMag_median,0.5347222222222222,0.76,,,,0.950830258302583
snap_inatt__qbin,bin,gyMag_iqr,0.3472222222222222,0.20399999999999996,,,,0.950830258302583
snap_inatt__qbin,bin,gyMag_mad,0.4236111111111111,0.5164,,,,0.950830258302583
snap_inatt__qbin,bin,gyMag_skew,0.4861111111111111,0.89,,,,0.950830258302583
snap_inatt__qbin,bin,gyMag_kurt,0.5,0.978,,,,0.978
snap_inatt__qbin,bin,gyMag_zcr,0.5555555555555556,0.636,,,,0.950830258302583
snap_inatt__qbin,bin,gyMag_madiff,0.4861111111111111,0.89,,,,0.950830258302583
snap_inatt__qbin,bin,gyMag_domfreq,0.6666666666666666,0.17520000000000002,,,,0.950830258302583
snap_inatt__qbin,bin,gyMag_centroid,0.4583333333333333,0.7216,,,,0.950830258302583
snap_inatt__qbin,bin,gyMag_spread,0.5277777777777778,0.8014,,,,0.950830258302583
snap_inatt__qbin,bin,gyMag_entropy,0.4583333333333333,0.7216,,,,0.950830258302583
snap_inatt__qbin,bin,gyMag_bp_lf,0.4305555555555556,0.5554,,,,0.950830258302583
snap_inatt__qbin,bin,gyMag_bp_mf,0.5277777777777778,0.8014,,,,0.950830258302583
snap_inatt__qbin,bin,gyMag_bp_hf,0.4791666666666667,0.8666,,,,0.950830258302583
snap_inatt__qbin,bin,pitch_mean,0.3055555555555556,0.10460000000000003,,,,0.950830258302583
snap_inatt__qbin,bin,pitch_std,0.5347222222222222,0.76,,,,0.950830258302583
snap_inatt__qbin,bin,pitch_var,0.5347222222222222,0.76,,,,0.950830258302583
snap_inatt__qbin,bin,pitch_rms,0.6805555555555556,0.12880000000000003,,,,0.950830258302583
snap_inatt__qbin,bin,pitch_min,0.5347222222222222,0.76,,,,0.950830258302583
snap_inatt__qbin,bin,pitch_max,0.5208333333333334,0.8472,,,,0.950830258302583
snap_inatt__qbin,bin,pitch_range,0.5555555555555556,0.636,,,,0.950830258302583
snap_inatt__qbin,bin,pitch_median,0.2986111111111111,0.09360000000000002,,,,0.950830258302583
snap_inatt__qbin,bin,pitch_iqr,0.5277777777777778,0.8014,,,,0.950830258302583
snap_inatt__qbin,bin,pitch_mad,0.4861111111111111,0.89,,,,0.950830258302583
snap_inatt__qbin,bin,pitch_skew,0.5833333333333334,0.47819999999999996,,,,0.950830258302583
snap_inatt__qbin,bin,pitch_kurt,0.4166666666666667,0.496,,,,0.950830258302583
snap_inatt__qbin,bin,pitch_zcr,0.4097222222222222,0.44420000000000004,,,,0.950830258302583
snap_inatt__qbin,bin,pitch_madiff,0.4722222222222222,0.8014,,,,0.950830258302583
snap_inatt__qbin,bin,pitch_domfreq,0.5694444444444444,0.5554,,,,0.950830258302583
snap_inatt__qbin,bin,pitch_centroid,0.4027777777777778,0.4084,,,,0.950830258302583
snap_inatt__qbin,bin,pitch_spread,0.3402777777777778,0.18500000000000005,,,,0.950830258302583
snap_inatt__qbin,bin,pitch_entropy,0.4652777777777778,0.76,,,,0.950830258302583
snap_inatt__qbin,bin,pitch_bp_lf,0.4305555555555556,0.5554,,,,0.950830258302583
snap_inatt__qbin,bin,pitch_bp_mf,0.3472222222222222,0.20399999999999996,,,,0.950830258302583
snap_inatt__qbin,bin,pitch_bp_hf,0.375,0.29100000000000004,,,,0.950830258302583
snap_inatt__qbin,bin,roll_mean,0.7222222222222222,0.06299999999999994,,,,0.950830258302583
snap_inatt__qbin,bin,roll_std,0.3680555555555556,0.26480000000000004,,,,0.950830258302583
snap_inatt__qbin,bin,roll_var,0.3680555555555556,0.26480000000000004,,,,0.950830258302583
snap_inatt__qbin,bin,roll_rms,0.4791666666666667,0.8666,,,,0.950830258302583
snap_inatt__qbin,bin,roll_min,0.5833333333333334,0.47819999999999996,,,,0.950830258302583
snap_inatt__qbin,bin,roll_max,0.5069444444444444,0.937,,,,0.950830258302583
snap_inatt__qbin,bin,roll_range,0.4444444444444444,0.636,,,,0.950830258302583
snap_inatt__qbin,bin,roll_median,0.7430555555555556,0.04300000000000004,,,,0.950830258302583
snap_inatt__qbin,bin,roll_iqr,0.2986111111111111,0.09360000000000002,,,,0.950830258302583
snap_inatt__qbin,bin,roll_mad,0.3194444444444444,0.12880000000000003,,,,0.950830258302583
snap_inatt__qbin,bin,roll_skew,0.2569444444444444,0.04300000000000004,,,,0.950830258302583
snap_inatt__qbin,bin,roll_kurt,0.6736111111111112,0.14600000000000002,,,,0.950830258302583
snap_inatt__qbin,bin,roll_zcr,0.6944444444444444,0.10460000000000003,,,,0.950830258302583
snap_inatt__qbin,bin,roll_madiff,0.5277777777777778,0.8014,,,,0.950830258302583
snap_inatt__qbin,bin,roll_domfreq,0.4652777777777778,0.76,,,,0.950830258302583
snap_inatt__qbin,bin,roll_centroid,0.5486111111111112,0.6794,,,,0.950830258302583
snap_inatt__qbin,bin,roll_spread,0.5972222222222222,0.4084,,,,0.950830258302583
snap_inatt__qbin,bin,roll_entropy,0.5694444444444444,0.5554,,,,0.950830258302583
snap_inatt__qbin,bin,roll_bp_lf,0.5347222222222222,0.76,,,,0.950830258302583
snap_inatt__qbin,bin,roll_bp_mf,0.6041666666666666,0.3932,,,,0.950830258302583
snap_inatt__qbin,bin,roll_bp_hf,0.5902777777777778,0.44420000000000004,,,,0.950830258302583
snap_inatt__qbin,bin,yaw_mean,0.4305555555555556,0.5554,,,,0.950830258302583
snap_inatt__qbin,bin,yaw_std,0.5069444444444444,0.937,,,,0.950830258302583
snap_inatt__qbin,bin,yaw_var,0.5069444444444444,0.937,,,,0.950830258302583
snap_inatt__qbin,bin,yaw_rms,0.4583333333333333,0.7216,,,,0.950830258302583
snap_inatt__qbin,bin,yaw_min,0.3611111111111111,0.24319999999999997,,,,0.950830258302583
snap_inatt__qbin,bin,yaw_max,0.5486111111111112,0.6794,,,,0.950830258302583
snap_inatt__qbin,bin,yaw_range,0.6180555555555556,0.31720000000000004,,,,0.950830258302583
snap_inatt__qbin,bin,yaw_median,0.4027777777777778,0.4084,,,,0.950830258302583
snap_inatt__qbin,bin,yaw_iqr,0.5486111111111112,0.6794,,,,0.950830258302583
snap_inatt__qbin,bin,yaw_mad,0.5416666666666666,0.741,,,,0.950830258302583
snap_inatt__qbin,bin,yaw_skew,0.6111111111111112,0.347,,,,0.950830258302583
snap_inatt__qbin,bin,yaw_kurt,0.4375,0.5946,,,,0.950830258302583
snap_inatt__qbin,bin,yaw_zcr,0.4722222222222222,0.8014,,,,0.950830258302583
snap_inatt__qbin,bin,yaw_madiff,0.4652777777777778,0.76,,,,0.950830258302583
snap_inatt__qbin,bin,yaw_domfreq,0.6111111111111112,0.347,,,,0.950830258302583
snap_inatt__qbin,bin,yaw_centroid,0.3472222222222222,0.20399999999999996,,,,0.950830258302583
snap_inatt__qbin,bin,yaw_spread,0.3541666666666667,0.23399999999999999,,,,0.950830258302583
snap_inatt__qbin,bin,yaw_entropy,0.3958333333333333,0.37939999999999996,,,,0.950830258302583
snap_inatt__qbin,bin,yaw_bp_lf,0.3541666666666667,0.23399999999999999,,,,0.950830258302583
snap_inatt__qbin,bin,yaw_bp_mf,0.3402777777777778,0.18500000000000005,,,,0.950830258302583
snap_inatt__qbin,bin,yaw_bp_hf,0.3472222222222222,0.20399999999999996,,,,0.950830258302583
snap_inatt__qbin,bin,jerk_mean,0.5347222222222222,0.76,,,,0.950830258302583
snap_inatt__qbin,bin,jerk_std,0.4305555555555556,0.5554,,,,0.950830258302583
snap_inatt__qbin,bin,jerk_var,0.4305555555555556,0.5554,,,,0.950830258302583
snap_inatt__qbin,bin,jerk_rms,0.4305555555555556,0.5554,,,,0.950830258302583
snap_inatt__qbin,bin,jerk_min,0.5833333333333334,0.47819999999999996,,,,0.950830258302583
snap_inatt__qbin,bin,jerk_max,0.3472222222222222,0.20399999999999996,,,,0.950830258302583
snap_inatt__qbin,bin,jerk_range,0.3888888888888889,0.3608,,,,0.950830258302583
snap_inatt__qbin,bin,jerk_median,0.5,0.978,,,,0.978
snap_inatt__qbin,bin,jerk_iqr,0.5833333333333334,0.47819999999999996,,,,0.950830258302583
snap_inatt__qbin,bin,jerk_mad,0.5833333333333334,0.47819999999999996,,,,0.950830258302583
snap_inatt__qbin,bin,jerk_skew,0.5486111111111112,0.6794,,,,0.950830258302583
snap_inatt__qbin,bin,jerk_kurt,0.4791666666666667,0.8666,,,,0.950830258302583
snap_inatt__qbin,bin,jerk_zcr,0.3888888888888889,0.3608,,,,0.950830258302583
snap_inatt__qbin,bin,jerk_madiff,0.4305555555555556,0.5554,,,,0.950830258302583
snap_inatt__qbin,bin,jerk_domfreq,0.6458333333333334,0.22319999999999995,,,,0.950830258302583
snap_inatt__qbin,bin,jerk_centroid,0.7708333333333334,0.02400000000000002,,,,0.950830258302583
snap_inatt__qbin,bin,jerk_spread,0.5625,0.5946,,,,0.950830258302583
snap_inatt__qbin,bin,jerk_entropy,0.5486111111111112,0.6794,,,,0.950830258302583
snap_inatt__qbin,bin,jerk_bp_lf,0.5138888888888888,0.9152,,,,0.950830258302583
snap_inatt__qbin,bin,jerk_bp_mf,0.3263888888888889,0.1552,,,,0.950830258302583
snap_inatt__qbin,bin,jerk_bp_hf,0.6458333333333334,0.22319999999999995,,,,0.950830258302583
snap_inatt__qbin,bin,actfrac_p50,0.3715277777777778,0.29100000000000004,,,,0.950830258302583
snap_inatt__qbin,bin,switchmin_p50,0.6041666666666666,0.3932,,,,0.950830258302583
snap_inatt__qbin,bin,actbout_med_p50,0.4618055555555556,0.76,,,,0.950830258302583
snap_inatt__qbin,bin,actbout_cv_p50,0.4583333333333333,0.7216,,,,0.950830258302583
snap_inatt__qbin,bin,actshort_p50,0.5833333333333334,0.47819999999999996,,,,0.950830258302583
snap_inatt__qbin,bin,actfrac_p75,0.7291666666666666,0.05820000000000003,,,,0.950830258302583
snap_inatt__qbin,bin,switchmin_p75,0.5555555555555556,0.636,,,,0.950830258302583
snap_inatt__qbin,bin,actbout_med_p75,0.4826388888888889,0.89,,,,0.950830258302583
snap_inatt__qbin,bin,actbout_cv_p75,0.5208333333333334,0.8472,,,,0.950830258302583
snap_inatt__qbin,bin,actshort_p75,0.5625,0.5946,,,,0.950830258302583
snap_inatt__qbin,bin,actfrac_p90,0.5555555555555556,0.636,,,,0.950830258302583
snap_inatt__qbin,bin,switchmin_p90,0.5069444444444444,0.937,,,,0.950830258302583
snap_inatt__qbin,bin,actbout_med_p90,0.5520833333333334,0.6794,,,,0.950830258302583
snap_inatt__qbin,bin,actbout_cv_p90,0.5277777777777778,0.8014,,,,0.950830258302583
snap_inatt__qbin,bin,actshort_p90,0.4305555555555556,0.5554,,,,0.950830258302583
snap_inatt__qbin,bin,switch_per_min,0.5868055555555556,0.47819999999999996,,,,0.950830258302583
snap_inatt__qbin,bin,act_bout_median,0.4236111111111111,0.5164,,,,0.950830258302583
snap_inatt__qbin,bin,stl_bout_median,0.4409722222222222,0.636,,,,0.950830258302583
snap_inatt__qbin,bin,act_bout_cv,0.5069444444444444,0.937,,,,0.950830258302583
snap_inatt__qbin,bin,stl_bout_cv,0.5833333333333334,0.47819999999999996,,,,0.950830258302583
snap_inatt__qbin,bin,frac_act_short,0.5625,0.5946,,,,0.950830258302583
snap_inatt__qbin,bin,within_win_sd,0.4930555555555556,0.937,,,,0.950830258302583
snap_inatt__qbin,bin,mag_median,0.4722222222222222,0.8014,,,,0.950830258302583
snap_hyper__qbin,bin,uaX_mean,0.6293706293706294,0.26339999999999997,,,,0.6706944444444444
snap_hyper__qbin,bin,uaX_std,0.3776223776223776,0.2904,,,,0.6710924369747899
snap_hyper__qbin,bin,uaX_var,0.3776223776223776,0.2904,,,,0.6710924369747899
snap_hyper__qbin,bin,uaX_rms,0.3776223776223776,0.2904,,,,0.6710924369747899
snap_hyper__qbin,bin,uaX_min,0.7342657342657343,0.043399999999999994,,,,0.5556617647058822
snap_hyper__qbin,bin,uaX_max,0.5594405594405595,0.6002000000000001,,,,0.8378426395939087
snap_hyper__qbin,bin,uaX_range,0.3706293706293706,0.26339999999999997,,,,0.6706944444444444
snap_hyper__qbin,bin,uaX_median,0.6643356643356644,0.15259999999999996,,,,0.5828472222222221
snap_hyper__qbin,bin,uaX_iqr,0.6083916083916084,0.346,,,,0.7154135338345864
snap_hyper__qbin,bin,uaX_mad,0.6293706293706294,0.26339999999999997,,,,0.6706944444444444
snap_hyper__qbin,bin,uaX_skew,0.7132867132867133,0.06620000000000004,,,,0.5556617647058822
snap_hyper__qbin,bin,uaX_kurt,0.4965034965034965,0.9762,,,,0.9797627737226277
snap_hyper__qbin,bin,uaX_zcr,0.5734265734265734,0.52,,,,0.7900552486187845
snap_hyper__qbin,bin,uaX_madiff,0.4405594405594406,0.6218,,,,0.8418725099601594
snap_hyper__qbin,bin,uaX_domfreq,0.38461538461538464,0.3326,,,,0.7154135338345864
snap_hyper__qbin,bin,uaX_centroid,0.4195804195804196,0.48660000000000003,,,,0.7900552486187845
snap_hyper__qbin,bin,uaX_spread,0.46153846153846156,0.7236,,,,0.8418725099601594
snap_hyper__qbin,bin,uaX_entropy,0.5664335664335665,0.558,,,,0.795077720207254
snap_hyper__qbin,bin,uaX_bp_lf,0.5034965034965035,0.9486,,,,0.9626014760147602
snap_hyper__qbin,bin,uaX_bp_mf,0.45454545454545453,0.6804,,,,0.8418725099601594
snap_hyper__qbin,bin,uaX_bp_hf,0.43356643356643354,0.558,,,,0.795077720207254
snap_hyper__qbin,bin,uaY_mean,0.32867132867132864,0.13739999999999997,,,,0.5556617647058822
snap_hyper__qbin,bin,uaY_std,0.46853146853146854,0.7684,,,,0.8418725099601594
snap_hyper__qbin,bin,uaY_var,0.46853146853146854,0.7684,,,,0.8418725099601594
snap_hyper__qbin,bin,uaY_rms,0.44755244755244755,0.6434,,,,0.8418725099601594
snap_hyper__qbin,bin,uaY_min,0.5454545454545454,0.7016,,,,0.8418725099601594
snap_hyper__qbin,bin,uaY_max,0.4405594405594406,0.6218,,,,0.8418725099601594
snap_hyper__qbin,bin,uaY_range,0.43356643356643354,0.558,,,,0.795077720207254
snap_hyper__qbin,bin,uaY_median,0.6013986013986014,0.3922,,,,0.7595422535211268
snap_hyper__qbin,bin,uaY_iqr,0.6293706293706294,0.26339999999999997,,,,0.6706944444444444
snap_hyper__qbin,bin,uaY_mad,0.6573426573426573,0.18220000000000003,,,,0.6185802469135804
snap_hyper__qbin,bin,uaY_skew,0.3076923076923077,0.09999999999999998,,,,0.5556617647058822
snap_hyper__qbin,bin,uaY_kurt,0.36363636363636365,0.23819999999999997,,,,0.6616666666666666
snap_hyper__qbin,bin,uaY_zcr,0.6083916083916084,0.346,,,,0.7154135338345864
snap_hyper__qbin,bin,uaY_madiff,0.5524475524475524,0.6617999999999999,,,,0.8418725099601594
snap_hyper__qbin,bin,uaY_domfreq,0.5804195804195804,0.48660000000000003,,,,0.7900552486187845
snap_hyper__qbin,bin,uaY_centroid,0.5314685314685315,0.7684,,,,0.8418725099601594
snap_hyper__qbin,bin,uaY_spread,0.44755244755244755,0.6434,,,,0.8418725099601594
snap_hyper__qbin,bin,uaY_entropy,0.4965034965034965,0.9762,,,,0.9797627737226277
snap_hyper__qbin,bin,uaY_bp_lf,0.7132867132867133,0.06620000000000004,,,,0.5556617647058822
snap_hyper__qbin,bin,uaY_bp_mf,0.4825174825174825,0.8572,,,,0.9031800766283524
snap_hyper__qbin,bin,uaY_bp_hf,0.46153846153846156,0.7236,,,,0.8418725099601594
snap_hyper__qbin,bin,uaZ_mean,0.42657342657342656,0.52,,,,0.7900552486187845
snap_hyper__qbin,bin,uaZ_std,0.34265734265734266,0.17259999999999998,,,,0.6185802469135804
snap_hyper__qbin,bin,uaZ_var,0.34265734265734266,0.17259999999999998,,,,0.6185802469135804
snap_hyper__qbin,bin,uaZ_rms,0.34965034965034963,0.19279999999999997,,,,0.6237647058823528
snap_hyper__qbin,bin,uaZ_min,0.46853146853146854,0.7684,,,,0.8418725099601594
snap_hyper__qbin,bin,uaZ_max,0.3986013986013986,0.3782,,,,0.7482374100719424
snap_hyper__qbin,bin,uaZ_range,0.4755244755244755,0.8132,,,,0.8735546875
snap_hyper__qbin,bin,uaZ_median,0.6923076923076923,0.09999999999999998,,,,0.5556617647058822
snap_hyper__qbin,bin,uaZ_iqr,0.6083916083916084,0.346,,,,0.7154135338345864
snap_hyper__qbin,bin,uaZ_mad,0.6293706293706294,0.26339999999999997,,,,0.6706944444444444
snap_hyper__qbin,bin,uaZ_skew,0.38461538461538464,0.3326,,,,0.7154135338345864
snap_hyper__qbin,bin,uaZ_kurt,0.5874125874125874,0.4464,,,,0.786923076923077
snap_hyper__qbin,bin,uaZ_zcr,0.6783216783216783,0.12460000000000004,,,,0.5556617647058822
snap_hyper__qbin,bin,uaZ_madiff,0.3986013986013986,0.3782,,,,0.7482374100719424
snap_hyper__qbin,bin,uaZ_domfreq,0.36363636363636365,0.23819999999999997,,,,0.6616666666666666
snap_hyper__qbin,bin,uaZ_centroid,0.5664335664335665,0.558,,,,0.795077720207254
snap_hyper__qbin,bin,uaZ_spread,0.6223776223776224,0.2904,,,,0.6710924369747899
snap_hyper__qbin,bin,uaZ_entropy,0.7062937062937062,0.08240000000000003,,,,0.5556617647058822
snap_hyper__qbin,bin,uaZ_bp_lf,0.4125874125874126,0.4464,,,,0.786923076923077
snap_hyper__qbin,bin,uaZ_bp_mf,0.6223776223776224,0.2904,,,,0.6710924369747899
snap_hyper__qbin,bin,uaZ_bp_hf,0.6293706293706294,0.26339999999999997,,,,0.6706944444444444
snap_hyper__qbin,bin,uaMag_mean,0.46853146853146854,0.7684,,,,0.8418725099601594
snap_hyper__qbin,bin,uaMag_std,0.3076923076923077,0.09999999999999998,,,,0.5556617647058822
snap_hyper__qbin,bin,uaMag_var,0.3076923076923077,0.09999999999999998,,,,0.5556617647058822
snap_hyper__qbin,bin,uaMag_rms,0.3776223776223776,0.2904,,,,0.6710924369747899
snap_hyper__qbin,bin,uaMag_min,0.6993006993006993,0.09419999999999995,,,,0.5556617647058822
snap_hyper__qbin,bin,uaMag_max,0.42657342657342656,0.52,,,,0.7900552486187845
snap_hyper__qbin,bin,uaMag_range,0.42657342657342656,0.52,,,,0.7900552486187845
snap_hyper__qbin,bin,uaMag_median,0.5874125874125874,0.4464,,,,0.786923076923077
snap_hyper__qbin,bin,uaMag_iqr,0.32167832167832167,0.12460000000000004,,,,0.5556617647058822
snap_hyper__qbin,bin,uaMag_mad,0.45454545454545453,0.6804,,,,0.8418725099601594
snap_hyper__qbin,bin,uaMag_skew,0.48951048951048953,0.9252,,,,0.9529213483146067
snap_hyper__qbin,bin,uaMag_kurt,0.48951048951048953,0.9252,,,,0.9529213483146067
snap_hyper__qbin,bin,uaMag_zcr,0.6923076923076923,0.09999999999999998,,,,0.5556617647058822
snap_hyper__qbin,bin,uaMag_madiff,0.46853146853146854,0.7684,,,,0.8418725099601594
snap_hyper__qbin,bin,uaMag_domfreq,0.5594405594405595,0.6002000000000001,,,,0.8378426395939087
snap_hyper__qbin,bin,uaMag_centroid,0.6923076923076923,0.09999999999999998,,,,0.5556617647058822
snap_hyper__qbin,bin,uaMag_spread,0.7272727272727273,0.0494,,,,0.5556617647058822
snap_hyper__qbin,bin,uaMag_entropy,0.7062937062937062,0.08240000000000003,,,,0.5556617647058822
snap_hyper__qbin,bin,uaMag_bp_lf,0.7062937062937062,0.08240000000000003,,,,0.5556617647058822
snap_hyper__qbin,bin,uaMag_bp_mf,0.6433566433566433,0.2156,,,,0.6375268817204301
snap_hyper__qbin,bin,uaMag_bp_hf,0.6713286713286714,0.13739999999999997,,,,0.5556617647058822
snap_hyper__qbin,bin,gyX_mean,0.32867132867132864,0.13739999999999997,,,,0.5556617647058822
snap_hyper__qbin,bin,gyX_std,0.5314685314685315,0.7684,,,,0.8418725099601594
snap_hyper__qbin,bin,gyX_var,0.5314685314685315,0.7684,,,,0.8418725099601594
snap_hyper__qbin,bin,gyX_rms,0.5314685314685315,0.7684,,,,0.8418725099601594
snap_hyper__qbin,bin,gyX_min,0.5384615384615384,0.7236,,,,0.8418725099601594
snap_hyper__qbin,bin,gyX_max,0.3006993006993007,0.08819999999999995,,,,0.5556617647058822
snap_hyper__qbin,bin,gyX_range,0.4125874125874126,0.4464,,,,0.786923076923077
snap_hyper__qbin,bin,gyX_median,0.34965034965034963,0.19279999999999997,,,,0.6237647058823528
snap_hyper__qbin,bin,gyX_iqr,0.6083916083916084,0.346,,,,0.7154135338345864
snap_hyper__qbin,bin,gyX_mad,0.6083916083916084,0.346,,,,0.7154135338345864
snap_hyper__qbin,bin,gyX_skew,0.38461538461538464,0.3326,,,,0.7154135338345864
snap_hyper__qbin,bin,gyX_kurt,0.38461538461538464,0.3326,,,,0.7154135338345864
snap_hyper__qbin,bin,gyX_zcr,0.5454545454545454,0.7016,,,,0.8418725099601594
snap_hyper__qbin,bin,gyX_madiff,0.5454545454545454,0.7016,,,,0.8418725099601594
snap_hyper__qbin,bin,gyX_domfreq,0.42657342657342656,0.52,,,,0.7900552486187845
snap_hyper__qbin,bin,gyX_centroid,0.34965034965034963,0.19279999999999997,,,,0.6237647058823528
snap_hyper__qbin,bin,gyX_spread,0.34965034965034963,0.19279999999999997,,,,0.6237647058823528
snap_hyper__qbin,bin,gyX_entropy,0.3916083916083916,0.362,,,,0.742910447761194
snap_hyper__qbin,bin,gyX_bp_lf,0.5804195804195804,0.48660000000000003,,,,0.7900552486187845
snap_hyper__qbin,bin,gyX_bp_mf,0.4405594405594406,0.6218,,,,0.8418725099601594
snap_hyper__qbin,bin,gyX_bp_hf,0.2727272727272727,0.0494,,,,0.5556617647058822
snap_hyper__qbin,bin,gyY_mean,0.7062937062937062,0.08240000000000003,,,,0.5556617647058822
snap_hyper__qbin,bin,gyY_std,0.43356643356643354,0.558,,,,0.795077720207254
snap_hyper__qbin,bin,gyY_var,0.43356643356643354,0.558,,,,0.795077720207254
snap_hyper__qbin,bin,gyY_rms,0.43356643356643354,0.558,,,,0.795077720207254
snap_hyper__qbin,bin,gyY_min,0.5104895104895105,0.9046,,,,0.9494847328244275
snap_hyper__qbin,bin,gyY_max,0.38461538461538464,0.3326,,,,0.7154135338345864
snap_hyper__qbin,bin,gyY_range,0.45454545454545453,0.6804,,,,0.8418725099601594
snap_hyper__qbin,bin,gyY_median,0.8741258741258742,0.0013999999999999568,,,,0.38499999999998813
snap_hyper__qbin,bin,gyY_iqr,0.6643356643356644,0.15259999999999996,,,,0.5828472222222221
snap_hyper__qbin,bin,gyY_mad,0.6573426573426573,0.18220000000000003,,,,0.6185802469135804
snap_hyper__qbin,bin,gyY_skew,0.40559440559440557,0.40900000000000003,,,,0.7703767123287671
snap_hyper__qbin,bin,gyY_kurt,0.34265734265734266,0.17259999999999998,,,,0.6185802469135804
snap_hyper__qbin,bin,gyY_zcr,0.4125874125874126,0.4464,,,,0.786923076923077
snap_hyper__qbin,bin,gyY_madiff,0.3986013986013986,0.3782,,,,0.7482374100719424
snap_hyper__qbin,bin,gyY_domfreq,0.5804195804195804,0.48660000000000003,,,,0.7900552486187845
snap_hyper__qbin,bin,gyY_centroid,0.2867132867132867,0.07220000000000004,,,,0.5556617647058822
snap_hyper__qbin,bin,gyY_spread,0.32167832167832167,0.12460000000000004,,,,0.5556617647058822
snap_hyper__qbin,bin,gyY_entropy,0.3146853146853147,0.11299999999999999,,,,0.5556617647058822
snap_hyper__qbin,bin,gyY_bp_lf,0.5874125874125874,0.4464,,,,0.786923076923077
snap_hyper__qbin,bin,gyY_bp_mf,0.2937062937062937,0.07699999999999996,,,,0.5556617647058822
snap_hyper__qbin,bin,gyY_bp_hf,0.3356643356643357,0.16300000000000003,,,,0.6140410958904111
snap_hyper__qbin,bin,gyZ_mean,0.2727272727272727,0.0494,,,,0.5556617647058822
snap_hyper__qbin,bin,gyZ_std,0.48951048951048953,0.9252,,,,0.9529213483146067
snap_hyper__qbin,bin,gyZ_var,0.48951048951048953,0.9252,,,,0.9529213483146067
snap_hyper__qbin,bin,gyZ_rms,0.48951048951048953,0.9252,,,,0.9529213483146067
snap_hyper__qbin,bin,gyZ_min,0.46153846153846156,0.7236,,,,0.8418725099601594
snap_hyper__qbin,bin,gyZ_max,0.42657342657342656,0.52,,,,0.7900552486187845
snap_hyper__qbin,bin,gyZ_range,0.4825174825174825,0.8572,,,,0.9031800766283524
snap_hyper__qbin,bin,gyZ_median,0.3706293706293706,0.26339999999999997,,,,0.6706944444444444
snap_hyper__qbin,bin,gyZ_iqr,0.6503496503496503,0.2056,,,,0.6352808988764045
snap_hyper__qbin,bin,gyZ_mad,0.6573426573426573,0.18220000000000003,,,,0.6185802469135804
snap_hyper__qbin,bin,gyZ_skew,0.46153846153846156,0.7236,,,,0.8418725099601594
snap_hyper__qbin,bin,gyZ_kurt,0.40559440559440557,0.40900000000000003,,,,0.7703767123287671
snap_hyper__qbin,bin,gyZ_zcr,0.46153846153846156,0.7236,,,,0.8418725099601594
snap_hyper__qbin,bin,gyZ_madiff,0.46153846153846156,0.7236,,,,0.8418725099601594
snap_hyper__qbin,bin,gyZ_domfreq,0.32167832167832167,0.12460000000000004,,,,0.5556617647058822
snap_hyper__qbin,bin,gyZ_centroid,0.2937062937062937,0.07699999999999996,,,,0.5556617647058822
snap_hyper__qbin,bin,gyZ_spread,0.2937062937062937,0.07699999999999996,,,,0.5556617647058822
snap_hyper__qbin,bin,gyZ_entropy,0.3006993006993007,0.08819999999999995,,,,0.5556617647058822
snap_hyper__qbin,bin,gyZ_bp_lf,0.5804195804195804,0.48660000000000003,,,,0.7900552486187845
snap_hyper__qbin,bin,gyZ_bp_mf,0.3076923076923077,0.09999999999999998,,,,0.5556617647058822
snap_hyper__qbin,bin,gyZ_bp_hf,0.3146853146853147,0.11299999999999999,,,,0.5556617647058822
snap_hyper__qbin,bin,gyMag_mean,0.5734265734265734,0.52,,,,0.7900552486187845
snap_hyper__qbin,bin,gyMag_std,0.43356643356643354,0.558,,,,0.795077720207254
snap_hyper__qbin,bin,gyMag_var,0.43356643356643354,0.558,,,,0.795077720207254
snap_hyper__qbin,bin,gyMag_rms,0.5454545454545454,0.7016,,,,0.8418725099601594
snap_hyper__qbin,bin,gyMag_min,0.5524475524475524,0.6617999999999999,,,,0.8418725099601594
snap_hyper__qbin,bin,gyMag_max,0.3776223776223776,0.2904,,,,0.6710924369747899
snap_hyper__qbin,bin,gyMag_range,0.3776223776223776,0.2904,,,,0.6710924369747899
snap_hyper__qbin,bin,gyMag_median,0.6643356643356644,0.15259999999999996,,,,0.5828472222222221
snap_hyper__qbin,bin,gyMag_iqr,0.35664335664335667,0.2156,,,,0.6375268817204301
snap_hyper__qbin,bin,gyMag_mad,0.4195804195804196,0.48660000000000003,,,,0.7900552486187845
snap_hyper__qbin,bin,gyMag_skew,0.45454545454545453,0.6804,,,,0.8418725099601594
snap_hyper__qbin,bin,gyMag_kurt,0.46153846153846156,0.7236,,,,0.8418725099601594
snap_hyper__qbin,bin,gyMag_zcr,0.6993006993006993,0.09419999999999995,,,,0.5556617647058822
snap_hyper__qbin,bin,gyMag_madiff,0.5804195804195804,0.48660000000000003,,,,0.7900552486187845
snap_hyper__qbin,bin,gyMag_domfreq,0.6083916083916084,0.346,,,,0.7154135338345864
snap_hyper__qbin,bin,gyMag_centroid,0.6153846153846154,0.31620000000000004,,,,0.7154135338345864
snap_hyper__qbin,bin,gyMag_spread,0.6293706293706294,0.26339999999999997,,,,0.6706944444444444
snap_hyper__qbin,bin,gyMag_entropy,0.6363636363636364,0.23819999999999997,,,,0.6616666666666666
snap_hyper__qbin,bin,gyMag_bp_lf,0.6503496503496503,0.2056,,,,0.6352808988764045
snap_hyper__qbin,bin,gyMag_bp_mf,0.6923076923076923,0.09999999999999998,,,,0.5556617647058822
snap_hyper__qbin,bin,gyMag_bp_hf,0.5524475524475524,0.6617999999999999,,,,0.8418725099601594
snap_hyper__qbin,bin,pitch_mean,0.4125874125874126,0.4464,,,,0.786923076923077
snap_hyper__qbin,bin,pitch_std,0.5524475524475524,0.6617999999999999,,,,0.8418725099601594
snap_hyper__qbin,bin,pitch_var,0.5524475524475524,0.6617999999999999,,,,0.8418725099601594
snap_hyper__qbin,bin,pitch_rms,0.5944055944055944,0.4272,,,,0.786923076923077
snap_hyper__qbin,bin,pitch_min,0.6853146853146853,0.11299999999999999,,,,0.5556617647058822
snap_hyper__qbin,bin,pitch_max,0.40559440559440557,0.40900000000000003,,,,0.7703767123287671
snap_hyper__qbin,bin,pitch_range,0.4195804195804196,0.48660000000000003,,,,0.7900552486187845
snap_hyper__qbin,bin,pitch_median,0.3986013986013986,0.3782,,,,0.7482374100719424
snap_hyper__qbin,bin,pitch_iqr,0.5454545454545454,0.7016,,,,0.8418725099601594
snap_hyper__qbin,bin,pitch_mad,0.5034965034965035,0.9486,,,,0.9626014760147602
snap_hyper__qbin,bin,pitch_skew,0.45454545454545453,0.6804,,,,0.8418725099601594
snap_hyper__qbin,bin,pitch_kurt,0.2727272727272727,0.0494,,,,0.5556617647058822
snap_hyper__qbin,bin,pitch_zcr,0.5174825174825175,0.8572,,,,0.9031800766283524
snap_hyper__qbin,bin,pitch_madiff,0.5944055944055944,0.4272,,,,0.786923076923077
snap_hyper__qbin,bin,pitch_domfreq,0.42657342657342656,0.52,,,,0.7900552486187845
snap_hyper__qbin,bin,pitch_centroid,0.5314685314685315,0.7684,,,,0.8418725099601594
snap_hyper__qbin,bin,pitch_spread,0.45454545454545453,0.6804,,,,0.8418725099601594
snap_hyper__qbin,bin,pitch_entropy,0.5664335664335665,0.558,,,,0.795077720207254
snap_hyper__qbin,bin,pitch_bp_lf,0.5804195804195804,0.48660000000000003,,,,0.7900552486187845
snap_hyper__qbin,bin,pitch_bp_mf,0.3986013986013986,0.3782,,,,0.7482374100719424
snap_hyper__qbin,bin,pitch_bp_hf,0.46153846153846156,0.7236,,,,0.8418725099601594
snap_hyper__qbin,bin,roll_mean,0.8111888111888111,0.009600000000000053,,,,0.5556617647058822
snap_hyper__qbin,bin,roll_std,0.36363636363636365,0.23819999999999997,,,,0.6616666666666666
snap_hyper__qbin,bin,roll_var,0.36363636363636365,0.23819999999999997,,,,0.6616666666666666
snap_hyper__qbin,bin,roll_rms,0.5594405594405595,0.6002000000000001,,,,0.8378426395939087
snap_hyper__qbin,bin,roll_min,0.6223776223776224,0.2904,,,,0.6710924369747899
snap_hyper__qbin,bin,roll_max,0.42657342657342656,0.52,,,,0.7900552486187845
snap_hyper__qbin,bin,roll_range,0.36363636363636365,0.23819999999999997,,,,0.6616666666666666
snap_hyper__qbin,bin,roll_median,0.8041958041958042,0.010199999999999987,,,,0.5556617647058822
snap_hyper__qbin,bin,roll_iqr,0.27972027972027974,0.06240000000000001,,,,0.5556617647058822
snap_hyper__qbin,bin,roll_mad,0.3076923076923077,0.09999999999999998,,,,0.5556617647058822
snap_hyper__qbin,bin,roll_skew,0.23076923076923078,0.022800000000000042,,,,0.5556617647058822
snap_hyper__qbin,bin,roll_kurt,0.6923076923076923,0.09999999999999998,,,,0.5556617647058822
snap_hyper__qbin,bin,roll_zcr,0.7902097902097902,0.013599999999999945,,,,0.5556617647058822
snap_hyper__qbin,bin,roll_madiff,0.5804195804195804,0.48660000000000003,,,,0.7900552486187845
snap_hyper__qbin,bin,roll_domfreq,0.5034965034965035,0.9486,,,,0.9626014760147602
snap_hyper__qbin,bin,roll_centroid,0.6503496503496503,0.2056,,,,0.6352808988764045
snap_hyper__qbin,bin,roll_spread,0.6713286713286714,0.13739999999999997,,,,0.5556617647058822
snap_hyper__qbin,bin,roll_entropy,0.6853146853146853,0.11299999999999999,,,,0.5556617647058822
snap_hyper__qbin,bin,roll_bp_lf,0.6853146853146853,0.11299999999999999,,,,0.5556617647058822
snap_hyper__qbin,bin,roll_bp_mf,0.6643356643356644,0.15259999999999996,,,,0.5828472222222221
snap_hyper__qbin,bin,roll_bp_hf,0.6503496503496503,0.2056,,,,0.6352808988764045
snap_hyper__qbin,bin,yaw_mean,0.4755244755244755,0.8132,,,,0.8735546875
snap_hyper__qbin,bin,yaw_std,0.3006993006993007,0.08819999999999995,,,,0.5556617647058822
snap_hyper__qbin,bin,yaw_var,0.3006993006993007,0.08819999999999995,,,,0.5556617647058822
snap_hyper__qbin,bin,yaw_rms,0.3146853146853147,0.11299999999999999,,,,0.5556617647058822
snap_hyper__qbin,bin,yaw_min,0.5664335664335665,0.558,,,,0.795077720207254
snap_hyper__qbin,bin,yaw_max,0.4755244755244755,0.8132,,,,0.8735546875
snap_hyper__qbin,bin,yaw_range,0.45454545454545453,0.6804,,,,0.8418725099601594
snap_hyper__qbin,bin,yaw_median,0.42657342657342656,0.52,,,,0.7900552486187845
snap_hyper__qbin,bin,yaw_iqr,0.32867132867132864,0.13739999999999997,,,,0.5556617647058822
snap_hyper__qbin,bin,yaw_mad,0.3146853146853147,0.11299999999999999,,,,0.5556617647058822
snap_hyper__qbin,bin,yaw_skew,0.5734265734265734,0.52,,,,0.7900552486187845
snap_hyper__qbin,bin,yaw_kurt,0.6713286713286714,0.13739999999999997,,,,0.5556617647058822
snap_hyper__qbin,bin,yaw_zcr,0.6013986013986014,0.3922,,,,0.7595422535211268
snap_hyper__qbin,bin,yaw_madiff,0.46853146853146854,0.7684,,,,0.8418725099601594
snap_hyper__qbin,bin,yaw_domfreq,0.5734265734265734,0.52,,,,0.7900552486187845
snap_hyper__qbin,bin,yaw_centroid,0.4965034965034965,0.9762,,,,0.9797627737226277
snap_hyper__qbin,bin,yaw_spread,0.46853146853146854,0.7684,,,,0.8418725099601594
snap_hyper__qbin,bin,yaw_entropy,0.5734265734265734,0.52,,,,0.7900552486187845
snap_hyper__qbin,bin,yaw_bp_lf,0.5244755244755245,0.8132,,,,0.8735546875
snap_hyper__qbin,bin,yaw_bp_mf,0.45454545454545453,0.6804,,,,0.8418725099601594
snap_hyper__qbin,bin,yaw_bp_hf,0.46853146853146854,0.7684,,,,0.8418725099601594
snap_hyper__qbin,bin,jerk_mean,0.46853146853146854,0.7684,,,,0.8418725099601594
snap_hyper__qbin,bin,jerk_std,0.44755244755244755,0.6434,,,,0.8418725099601594
snap_hyper__qbin,bin,jerk_var,0.44755244755244755,0.6434,,,,0.8418725099601594
snap_hyper__qbin,bin,jerk_rms,0.44755244755244755,0.6434,,,,0.8418725099601594
snap_hyper__qbin,bin,jerk_min,0.5384615384615384,0.7236,,,,0.8418725099601594
snap_hyper__qbin,bin,jerk_max,0.43356643356643354,0.558,,,,0.795077720207254
snap_hyper__qbin,bin,jerk_range,0.46853146853146854,0.7684,,,,0.8418725099601594
snap_hyper__qbin,bin,jerk_median,0.5,1.0,,,,1.0
snap_hyper__qbin,bin,jerk_iqr,0.7202797202797203,0.057599999999999985,,,,0.5556617647058822
snap_hyper__qbin,bin,jerk_mad,0.7202797202797203,0.057599999999999985,,,,0.5556617647058822
snap_hyper__qbin,bin,jerk_skew,0.5734265734265734,0.52,,,,0.7900552486187845
snap_hyper__qbin,bin,jerk_kurt,0.5174825174825175,0.8572,,,,0.9031800766283524
snap_hyper__qbin,bin,jerk_zcr,0.3706293706293706,0.26339999999999997,,,,0.6706944444444444
snap_hyper__qbin,bin,jerk_madiff,0.46853146853146854,0.7684,,,,0.8418725099601594
snap_hyper__qbin,bin,jerk_domfreq,0.6573426573426573,0.18220000000000003,,,,0.6185802469135804
snap_hyper__qbin,bin,jerk_centroid,0.6433566433566433,0.2156,,,,0.6375268817204301
snap_hyper__qbin,bin,jerk_spread,0.6083916083916084,0.346,,,,0.7154135338345864
snap_hyper__qbin,bin,jerk_entropy,0.6783216783216783,0.12460000000000004,,,,0.5556617647058822
snap_hyper__qbin,bin,jerk_bp_lf,0.6993006993006993,0.09419999999999995,,,,0.5556617647058822
snap_hyper__qbin,bin,jerk_bp_mf,0.3146853146853147,0.11299999999999999,,,,0.5556617647058822
snap_hyper__qbin,bin,jerk_bp_hf,0.6083916083916084,0.346,,,,0.7154135338345864
snap_hyper__qbin,bin,actfrac_p50,0.4020979020979021,0.40900000000000003,,,,0.7703767123287671
snap_hyper__qbin,bin,switchmin_p50,0.7342657342657343,0.043399999999999994,,,,0.5556617647058822
snap_hyper__qbin,bin,actbout_med_p50,0.3531468531468531,0.2156,,,,0.6375268817204301
snap_hyper__qbin,bin,actbout_cv_p50,0.32167832167832167,0.12460000000000004,,,,0.5556617647058822
snap_hyper__qbin,bin,actshort_p50,0.6713286713286714,0.13739999999999997,,,,0.5556617647058822
snap_hyper__qbin,bin,actfrac_p75,0.7342657342657343,0.043399999999999994,,,,0.5556617647058822
snap_hyper__qbin,bin,switchmin_p75,0.6923076923076923,0.09999999999999998,,,,0.5556617647058822
snap_hyper__qbin,bin,actbout_med_p75,0.3741258741258741,0.2904,,,,0.6710924369747899
snap_hyper__qbin,bin,actbout_cv_p75,0.4195804195804196,0.48660000000000003,,,,0.7900552486187845
snap_hyper__qbin,bin,actshort_p75,0.6783216783216783,0.12460000000000004,,,,0.5556617647058822
snap_hyper__qbin,bin,actfrac_p90,0.6573426573426573,0.18220000000000003,,,,0.6185802469135804
snap_hyper__qbin,bin,switchmin_p90,0.5594405594405595,0.6002000000000001,,,,0.8378426395939087
snap_hyper__qbin,bin,actbout_med_p90,0.46853146853146854,0.7684,,,,0.8418725099601594
snap_hyper__qbin,bin,actbout_cv_p90,0.44755244755244755,0.6434,,,,0.8418725099601594
snap_hyper__qbin,bin,actshort_p90,0.5244755244755245,0.8132,,,,0.8735546875
snap_hyper__qbin,bin,switch_per_min,0.7272727272727273,0.0494,,,,0.5556617647058822
snap_hyper__qbin,bin,act_bout_median,0.2727272727272727,0.0494,,,,0.5556617647058822
snap_hyper__qbin,bin,stl_bout_median,0.493006993006993,0.9486,,,,0.9626014760147602
snap_hyper__qbin,bin,act_bout_cv,0.6013986013986014,0.3922,,,,0.7595422535211268
snap_hyper__qbin,bin,stl_bout_cv,0.3776223776223776,0.2904,,,,0.6710924369747899
snap_hyper__qbin,bin,frac_act_short,0.6853146853146853,0.11299999999999999,,,,0.5556617647058822
snap_hyper__qbin,bin,within_win_sd,0.5174825174825175,0.8572,,,,0.9031800766283524
snap_hyper__qbin,bin,mag_median,0.5874125874125874,0.4464,,,,0.786923076923077
snap_odd__qbin,bin,uaX_mean,0.5851851851851851,0.48360000000000003,,,,0.8246820809248554
snap_odd__qbin,bin,uaX_std,0.37037037037037035,0.2782,,,,0.7727777777777778
snap_odd__qbin,bin,uaX_var,0.37037037037037035,0.2782,,,,0.7727777777777778
snap_odd__qbin,bin,uaX_rms,0.37777777777777777,0.30820000000000003,,,,0.8058695652173913
snap_odd__qbin,bin,uaX_min,0.5925925925925926,0.4498,,,,0.8246820809248554
snap_odd__qbin,bin,uaX_max,0.5851851851851851,0.48360000000000003,,,,0.8246820809248554
snap_odd__qbin,bin,uaX_range,0.5037037037037037,0.9798,,,,0.9833759124087591
snap_odd__qbin,bin,uaX_median,0.562962962962963,0.5804,,,,0.8356796116504854
snap_odd__qbin,bin,uaX_iqr,0.5555555555555556,0.626,,,,0.8356796116504854
snap_odd__qbin,bin,uaX_mad,0.5851851851851851,0.48360000000000003,,,,0.8246820809248554
snap_odd__qbin,bin,uaX_skew,0.7407407407407407,0.04700000000000004,,,,0.7631249999999998
snap_odd__qbin,bin,uaX_kurt,0.5925925925925926,0.4498,,,,0.8246820809248554
snap_odd__qbin,bin,uaX_zcr,0.5333333333333333,0.7598,,,,0.9006250000000001
snap_odd__qbin,bin,uaX_madiff,0.4222222222222222,0.5024,,,,0.8246820809248554
snap_odd__qbin,bin,uaX_domfreq,0.4074074074074074,0.42900000000000005,,,,0.8246820809248554
snap_odd__qbin,bin,uaX_centroid,0.5185185185185185,0.8808,,,,0.9424902723735409
snap_odd__qbin,bin,uaX_spread,0.5777777777777777,0.5187999999999999,,,,0.8246820809248554
snap_odd__qbin,bin,uaX_entropy,0.6370370370370371,0.24980000000000002,,,,0.7727777777777778
snap_odd__qbin,bin,uaX_bp_lf,0.4,0.3954,,,,0.8175563909774436
snap_odd__qbin,bin,uaX_bp_mf,0.562962962962963,0.5804,,,,0.8356796116504854
snap_odd__qbin,bin,uaX_bp_hf,0.5555555555555556,0.626,,,,0.8356796116504854
snap_odd__qbin,bin,uaY_mean,0.35555555555555557,0.2378,,,,0.7727777777777778
snap_odd__qbin,bin,uaY_std,0.4222222222222222,0.5024,,,,0.8246820809248554
snap_odd__qbin,bin,uaY_var,0.4222222222222222,0.5024,,,,0.8246820809248554
snap_odd__qbin,bin,uaY_rms,0.4,0.3954,,,,0.8175563909774436
snap_odd__qbin,bin,uaY_min,0.5925925925925926,0.4498,,,,0.8246820809248554
snap_odd__qbin,bin,uaY_max,0.5259259259259259,0.8094,,,,0.9122336065573771
snap_odd__qbin,bin,uaY_range,0.42962962962962964,0.5611999999999999,,,,0.8356796116504854
snap_odd__qbin,bin,uaY_median,0.6148148148148148,0.33699999999999997,,,,0.8058695652173913
snap_odd__qbin,bin,uaY_iqr,0.5555555555555556,0.626,,,,0.8356796116504854
snap_odd__qbin,bin,uaY_mad,0.5851851851851851,0.48360000000000003,,,,0.8246820809248554
snap_odd__qbin,bin,uaY_skew,0.3851851851851852,0.33699999999999997,,,,0.8058695652173913
snap_odd__qbin,bin,uaY_kurt,0.45185185185185184,0.6674,,,,0.8536511627906976
snap_odd__qbin,bin,uaY_zcr,0.5851851851851851,0.48360000000000003,,,,0.8246820809248554
snap_odd__qbin,bin,uaY_madiff,0.5111111111111111,0.9298,,,,0.9576591760299625
snap_odd__qbin,bin,uaY_domfreq,0.5333333333333333,0.7598,,,,0.9006250000000001
snap_odd__qbin,bin,uaY_centroid,0.5925925925925926,0.4498,,,,0.8246820809248554
snap_odd__qbin,bin,uaY_spread,0.5777777777777777,0.5187999999999999,,,,0.8246820809248554
snap_odd__qbin,bin,uaY_entropy,0.6074074074074074,0.36860000000000004,,,,0.8175563909774436
snap_odd__qbin,bin,uaY_bp_lf,0.5703703703703704,0.5394,,,,0.8333426966292136
snap_odd__qbin,bin,uaY_bp_mf,0.5925925925925926,0.4498,,,,0.8246820809248554
snap_odd__qbin,bin,uaY_bp_hf,0.5851851851851851,0.48360000000000003,,,,0.8246820809248554
snap_odd__qbin,bin,uaZ_mean,0.4,0.3954,,,,0.8175563909774436
snap_odd__qbin,bin,uaZ_std,0.3333333333333333,0.16459999999999997,,,,0.7727777777777778
snap_odd__qbin,bin,uaZ_var,0.3333333333333333,0.16459999999999997,,,,0.7727777777777778
snap_odd__qbin,bin,uaZ_rms,0.34074074074074073,0.18479999999999996,,,,0.7727777777777778
snap_odd__qbin,bin,uaZ_min,0.45185185185185184,0.6674,,,,0.8536511627906976
snap_odd__qbin,bin,uaZ_max,0.48148148148148145,0.8576,,,,0.9424902723735409
snap_odd__qbin,bin,uaZ_range,0.5111111111111111,0.9298,,,,0.9576591760299625
snap_odd__qbin,bin,uaZ_median,0.6,0.3954,,,,0.8175563909774436
snap_odd__qbin,bin,uaZ_iqr,0.5555555555555556,0.626,,,,0.8356796116504854
snap_odd__qbin,bin,uaZ_mad,0.5777777777777777,0.5187999999999999,,,,0.8246820809248554
snap_odd__qbin,bin,uaZ_skew,0.3925925925925926,0.36860000000000004,,,,0.8175563909774436
snap_odd__qbin,bin,uaZ_kurt,0.6,0.3954,,,,0.8175563909774436
snap_odd__qbin,bin,uaZ_zcr,0.7037037037037037,0.08860000000000001,,,,0.7631249999999998
snap_odd__qbin,bin,uaZ_madiff,0.4,0.3954,,,,0.8175563909774436
snap_odd__qbin,bin,uaZ_domfreq,0.4074074074074074,0.42900000000000005,,,,0.8246820809248554
snap_odd__qbin,bin,uaZ_centroid,0.6592592592592592,0.19420000000000004,,,,0.7727777777777778
snap_odd__qbin,bin,uaZ_spread,0.6962962962962963,0.1028,,,,0.7631249999999998
snap_odd__qbin,bin,uaZ_entropy,0.7703703703703704,0.0232,,,,0.7631249999999998
snap_odd__qbin,bin,uaZ_bp_lf,0.34814814814814815,0.21399999999999997,,,,0.7727777777777778
snap_odd__qbin,bin,uaZ_bp_mf,0.6962962962962963,0.1028,,,,0.7631249999999998
snap_odd__qbin,bin,uaZ_bp_hf,0.7111111111111111,0.07820000000000005,,,,0.7631249999999998
snap_odd__qbin,bin,uaMag_mean,0.43703703703703706,0.6038,,,,0.8356796116504854
snap_odd__qbin,bin,uaMag_std,0.34814814814814815,0.21399999999999997,,,,0.7727777777777778
snap_odd__qbin,bin,uaMag_var,0.34814814814814815,0.21399999999999997,,,,0.7727777777777778
snap_odd__qbin,bin,uaMag_rms,0.362962962962963,0.26559999999999995,,,,0.7727777777777778
snap_odd__qbin,bin,uaMag_min,0.6592592592592592,0.19420000000000004,,,,0.7727777777777778
snap_odd__qbin,bin,uaMag_max,0.4888888888888889,0.907,,,,0.9520038167938931
snap_odd__qbin,bin,uaMag_range,0.4888888888888889,0.907,,,,0.9520038167938931
snap_odd__qbin,bin,uaMag_median,0.5333333333333333,0.7598,,,,0.9006250000000001
snap_odd__qbin,bin,uaMag_iqr,0.2962962962962963,0.08860000000000001,,,,0.7631249999999998
snap_odd__qbin,bin,uaMag_mad,0.43703703703703706,0.6038,,,,0.8356796116504854
snap_odd__qbin,bin,uaMag_skew,0.5703703703703704,0.5394,,,,0.8333426966292136
snap_odd__qbin,bin,uaMag_kurt,0.5407407407407407,0.7134,,,,0.8837162162162162
snap_odd__qbin,bin,uaMag_zcr,0.674074074074074,0.14659999999999995,,,,0.7727777777777778
snap_odd__qbin,bin,uaMag_madiff,0.45185185185185184,0.6674,,,,0.8536511627906976
snap_odd__qbin,bin,uaMag_domfreq,0.5555555555555556,0.626,,,,0.8356796116504854
snap_odd__qbin,bin,uaMag_centroid,0.7185185185185186,0.06620000000000004,,,,0.7631249999999998
snap_odd__qbin,bin,uaMag_spread,0.7481481481481481,0.03859999999999997,,,,0.7631249999999998
snap_odd__qbin,bin,uaMag_entropy,0.7037037037037037,0.08860000000000001,,,,0.7631249999999998
snap_odd__qbin,bin,uaMag_bp_lf,0.7185185185185186,0.06620000000000004,,,,0.7631249999999998
snap_odd__qbin,bin,uaMag_bp_mf,0.6074074074074074,0.36860000000000004,,,,0.8175563909774436
snap_odd__qbin,bin,uaMag_bp_hf,0.7333333333333333,0.054400000000000004,,,,0.7631249999999998
snap_odd__qbin,bin,gyX_mean,0.4074074074074074,0.42900000000000005,,,,0.8246820809248554
snap_odd__qbin,bin,gyX_std,0.6666666666666666,0.17479999999999996,,,,0.7727777777777778
snap_odd__qbin,bin,gyX_var,0.6666666666666666,0.17479999999999996,,,,0.7727777777777778
snap_odd__qbin,bin,gyX_rms,0.6666666666666666,0.17479999999999996,,,,0.7727777777777778
snap_odd__qbin,bin,gyX_min,0.3925925925925926,0.36860000000000004,,,,0.8175563909774436
snap_odd__qbin,bin,gyX_max,0.3333333333333333,0.16459999999999997,,,,0.7727777777777778
snap_odd__qbin,bin,gyX_range,0.5259259259259259,0.8094,,,,0.9122336065573771
snap_odd__qbin,bin,gyX_median,0.4740740740740741,0.8094,,,,0.9122336065573771
snap_odd__qbin,bin,gyX_iqr,0.6592592592592592,0.19420000000000004,,,,0.7727777777777778
snap_odd__qbin,bin,gyX_mad,0.6592592592592592,0.19420000000000004,,,,0.7727777777777778
snap_odd__qbin,bin,gyX_skew,0.362962962962963,0.26559999999999995,,,,0.7727777777777778
snap_odd__qbin,bin,gyX_kurt,0.4222222222222222,0.5024,,,,0.8246820809248554
snap_odd__qbin,bin,gyX_zcr,0.6888888888888889,0.11099999999999999,,,,0.7631249999999998
snap_odd__qbin,bin,gyX_madiff,0.6814814814814815,0.12980000000000003,,,,0.7727777777777778
snap_odd__qbin,bin,gyX_domfreq,0.4740740740740741,0.8094,,,,0.9122336065573771
snap_odd__qbin,bin,gyX_centroid,0.4962962962962963,0.9554,,,,0.9695018450184503
snap_odd__qbin,bin,gyX_spread,0.48148148148148145,0.8576,,,,0.9424902723735409
snap_odd__qbin,bin,gyX_entropy,0.5185185185185185,0.8808,,,,0.9424902723735409
snap_odd__qbin,bin,gyX_bp_lf,0.45925925925925926,0.7134,,,,0.8837162162162162
snap_odd__qbin,bin,gyX_bp_mf,0.5851851851851851,0.48360000000000003,,,,0.8246820809248554
snap_odd__qbin,bin,gyX_bp_hf,0.4074074074074074,0.42900000000000005,,,,0.8246820809248554
snap_odd__qbin,bin,gyY_mean,0.6814814814814815,0.12980000000000003,,,,0.7727777777777778
snap_odd__qbin,bin,gyY_std,0.362962962962963,0.26559999999999995,,,,0.7727777777777778
snap_odd__qbin,bin,gyY_var,0.362962962962963,0.26559999999999995,,,,0.7727777777777778
snap_odd__qbin,bin,gyY_rms,0.362962962962963,0.26559999999999995,,,,0.7727777777777778
snap_odd__qbin,bin,gyY_min,0.4074074074074074,0.42900000000000005,,,,0.8246820809248554
snap_odd__qbin,bin,gyY_max,0.3851851851851852,0.33699999999999997,,,,0.8058695652173913
snap_odd__qbin,bin,gyY_range,0.5037037037037037,0.9798,,,,0.9833759124087591
snap_odd__qbin,bin,gyY_median,0.7481481481481481,0.03859999999999997,,,,0.7631249999999998
snap_odd__qbin,bin,gyY_iqr,0.5777777777777777,0.5187999999999999,,,,0.8246820809248554
snap_odd__qbin,bin,gyY_mad,0.5777777777777777,0.5187999999999999,,,,0.8246820809248554
snap_odd__qbin,bin,gyY_skew,0.45925925925925926,0.7134,,,,0.8837162162162162
snap_odd__qbin,bin,gyY_kurt,0.4148148148148148,0.4658,,,,0.8246820809248554
snap_odd__qbin,bin,gyY_zcr,0.5185185185185185,0.8808,,,,0.9424902723735409
snap_odd__qbin,bin,gyY_madiff,0.43703703703703706,0.6038,,,,0.8356796116504854
snap_odd__qbin,bin,gyY_domfreq,0.5777777777777777,0.5187999999999999,,,,0.8246820809248554
snap_odd__qbin,bin,gyY_centroid,0.4148148148148148,0.4658,,,,0.8246820809248554
snap_odd__qbin,bin,gyY_spread,0.45185185185185184,0.6674,,,,0.8536511627906976
snap_odd__qbin,bin,gyY_entropy,0.4444444444444444,0.626,,,,0.8356796116504854
snap_odd__qbin,bin,gyY_bp_lf,0.4444444444444444,0.626,,,,0.8356796116504854
snap_odd__qbin,bin,gyY_bp_mf,0.4222222222222222,0.5024,,,,0.8246820809248554
snap_odd__qbin,bin,gyY_bp_hf,0.4666666666666667,0.7598,,,,0.9006250000000001
snap_odd__qbin,bin,gyZ_mean,0.25925925925925924,0.04179999999999995,,,,0.7631249999999998
snap_odd__qbin,bin,gyZ_std,0.48148148148148145,0.8576,,,,0.9424902723735409
snap_odd__qbin,bin,gyZ_var,0.48148148148148145,0.8576,,,,0.9424902723735409
snap_odd__qbin,bin,gyZ_rms,0.48148148148148145,0.8576,,,,0.9424902723735409
snap_odd__qbin,bin,gyZ_min,0.4888888888888889,0.907,,,,0.9520038167938931
snap_odd__qbin,bin,gyZ_max,0.5111111111111111,0.9298,,,,0.9576591760299625
snap_odd__qbin,bin,gyZ_range,0.5111111111111111,0.9298,,,,0.9576591760299625
snap_odd__qbin,bin,gyZ_median,0.37777777777777777,0.30820000000000003,,,,0.8058695652173913
snap_odd__qbin,bin,gyZ_iqr,0.6148148148148148,0.33699999999999997,,,,0.8058695652173913
snap_odd__qbin,bin,gyZ_mad,0.6148148148148148,0.33699999999999997,,,,0.8058695652173913
snap_odd__qbin,bin,gyZ_skew,0.4,0.3954,,,,0.8175563909774436
snap_odd__qbin,bin,gyZ_kurt,0.45925925925925926,0.7134,,,,0.8837162162162162
snap_odd__qbin,bin,gyZ_zcr,0.5037037037037037,0.9798,,,,0.9833759124087591
snap_odd__qbin,bin,gyZ_madiff,0.45185185185185184,0.6674,,,,0.8536511627906976
snap_odd__qbin,bin,gyZ_domfreq,0.2518518518518518,0.03639999999999999,,,,0.7631249999999998
snap_odd__qbin,bin,gyZ_centroid,0.31851851851851853,0.12980000000000003,,,,0.7727777777777778
snap_odd__qbin,bin,gyZ_spread,0.37777777777777777,0.30820000000000003,,,,0.8058695652173913
snap_odd__qbin,bin,gyZ_entropy,0.3333333333333333,0.16459999999999997,,,,0.7727777777777778
snap_odd__qbin,bin,gyZ_bp_lf,0.4888888888888889,0.907,,,,0.9520038167938931
snap_odd__qbin,bin,gyZ_bp_mf,0.362962962962963,0.26559999999999995,,,,0.7727777777777778
snap_odd__qbin,bin,gyZ_bp_hf,0.4,0.3954,,,,0.8175563909774436
snap_odd__qbin,bin,gyMag_mean,0.5777777777777777,0.5187999999999999,,,,0.8246820809248554
snap_odd__qbin,bin,gyMag_std,0.562962962962963,0.5804,,,,0.8356796116504854
snap_odd__qbin,bin,gyMag_var,0.562962962962963,0.5804,,,,0.8356796116504854
snap_odd__qbin,bin,gyMag_rms,0.6,0.3954,,,,0.8175563909774436
snap_odd__qbin,bin,gyMag_min,0.5777777777777777,0.5187999999999999,,,,0.8246820809248554
snap_odd__qbin,bin,gyMag_max,0.3851851851851852,0.33699999999999997,,,,0.8058695652173913
snap_odd__qbin,bin,gyMag_range,0.3851851851851852,0.33699999999999997,,,,0.8058695652173913
snap_odd__qbin,bin,gyMag_median,0.6370370370370371,0.24980000000000002,,,,0.7727777777777778
snap_odd__qbin,bin,gyMag_iqr,0.4222222222222222,0.5024,,,,0.8246820809248554
snap_odd__qbin,bin,gyMag_mad,0.4444444444444444,0.626,,,,0.8356796116504854
snap_odd__qbin,bin,gyMag_skew,0.5259259259259259,0.8094,,,,0.9122336065573771
snap_odd__qbin,bin,gyMag_kurt,0.5333333333333333,0.7598,,,,0.9006250000000001
snap_odd__qbin,bin,gyMag_zcr,0.7111111111111111,0.07820000000000005,,,,0.7631249999999998
snap_odd__qbin,bin,gyMag_madiff,0.6666666666666666,0.17479999999999996,,,,0.7727777777777778
snap_odd__qbin,bin,gyMag_domfreq,0.5851851851851851,0.48360000000000003,,,,0.8246820809248554
snap_odd__qbin,bin,gyMag_centroid,0.725925925925926,0.05800000000000005,,,,0.7631249999999998
snap_odd__qbin,bin,gyMag_spread,0.7407407407407407,0.04700000000000004,,,,0.7631249999999998
snap_odd__qbin,bin,gyMag_entropy,0.7037037037037037,0.08860000000000001,,,,0.7631249999999998
snap_odd__qbin,bin,gyMag_bp_lf,0.6444444444444445,0.22540000000000004,,,,0.7727777777777778
snap_odd__qbin,bin,gyMag_bp_mf,0.7777777777777778,0.01959999999999995,,,,0.7631249999999998
snap_odd__qbin,bin,gyMag_bp_hf,0.7185185185185186,0.06620000000000004,,,,0.7631249999999998
snap_odd__qbin,bin,pitch_mean,0.5259259259259259,0.8094,,,,0.9122336065573771
snap_odd__qbin,bin,pitch_std,0.6370370370370371,0.24980000000000002,,,,0.7727777777777778
snap_odd__qbin,bin,pitch_var,0.6370370370370371,0.24980000000000002,,,,0.7727777777777778
snap_odd__qbin,bin,pitch_rms,0.4962962962962963,0.9554,,,,0.9695018450184503
snap_odd__qbin,bin,pitch_min,0.6296296296296297,0.2782,,,,0.7727777777777778
snap_odd__qbin,bin,pitch_max,0.5185185185185185,0.8808,,,,0.9424902723735409
snap_odd__qbin,bin,pitch_range,0.5259259259259259,0.8094,,,,0.9122336065573771
snap_odd__qbin,bin,pitch_median,0.5259259259259259,0.8094,,,,0.9122336065573771
snap_odd__qbin,bin,pitch_iqr,0.562962962962963,0.5804,,,,0.8356796116504854
snap_odd__qbin,bin,pitch_mad,0.5259259259259259,0.8094,,,,0.9122336065573771
snap_odd__qbin,bin,pitch_skew,0.4074074074074074,0.42900000000000005,,,,0.8246820809248554
snap_odd__qbin,bin,pitch_kurt,0.3333333333333333,0.16459999999999997,,,,0.7727777777777778
snap_odd__qbin,bin,pitch_zcr,0.5407407407407407,0.7134,,,,0.8837162162162162
snap_odd__qbin,bin,pitch_madiff,0.6222222222222222,0.30820000000000003,,,,0.8058695652173913
snap_odd__qbin,bin,pitch_domfreq,0.34074074074074073,0.18479999999999996,,,,0.7727777777777778
snap_odd__qbin,bin,pitch_centroid,0.5555555555555556,0.626,,,,0.8356796116504854
snap_odd__qbin,bin,pitch_spread,0.48148148148148145,0.8576,,,,0.9424902723735409
snap_odd__qbin,bin,pitch_entropy,0.562962962962963,0.5804,,,,0.8356796116504854
snap_odd__qbin,bin,pitch_bp_lf,0.5925925925925926,0.4498,,,,0.8246820809248554
snap_odd__qbin,bin,pitch_bp_mf,0.45185185185185184,0.6674,,,,0.8536511627906976
snap_odd__qbin,bin,pitch_bp_hf,0.5111111111111111,0.9298,,,,0.9576591760299625
snap_odd__qbin,bin,roll_mean,0.7555555555555555,0.031200000000000006,,,,0.7631249999999998
snap_odd__qbin,bin,roll_std,0.4444444444444444,0.626,,,,0.8356796116504854
snap_odd__qbin,bin,roll_var,0.4444444444444444,0.626,,,,0.8356796116504854
snap_odd__qbin,bin,roll_rms,0.5703703703703704,0.5394,,,,0.8333426966292136
snap_odd__qbin,bin,roll_min,0.6,0.3954,,,,0.8175563909774436
snap_odd__qbin,bin,roll_max,0.3037037037037037,0.1028,,,,0.7631249999999998
snap_odd__qbin,bin,roll_range,0.32592592592592595,0.14659999999999995,,,,0.7727777777777778
snap_odd__qbin,bin,roll_median,0.7555555555555555,0.031200000000000006,,,,0.7631249999999998
snap_odd__qbin,bin,roll_iqr,0.3333333333333333,0.16459999999999997,,,,0.7727777777777778
snap_odd__qbin,bin,roll_mad,0.37777777777777777,0.30820000000000003,,,,0.8058695652173913
snap_odd__qbin,bin,roll_skew,0.2962962962962963,0.08860000000000001,,,,0.7631249999999998
snap_odd__qbin,bin,roll_kurt,0.6074074074074074,0.36860000000000004,,,,0.8175563909774436
snap_odd__qbin,bin,roll_zcr,0.6888888888888889,0.11099999999999999,,,,0.7631249999999998
snap_odd__qbin,bin,roll_madiff,0.5555555555555556,0.626,,,,0.8356796116504854
snap_odd__qbin,bin,roll_domfreq,0.5185185185185185,0.8808,,,,0.9424902723735409
snap_odd__qbin,bin,roll_centroid,0.6370370370370371,0.24980000000000002,,,,0.7727777777777778
snap_odd__qbin,bin,roll_spread,0.6666666666666666,0.17479999999999996,,,,0.7727777777777778
snap_odd__qbin,bin,roll_entropy,0.6444444444444445,0.22540000000000004,,,,0.7727777777777778
snap_odd__qbin,bin,roll_bp_lf,0.6296296296296297,0.2782,,,,0.7727777777777778
snap_odd__qbin,bin,roll_bp_mf,0.6666666666666666,0.17479999999999996,,,,0.7727777777777778
snap_odd__qbin,bin,roll_bp_hf,0.6444444444444445,0.22540000000000004,,,,0.7727777777777778
snap_odd__qbin,bin,yaw_mean,0.42962962962962964,0.5611999999999999,,,,0.8356796116504854
snap_odd__qbin,bin,yaw_std,0.3111111111111111,0.11099999999999999,,,,0.7631249999999998
snap_odd__qbin,bin,yaw_var,0.3111111111111111,0.11099999999999999,,,,0.7631249999999998
snap_odd__qbin,bin,yaw_rms,0.3111111111111111,0.11099999999999999,,,,0.7631249999999998
snap_odd__qbin,bin,yaw_min,0.6074074074074074,0.36860000000000004,,,,0.8175563909774436
snap_odd__qbin,bin,yaw_max,0.4444444444444444,0.626,,,,0.8356796116504854
snap_odd__qbin,bin,yaw_range,0.42962962962962964,0.5611999999999999,,,,0.8356796116504854
snap_odd__qbin,bin,yaw_median,0.4074074074074074,0.42900000000000005,,,,0.8246820809248554
snap_odd__qbin,bin,yaw_iqr,0.31851851851851853,0.12980000000000003,,,,0.7727777777777778
snap_odd__qbin,bin,yaw_mad,0.2962962962962963,0.08860000000000001,,,,0.7631249999999998
snap_odd__qbin,bin,yaw_skew,0.6074074074074074,0.36860000000000004,,,,0.8175563909774436
snap_odd__qbin,bin,yaw_kurt,0.6888888888888889,0.11099999999999999,,,,0.7631249999999998
snap_odd__qbin,bin,yaw_zcr,0.6,0.3954,,,,0.8175563909774436
snap_odd__qbin,bin,yaw_madiff,0.4962962962962963,0.9554,,,,0.9695018450184503
snap_odd__qbin,bin,yaw_domfreq,0.5925925925925926,0.4498,,,,0.8246820809248554
snap_odd__qbin,bin,yaw_centroid,0.5925925925925926,0.4498,,,,0.8246820809248554
snap_odd__qbin,bin,yaw_spread,0.5703703703703704,0.5394,,,,0.8333426966292136
snap_odd__qbin,bin,yaw_entropy,0.6296296296296297,0.2782,,,,0.7727777777777778
snap_odd__qbin,bin,yaw_bp_lf,0.5185185185185185,0.8808,,,,0.9424902723735409
snap_odd__qbin,bin,yaw_bp_mf,0.5555555555555556,0.626,,,,0.8356796116504854
snap_odd__qbin,bin,yaw_bp_hf,0.5703703703703704,0.5394,,,,0.8333426966292136
snap_odd__qbin,bin,jerk_mean,0.45925925925925926,0.7134,,,,0.8837162162162162
snap_odd__qbin,bin,jerk_std,0.4666666666666667,0.7598,,,,0.9006250000000001
snap_odd__qbin,bin,jerk_var,0.4666666666666667,0.7598,,,,0.9006250000000001
snap_odd__qbin,bin,jerk_rms,0.4666666666666667,0.7598,,,,0.9006250000000001
snap_odd__qbin,bin,jerk_min,0.4962962962962963,0.9554,,,,0.9695018450184503
snap_odd__qbin,bin,jerk_max,0.5259259259259259,0.8094,,,,0.9122336065573771
snap_odd__qbin,bin,jerk_range,0.5333333333333333,0.7598,,,,0.9006250000000001
snap_odd__qbin,bin,jerk_median,0.5,1.0,,,,1.0
snap_odd__qbin,bin,jerk_iqr,0.6296296296296297,0.2782,,,,0.7727777777777778
snap_odd__qbin,bin,jerk_mad,0.6296296296296297,0.2782,,,,0.7727777777777778
snap_odd__qbin,bin,jerk_skew,0.6666666666666666,0.17479999999999996,,,,0.7727777777777778
snap_odd__qbin,bin,jerk_kurt,0.5407407407407407,0.7134,,,,0.8837162162162162
snap_odd__qbin,bin,jerk_zcr,0.4222222222222222,0.5024,,,,0.8246820809248554
snap_odd__qbin,bin,jerk_madiff,0.45185185185185184,0.6674,,,,0.8536511627906976
snap_odd__qbin,bin,jerk_domfreq,0.6370370370370371,0.24980000000000002,,,,0.7727777777777778
snap_odd__qbin,bin,jerk_centroid,0.6888888888888889,0.11099999999999999,,,,0.7631249999999998
snap_odd__qbin,bin,jerk_spread,0.5259259259259259,0.8094,,,,0.9122336065573771
snap_odd__qbin,bin,jerk_entropy,0.6444444444444445,0.22540000000000004,,,,0.7727777777777778
snap_odd__qbin,bin,jerk_bp_lf,0.6518518518518519,0.20379999999999998,,,,0.7727777777777778
snap_odd__qbin,bin,jerk_bp_mf,0.23703703703703705,0.027000000000000024,,,,0.7631249999999998
snap_odd__qbin,bin,jerk_bp_hf,0.7185185185185186,0.06620000000000004,,,,0.7631249999999998
snap_odd__qbin,bin,actfrac_p50,0.3,0.1028,,,,0.7631249999999998
snap_odd__qbin,bin,switchmin_p50,0.6962962962962963,0.1028,,,,0.7631249999999998
snap_odd__qbin,bin,actbout_med_p50,0.3814814814814815,0.33699999999999997,,,,0.8058695652173913
snap_odd__qbin,bin,actbout_cv_p50,0.362962962962963,0.26559999999999995,,,,0.7727777777777778
snap_odd__qbin,bin,actshort_p50,0.6222222222222222,0.30820000000000003,,,,0.8058695652173913
snap_odd__qbin,bin,actfrac_p75,0.7703703703703704,0.0232,,,,0.7631249999999998
snap_odd__qbin,bin,switchmin_p75,0.6888888888888889,0.11099999999999999,,,,0.7631249999999998
snap_odd__qbin,bin,actbout_med_p75,0.3851851851851852,0.33699999999999997,,,,0.8058695652173913
snap_odd__qbin,bin,actbout_cv_p75,0.45185185185185184,0.6674,,,,0.8536511627906976
snap_odd__qbin,bin,actshort_p75,0.6592592592592592,0.19420000000000004,,,,0.7727777777777778
snap_odd__qbin,bin,actfrac_p90,0.6148148148148148,0.33699999999999997,,,,0.8058695652173913
snap_odd__qbin,bin,switchmin_p90,0.5555555555555556,0.626,,,,0.8356796116504854
snap_odd__qbin,bin,actbout_med_p90,0.4888888888888889,0.907,,,,0.9520038167938931
snap_odd__qbin,bin,actbout_cv_p90,0.562962962962963,0.5804,,,,0.8356796116504854
snap_odd__qbin,bin,actshort_p90,0.45185185185185184,0.6674,,,,0.8536511627906976
snap_odd__qbin,bin,switch_per_min,0.6592592592592592,0.19420000000000004,,,,0.7727777777777778
snap_odd__qbin,bin,act_bout_median,0.2740740740740741,0.062000000000000055,,,,0.7631249999999998
snap_odd__qbin,bin,stl_bout_median,0.5185185185185185,0.8808,,,,0.9424902723735409
snap_odd__qbin,bin,act_bout_cv,0.6296296296296297,0.2782,,,,0.7727777777777778
snap_odd__qbin,bin,stl_bout_cv,0.37037037037037035,0.2782,,,,0.7727777777777778
snap_odd__qbin,bin,frac_act_short,0.6370370370370371,0.24980000000000002,,,,0.7727777777777778
snap_odd__qbin,bin,within_win_sd,0.4740740740740741,0.8094,,,,0.9122336065573771
snap_odd__qbin,bin,mag_median,0.5333333333333333,0.7598,,,,0.9006250000000001
snap_total__qbin,bin,uaX_mean,0.6527777777777778,0.20320000000000005,,,,0.8542090395480227
snap_total__qbin,bin,uaX_std,0.3819444444444444,0.3268,,,,0.8542090395480227
snap_total__qbin,bin,uaX_var,0.3819444444444444,0.3268,,,,0.8542090395480227
snap_total__qbin,bin,uaX_rms,0.3819444444444444,0.3268,,,,0.8542090395480227
snap_total__qbin,bin,uaX_min,0.7430555555555556,0.04179999999999995,,,,0.8542090395480227
snap_total__qbin,bin,uaX_max,0.5277777777777778,0.8009999999999999,,,,0.9453862660944206
snap_total__qbin,bin,uaX_range,0.3263888888888889,0.15580000000000005,,,,0.8542090395480227
snap_total__qbin,bin,uaX_median,0.6527777777777778,0.20320000000000005,,,,0.8542090395480227
snap_total__qbin,bin,uaX_iqr,0.5833333333333334,0.48140000000000005,,,,0.8542090395480227
snap_total__qbin,bin,uaX_mad,0.5972222222222222,0.4132,,,,0.8542090395480227
snap_total__qbin,bin,uaX_skew,0.7083333333333334,0.0776,,,,0.8542090395480227
snap_total__qbin,bin,uaX_kurt,0.4722222222222222,0.8009999999999999,,,,0.9453862660944206
snap_total__qbin,bin,uaX_zcr,0.5069444444444444,0.9366,,,,0.98
snap_total__qbin,bin,uaX_madiff,0.4583333333333333,0.7081999999999999,,,,0.9274047619047618
snap_total__qbin,bin,uaX_domfreq,0.3125,0.11660000000000004,,,,0.8542090395480227
snap_total__qbin,bin,uaX_centroid,0.4166666666666667,0.49739999999999995,,,,0.8542090395480227
snap_total__qbin,bin,uaX_spread,0.4722222222222222,0.8009999999999999,,,,0.9453862660944206
snap_total__qbin,bin,uaX_entropy,0.5416666666666666,0.7332000000000001,,,,0.9317937219730943
snap_total__qbin,bin,uaX_bp_lf,0.4791666666666667,0.864,,,,0.9737704918032787
snap_total__qbin,bin,uaX_bp_mf,0.4305555555555556,0.5498000000000001,,,,0.8542090395480227
snap_total__qbin,bin,uaX_bp_hf,0.4513888888888889,0.6892,,,,0.9274047619047618
snap_total__qbin,bin,uaY_mean,0.3888888888888889,0.3648,,,,0.8542090395480227
snap_total__qbin,bin,uaY_std,0.5277777777777778,0.8009999999999999,,,,0.9453862660944206
snap_total__qbin,bin,uaY_var,0.5277777777777778,0.8009999999999999,,,,0.9453862660944206
snap_total__qbin,bin,uaY_rms,0.5069444444444444,0.9366,,,,0.98
snap_total__qbin,bin,uaY_min,0.5694444444444444,0.5498000000000001,,,,0.8542090395480227
snap_total__qbin,bin,uaY_max,0.4861111111111111,0.8854,,,,0.97785140562249
snap_total__qbin,bin,uaY_range,0.4166666666666667,0.49739999999999995,,,,0.8542090395480227
snap_total__qbin,bin,uaY_median,0.6111111111111112,0.3516,,,,0.8542090395480227
snap_total__qbin,bin,uaY_iqr,0.6041666666666666,0.395,,,,0.8542090395480227
snap_total__qbin,bin,uaY_mad,0.625,0.2994,,,,0.8542090395480227
snap_total__qbin,bin,uaY_skew,0.3680555555555556,0.2742,,,,0.8542090395480227
snap_total__qbin,bin,uaY_kurt,0.3472222222222222,0.20320000000000005,,,,0.8542090395480227
snap_total__qbin,bin,uaY_zcr,0.5555555555555556,0.6266,,,,0.8928238341968914
snap_total__qbin,bin,uaY_madiff,0.5833333333333334,0.48140000000000005,,,,0.8542090395480227
snap_total__qbin,bin,uaY_domfreq,0.5069444444444444,0.9366,,,,0.98
snap_total__qbin,bin,uaY_centroid,0.5,0.98,,,,0.98
snap_total__qbin,bin,uaY_spread,0.4375,0.5916,,,,0.8794054054054053
snap_total__qbin,bin,uaY_entropy,0.4791666666666667,0.864,,,,0.9737704918032787
snap_total__qbin,bin,uaY_bp_lf,0.6944444444444444,0.10240000000000005,,,,0.8542090395480227
snap_total__qbin,bin,uaY_bp_mf,0.4722222222222222,0.8009999999999999,,,,0.9453862660944206
snap_total__qbin,bin,uaY_bp_hf,0.4444444444444444,0.6266,,,,0.8928238341968914
snap_total__qbin,bin,uaZ_mean,0.4583333333333333,0.7081999999999999,,,,0.9274047619047618
snap_total__qbin,bin,uaZ_std,0.4166666666666667,0.49739999999999995,,,,0.8542090395480227
snap_total__qbin,bin,uaZ_var,0.4166666666666667,0.49739999999999995,,,,0.8542090395480227
snap_total__qbin,bin,uaZ_rms,0.4236111111111111,0.5166,,,,0.8542090395480227
snap_total__qbin,bin,uaZ_min,0.4791666666666667,0.864,,,,0.9737704918032787
snap_total__qbin,bin,uaZ_max,0.4027777777777778,0.4132,,,,0.8542090395480227
snap_total__qbin,bin,uaZ_range,0.4722222222222222,0.8009999999999999,,,,0.9453862660944206
snap_total__qbin,bin,uaZ_median,0.6597222222222222,0.18220000000000003,,,,0.8542090395480227
snap_total__qbin,bin,uaZ_iqr,0.5902777777777778,0.44599999999999995,,,,0.8542090395480227
snap_total__qbin,bin,uaZ_mad,0.5972222222222222,0.4132,,,,0.8542090395480227
snap_total__qbin,bin,uaZ_skew,0.3611111111111111,0.248,,,,0.8542090395480227
snap_total__qbin,bin,uaZ_kurt,0.5347222222222222,0.7556,,,,0.9317937219730943
snap_total__qbin,bin,uaZ_zcr,0.6180555555555556,0.3268,,,,0.8542090395480227
snap_total__qbin,bin,uaZ_madiff,0.4444444444444444,0.6266,,,,0.8928238341968914
snap_total__qbin,bin,uaZ_domfreq,0.3194444444444444,0.132,,,,0.8542090395480227
snap_total__qbin,bin,uaZ_centroid,0.5347222222222222,0.7556,,,,0.9317937219730943
snap_total__qbin,bin,uaZ_spread,0.5555555555555556,0.6266,,,,0.8928238341968914
snap_total__qbin,bin,uaZ_entropy,0.6319444444444444,0.2742,,,,0.8542090395480227
snap_total__qbin,bin,uaZ_bp_lf,0.4861111111111111,0.8854,,,,0.97785140562249
snap_total__qbin,bin,uaZ_bp_mf,0.5486111111111112,0.6686000000000001,,,,0.9274047619047618
snap_total__qbin,bin,uaZ_bp_hf,0.5694444444444444,0.5498000000000001,,,,0.8542090395480227
snap_total__qbin,bin,uaMag_mean,0.5,0.98,,,,0.98
snap_total__qbin,bin,uaMag_std,0.375,0.2994,,,,0.8542090395480227
snap_total__qbin,bin,uaMag_var,0.375,0.2994,,,,0.8542090395480227
snap_total__qbin,bin,uaMag_rms,0.4305555555555556,0.5498000000000001,,,,0.8542090395480227
snap_total__qbin,bin,uaMag_min,0.6875,0.11660000000000004,,,,0.8542090395480227
snap_total__qbin,bin,uaMag_max,0.375,0.2994,,,,0.8542090395480227
snap_total__qbin,bin,uaMag_range,0.375,0.2994,,,,0.8542090395480227
snap_total__qbin,bin,uaMag_median,0.5763888888888888,0.5349999999999999,,,,0.8542090395480227
snap_total__qbin,bin,uaMag_iqr,0.375,0.2994,,,,0.8542090395480227
snap_total__qbin,bin,uaMag_mad,0.4791666666666667,0.864,,,,0.9737704918032787
snap_total__qbin,bin,uaMag_skew,0.4513888888888889,0.6892,,,,0.9274047619047618
snap_total__qbin,bin,uaMag_kurt,0.4305555555555556,0.5498000000000001,,,,0.8542090395480227
snap_total__qbin,bin,uaMag_zcr,0.6458333333333334,0.2258,,,,0.8542090395480227
snap_total__qbin,bin,uaMag_madiff,0.5069444444444444,0.9366,,,,0.98
snap_total__qbin,bin,uaMag_domfreq,0.5347222222222222,0.7556,,,,0.9317937219730943
snap_total__qbin,bin,uaMag_centroid,0.6111111111111112,0.3516,,,,0.8542090395480227
snap_total__qbin,bin,uaMag_spread,0.6597222222222222,0.18220000000000003,,,,0.8542090395480227
snap_total__qbin,bin,uaMag_entropy,0.625,0.2994,,,,0.8542090395480227
snap_total__qbin,bin,uaMag_bp_lf,0.625,0.2994,,,,0.8542090395480227
snap_total__qbin,bin,uaMag_bp_mf,0.5763888888888888,0.5349999999999999,,,,0.8542090395480227
snap_total__qbin,bin,uaMag_bp_hf,0.5972222222222222,0.4132,,,,0.8542090395480227
snap_total__qbin,bin,gyX_mean,0.3819444444444444,0.3268,,,,0.8542090395480227
snap_total__qbin,bin,gyX_std,0.5625,0.5916,,,,0.8794054054054053
snap_total__qbin,bin,gyX_var,0.5625,0.5916,,,,0.8794054054054053
snap_total__qbin,bin,gyX_rms,0.5625,0.5916,,,,0.8794054054054053
snap_total__qbin,bin,gyX_min,0.5833333333333334,0.48140000000000005,,,,0.8542090395480227
snap_total__qbin,bin,gyX_max,0.25,0.035599999999999965,,,,0.8542090395480227
snap_total__qbin,bin,gyX_range,0.3611111111111111,0.248,,,,0.8542090395480227
snap_total__qbin,bin,gyX_median,0.4027777777777778,0.4132,,,,0.8542090395480227
snap_total__qbin,bin,gyX_iqr,0.5972222222222222,0.4132,,,,0.8542090395480227
snap_total__qbin,bin,gyX_mad,0.5972222222222222,0.4132,,,,0.8542090395480227
snap_total__qbin,bin,gyX_skew,0.3333333333333333,0.1642,,,,0.8542090395480227
snap_total__qbin,bin,gyX_kurt,0.3333333333333333,0.1642,,,,0.8542090395480227
snap_total__qbin,bin,gyX_zcr,0.5763888888888888,0.5349999999999999,,,,0.8542090395480227
snap_total__qbin,bin,gyX_madiff,0.5902777777777778,0.44599999999999995,,,,0.8542090395480227
snap_total__qbin,bin,gyX_domfreq,0.3611111111111111,0.248,,,,0.8542090395480227
snap_total__qbin,bin,gyX_centroid,0.3680555555555556,0.2742,,,,0.8542090395480227
snap_total__qbin,bin,gyX_spread,0.3611111111111111,0.248,,,,0.8542090395480227
snap_total__qbin,bin,gyX_entropy,0.4236111111111111,0.5166,,,,0.8542090395480227
snap_total__qbin,bin,gyX_bp_lf,0.5555555555555556,0.6266,,,,0.8928238341968914
snap_total__qbin,bin,gyX_bp_mf,0.4583333333333333,0.7081999999999999,,,,0.9274047619047618
snap_total__qbin,bin,gyX_bp_hf,0.2916666666666667,0.08399999999999996,,,,0.8542090395480227
snap_total__qbin,bin,gyY_mean,0.7430555555555556,0.04179999999999995,,,,0.8542090395480227
snap_total__qbin,bin,gyY_std,0.4513888888888889,0.6892,,,,0.9274047619047618
snap_total__qbin,bin,gyY_var,0.4513888888888889,0.6892,,,,0.9274047619047618
snap_total__qbin,bin,gyY_rms,0.4513888888888889,0.6892,,,,0.9274047619047618
snap_total__qbin,bin,gyY_min,0.5763888888888888,0.5349999999999999,,,,0.8542090395480227
snap_total__qbin,bin,gyY_max,0.375,0.2994,,,,0.8542090395480227
snap_total__qbin,bin,gyY_range,0.3958333333333333,0.38060000000000005,,,,0.8542090395480227
snap_total__qbin,bin,gyY_median,0.8819444444444444,0.0006000000000000449,,,,0.16500000000001236
snap_total__qbin,bin,gyY_iqr,0.6388888888888888,0.261,,,,0.8542090395480227
snap_total__qbin,bin,gyY_mad,0.6319444444444444,0.2742,,,,0.8542090395480227
snap_total__qbin,bin,gyY_skew,0.4791666666666667,0.864,,,,0.9737704918032787
snap_total__qbin,bin,gyY_kurt,0.3194444444444444,0.132,,,,0.8542090395480227
snap_total__qbin,bin,gyY_zcr,0.4305555555555556,0.5498000000000001,,,,0.8542090395480227
snap_total__qbin,bin,gyY_madiff,0.4236111111111111,0.5166,,,,0.8542090395480227
snap_total__qbin,bin,gyY_domfreq,0.6319444444444444,0.2742,,,,0.8542090395480227
snap_total__qbin,bin,gyY_centroid,0.2986111111111111,0.08940000000000003,,,,0.8542090395480227
snap_total__qbin,bin,gyY_spread,0.3402777777777778,0.18220000000000003,,,,0.8542090395480227
snap_total__qbin,bin,gyY_entropy,0.3541666666666667,0.2338,,,,0.8542090395480227
snap_total__qbin,bin,gyY_bp_lf,0.5763888888888888,0.5349999999999999,,,,0.8542090395480227
snap_total__qbin,bin,gyY_bp_mf,0.2986111111111111,0.08940000000000003,,,,0.8542090395480227
snap_total__qbin,bin,gyY_bp_hf,0.3541666666666667,0.2338,,,,0.8542090395480227
snap_total__qbin,bin,gyZ_mean,0.3402777777777778,0.18220000000000003,,,,0.8542090395480227
snap_total__qbin,bin,gyZ_std,0.5,0.98,,,,0.98
snap_total__qbin,bin,gyZ_var,0.5,0.98,,,,0.98
snap_total__qbin,bin,gyZ_rms,0.5,0.98,,,,0.98
snap_total__qbin,bin,gyZ_min,0.5,0.98,,,,0.98
snap_total__qbin,bin,gyZ_max,0.375,0.2994,,,,0.8542090395480227
snap_total__qbin,bin,gyZ_range,0.4236111111111111,0.5166,,,,0.8542090395480227
snap_total__qbin,bin,gyZ_median,0.4166666666666667,0.49739999999999995,,,,0.8542090395480227
snap_total__qbin,bin,gyZ_iqr,0.6319444444444444,0.2742,,,,0.8542090395480227
snap_total__qbin,bin,gyZ_mad,0.6388888888888888,0.261,,,,0.8542090395480227
snap_total__qbin,bin,gyZ_skew,0.4236111111111111,0.5166,,,,0.8542090395480227
snap_total__qbin,bin,gyZ_kurt,0.3819444444444444,0.3268,,,,0.8542090395480227
snap_total__qbin,bin,gyZ_zcr,0.4305555555555556,0.5498000000000001,,,,0.8542090395480227
snap_total__qbin,bin,gyZ_madiff,0.4791666666666667,0.864,,,,0.9737704918032787
snap_total__qbin,bin,gyZ_domfreq,0.3819444444444444,0.3268,,,,0.8542090395480227
snap_total__qbin,bin,gyZ_centroid,0.2777777777777778,0.06020000000000003,,,,0.8542090395480227
snap_total__qbin,bin,gyZ_spread,0.2916666666666667,0.08399999999999996,,,,0.8542090395480227
snap_total__qbin,bin,gyZ_entropy,0.2847222222222222,0.06979999999999997,,,,0.8542090395480227
snap_total__qbin,bin,gyZ_bp_lf,0.5972222222222222,0.4132,,,,0.8542090395480227
snap_total__qbin,bin,gyZ_bp_mf,0.2986111111111111,0.08940000000000003,,,,0.8542090395480227
snap_total__qbin,bin,gyZ_bp_hf,0.3333333333333333,0.1642,,,,0.8542090395480227
snap_total__qbin,bin,gyMag_mean,0.5763888888888888,0.5349999999999999,,,,0.8542090395480227
snap_total__qbin,bin,gyMag_std,0.4861111111111111,0.8854,,,,0.97785140562249
snap_total__qbin,bin,gyMag_var,0.4861111111111111,0.8854,,,,0.97785140562249
snap_total__qbin,bin,gyMag_rms,0.5694444444444444,0.5498000000000001,,,,0.8542090395480227
snap_total__qbin,bin,gyMag_min,0.6180555555555556,0.3268,,,,0.8542090395480227
snap_total__qbin,bin,gyMag_max,0.3472222222222222,0.20320000000000005,,,,0.8542090395480227
snap_total__qbin,bin,gyMag_range,0.3472222222222222,0.20320000000000005,,,,0.8542090395480227
snap_total__qbin,bin,gyMag_median,0.6597222222222222,0.18220000000000003,,,,0.8542090395480227
snap_total__qbin,bin,gyMag_iqr,0.4236111111111111,0.5166,,,,0.8542090395480227
snap_total__qbin,bin,gyMag_mad,0.4791666666666667,0.864,,,,0.9737704918032787
snap_total__qbin,bin,gyMag_skew,0.4027777777777778,0.4132,,,,0.8542090395480227
snap_total__qbin,bin,gyMag_kurt,0.4027777777777778,0.4132,,,,0.8542090395480227
snap_total__qbin,bin,gyMag_zcr,0.6805555555555556,0.132,,,,0.8542090395480227
snap_total__qbin,bin,gyMag_madiff,0.6041666666666666,0.395,,,,0.8542090395480227
snap_total__qbin,bin,gyMag_domfreq,0.5833333333333334,0.48140000000000005,,,,0.8542090395480227
snap_total__qbin,bin,gyMag_centroid,0.5347222222222222,0.7556,,,,0.9317937219730943
snap_total__qbin,bin,gyMag_spread,0.5486111111111112,0.6686000000000001,,,,0.9274047619047618
snap_total__qbin,bin,gyMag_entropy,0.5555555555555556,0.6266,,,,0.8928238341968914
snap_total__qbin,bin,gyMag_bp_lf,0.5763888888888888,0.5349999999999999,,,,0.8542090395480227
snap_total__qbin,bin,gyMag_bp_mf,0.6180555555555556,0.3268,,,,0.8542090395480227
snap_total__qbin,bin,gyMag_bp_hf,0.4861111111111111,0.8854,,,,0.97785140562249
snap_total__qbin,bin,pitch_mean,0.4027777777777778,0.4132,,,,0.8542090395480227
snap_total__qbin,bin,pitch_std,0.4791666666666667,0.864,,,,0.9737704918032787
snap_total__qbin,bin,pitch_var,0.4791666666666667,0.864,,,,0.9737704918032787
snap_total__qbin,bin,pitch_rms,0.5625,0.5916,,,,0.8794054054054053
snap_total__qbin,bin,pitch_min,0.6388888888888888,0.261,,,,0.8542090395480227
snap_total__qbin,bin,pitch_max,0.4305555555555556,0.5498000000000001,,,,0.8542090395480227
snap_total__qbin,bin,pitch_range,0.4583333333333333,0.7081999999999999,,,,0.9274047619047618
snap_total__qbin,bin,pitch_median,0.3958333333333333,0.38060000000000005,,,,0.8542090395480227
snap_total__qbin,bin,pitch_iqr,0.4722222222222222,0.8009999999999999,,,,0.9453862660944206
snap_total__qbin,bin,pitch_mad,0.4305555555555556,0.5498000000000001,,,,0.8542090395480227
snap_total__qbin,bin,pitch_skew,0.4652777777777778,0.7556,,,,0.9317937219730943
snap_total__qbin,bin,pitch_kurt,0.3194444444444444,0.132,,,,0.8542090395480227
snap_total__qbin,bin,pitch_zcr,0.5416666666666666,0.7332000000000001,,,,0.9317937219730943
snap_total__qbin,bin,pitch_madiff,0.6180555555555556,0.3268,,,,0.8542090395480227
snap_total__qbin,bin,pitch_domfreq,0.4652777777777778,0.7556,,,,0.9317937219730943
snap_total__qbin,bin,pitch_centroid,0.5416666666666666,0.7332000000000001,,,,0.9317937219730943
snap_total__qbin,bin,pitch_spread,0.4583333333333333,0.7081999999999999,,,,0.9274047619047618
snap_total__qbin,bin,pitch_entropy,0.5902777777777778,0.44599999999999995,,,,0.8542090395480227
snap_total__qbin,bin,pitch_bp_lf,0.5902777777777778,0.44599999999999995,,,,0.8542090395480227
snap_total__qbin,bin,pitch_bp_mf,0.4305555555555556,0.5498000000000001,,,,0.8542090395480227
snap_total__qbin,bin,pitch_bp_hf,0.4722222222222222,0.8009999999999999,,,,0.9453862660944206
snap_total__qbin,bin,roll_mean,0.8333333333333334,0.0036000000000000476,,,,0.3987500000000019
snap_total__qbin,bin,roll_std,0.3194444444444444,0.132,,,,0.8542090395480227
snap_total__qbin,bin,roll_var,0.3194444444444444,0.132,,,,0.8542090395480227
snap_total__qbin,bin,roll_rms,0.5,0.98,,,,0.98
snap_total__qbin,bin,roll_min,0.5486111111111112,0.6686000000000001,,,,0.9274047619047618
snap_total__qbin,bin,roll_max,0.4791666666666667,0.864,,,,0.9737704918032787
snap_total__qbin,bin,roll_range,0.4375,0.5916,,,,0.8794054054054053
snap_total__qbin,bin,roll_median,0.8263888888888888,0.005199999999999982,,,,0.3987500000000019
snap_total__qbin,bin,roll_iqr,0.25,0.035599999999999965,,,,0.8542090395480227
snap_total__qbin,bin,roll_mad,0.2569444444444444,0.04179999999999995,,,,0.8542090395480227
snap_total__qbin,bin,roll_skew,0.18055555555555555,0.005800000000000027,,,,0.3987500000000019
snap_total__qbin,bin,roll_kurt,0.7430555555555556,0.04179999999999995,,,,0.8542090395480227
snap_total__qbin,bin,roll_zcr,0.7847222222222222,0.015599999999999947,,,,0.8542090395480227
snap_total__qbin,bin,roll_madiff,0.5625,0.5916,,,,0.8794054054054053
snap_total__qbin,bin,roll_domfreq,0.4444444444444444,0.6266,,,,0.8928238341968914
snap_total__qbin,bin,roll_centroid,0.6527777777777778,0.20320000000000005,,,,0.8542090395480227
snap_total__qbin,bin,roll_spread,0.6736111111111112,0.1472,,,,0.8542090395480227
snap_total__qbin,bin,roll_entropy,0.6736111111111112,0.1472,,,,0.8542090395480227
snap_total__qbin,bin,roll_bp_lf,0.6597222222222222,0.18220000000000003,,,,0.8542090395480227
snap_total__qbin,bin,roll_bp_mf,0.6597222222222222,0.18220000000000003,,,,0.8542090395480227
snap_total__qbin,bin,roll_bp_hf,0.6597222222222222,0.18220000000000003,,,,0.8542090395480227
snap_total__qbin,bin,yaw_mean,0.5347222222222222,0.7556,,,,0.9317937219730943
snap_total__qbin,bin,yaw_std,0.3819444444444444,0.3268,,,,0.8542090395480227
snap_total__qbin,bin,yaw_var,0.3819444444444444,0.3268,,,,0.8542090395480227
snap_total__qbin,bin,yaw_rms,0.3958333333333333,0.38060000000000005,,,,0.8542090395480227
snap_total__qbin,bin,yaw_min,0.5138888888888888,0.9094,,,,0.98
snap_total__qbin,bin,yaw_max,0.4930555555555556,0.9366,,,,0.98
snap_total__qbin,bin,yaw_range,0.5,0.98,,,,0.98
snap_total__qbin,bin,yaw_median,0.5,0.98,,,,0.98
snap_total__qbin,bin,yaw_iqr,0.4097222222222222,0.44599999999999995,,,,0.8542090395480227
snap_total__qbin,bin,yaw_mad,0.3819444444444444,0.3268,,,,0.8542090395480227
snap_total__qbin,bin,yaw_skew,0.5138888888888888,0.9094,,,,0.98
snap_total__qbin,bin,yaw_kurt,0.5902777777777778,0.44599999999999995,,,,0.8542090395480227
snap_total__qbin,bin,yaw_zcr,0.5694444444444444,0.5498000000000001,,,,0.8542090395480227
snap_total__qbin,bin,yaw_madiff,0.5208333333333334,0.8432,,,,0.9737704918032787
snap_total__qbin,bin,yaw_domfreq,0.5138888888888888,0.9094,,,,0.98
snap_total__qbin,bin,yaw_centroid,0.4513888888888889,0.6892,,,,0.9274047619047618
snap_total__qbin,bin,yaw_spread,0.4305555555555556,0.5498000000000001,,,,0.8542090395480227
snap_total__qbin,bin,yaw_entropy,0.5,0.98,,,,0.98
snap_total__qbin,bin,yaw_bp_lf,0.4722222222222222,0.8009999999999999,,,,0.9453862660944206
snap_total__qbin,bin,yaw_bp_mf,0.4166666666666667,0.49739999999999995,,,,0.8542090395480227
snap_total__qbin,bin,yaw_bp_hf,0.4305555555555556,0.5498000000000001,,,,0.8542090395480227
snap_total__qbin,bin,jerk_mean,0.5069444444444444,0.9366,,,,0.98
snap_total__qbin,bin,jerk_std,0.5,0.98,,,,0.98
snap_total__qbin,bin,jerk_var,0.5,0.98,,,,0.98
snap_total__qbin,bin,jerk_rms,0.5,0.98,,,,0.98
snap_total__qbin,bin,jerk_min,0.6111111111111112,0.3516,,,,0.8542090395480227
snap_total__qbin,bin,jerk_max,0.3819444444444444,0.3268,,,,0.8542090395480227
snap_total__qbin,bin,jerk_range,0.4027777777777778,0.4132,,,,0.8542090395480227
snap_total__qbin,bin,jerk_median,0.5,0.98,,,,0.98
snap_total__qbin,bin,jerk_iqr,0.6944444444444444,0.10240000000000005,,,,0.8542090395480227
snap_total__qbin,bin,jerk_mad,0.6944444444444444,0.10240000000000005,,,,0.8542090395480227
snap_total__qbin,bin,jerk_skew,0.6388888888888888,0.261,,,,0.8542090395480227
snap_total__qbin,bin,jerk_kurt,0.4513888888888889,0.6892,,,,0.9274047619047618
snap_total__qbin,bin,jerk_zcr,0.3125,0.11660000000000004,,,,0.8542090395480227
snap_total__qbin,bin,jerk_madiff,0.5069444444444444,0.9366,,,,0.98
snap_total__qbin,bin,jerk_domfreq,0.6111111111111112,0.3516,,,,0.8542090395480227
snap_total__qbin,bin,jerk_centroid,0.6458333333333334,0.2258,,,,0.8542090395480227
snap_total__qbin,bin,jerk_spread,0.6111111111111112,0.3516,,,,0.8542090395480227
snap_total__qbin,bin,jerk_entropy,0.6180555555555556,0.3268,,,,0.8542090395480227
snap_total__qbin,bin,jerk_bp_lf,0.6458333333333334,0.2258,,,,0.8542090395480227
snap_total__qbin,bin,jerk_bp_mf,0.3819444444444444,0.3268,,,,0.8542090395480227
snap_total__qbin,bin,jerk_bp_hf,0.5486111111111112,0.6686000000000001,,,,0.9274047619047618
snap_total__qbin,bin,actfrac_p50,0.3993055555555556,0.4132,,,,0.8542090395480227
snap_total__qbin,bin,switchmin_p50,0.6875,0.11660000000000004,,,,0.8542090395480227
snap_total__qbin,bin,actbout_med_p50,0.4097222222222222,0.44599999999999995,,,,0.8542090395480227
snap_total__qbin,bin,actbout_cv_p50,0.3263888888888889,0.15580000000000005,,,,0.8542090395480227
snap_total__qbin,bin,actshort_p50,0.6319444444444444,0.2742,,,,0.8542090395480227
snap_total__qbin,bin,actfrac_p75,0.7395833333333334,0.04700000000000004,,,,0.8542090395480227
snap_total__qbin,bin,switchmin_p75,0.6319444444444444,0.2742,,,,0.8542090395480227
snap_total__qbin,bin,actbout_med_p75,0.4236111111111111,0.5166,,,,0.8542090395480227
snap_total__qbin,bin,actbout_cv_p75,0.4305555555555556,0.5498000000000001,,,,0.8542090395480227
snap_total__qbin,bin,actshort_p75,0.6319444444444444,0.2742,,,,0.8542090395480227
snap_total__qbin,bin,actfrac_p90,0.6666666666666666,0.17159999999999997,,,,0.8542090395480227
snap_total__qbin,bin,switchmin_p90,0.5416666666666666,0.7332000000000001,,,,0.9317937219730943
snap_total__qbin,bin,actbout_med_p90,0.5069444444444444,0.9366,,,,0.98
snap_total__qbin,bin,actbout_cv_p90,0.4375,0.5916,,,,0.8794054054054053
snap_total__qbin,bin,actshort_p90,0.5069444444444444,0.9366,,,,0.98
snap_total__qbin,bin,switch_per_min,0.6527777777777778,0.20320000000000005,,,,0.8542090395480227
snap_total__qbin,bin,act_bout_median,0.3472222222222222,0.20320000000000005,,,,0.8542090395480227
snap_total__qbin,bin,stl_bout_median,0.4409722222222222,0.6266,,,,0.8928238341968914
snap_total__qbin,bin,act_bout_cv,0.5416666666666666,0.7332000000000001,,,,0.9317937219730943
snap_total__qbin,bin,stl_bout_cv,0.4583333333333333,0.7081999999999999,,,,0.9274047619047618
snap_total__qbin,bin,frac_act_short,0.6041666666666666,0.395,,,,0.8542090395480227
snap_total__qbin,bin,within_win_sd,0.5416666666666666,0.7332000000000001,,,,0.9317937219730943
snap_total__qbin,bin,mag_median,0.5763888888888888,0.5349999999999999,,,,0.8542090395480227
sdq_hyper__qbin,bin,uaX_mean,0.45,0.6841999999999999,,,,0.9202678571428572
sdq_hyper__qbin,bin,uaX_std,0.2714285714285714,0.05559999999999998,,,,0.8012589928057555
sdq_hyper__qbin,bin,uaX_var,0.2714285714285714,0.05559999999999998,,,,0.8012589928057555
sdq_hyper__qbin,bin,uaX_rms,0.2642857142857143,0.0524,,,,0.8012589928057555
sdq_hyper__qbin,bin,uaX_min,0.55,0.6648000000000001,,,,0.9202678571428572
sdq_hyper__qbin,bin,uaX_max,0.4642857142857143,0.7496,,,,0.9202678571428572
sdq_hyper__qbin,bin,uaX_range,0.38571428571428573,0.358,,,,0.8012589928057555
sdq_hyper__qbin,bin,uaX_median,0.45,0.6841999999999999,,,,0.9202678571428572
sdq_hyper__qbin,bin,uaX_iqr,0.38571428571428573,0.358,,,,0.8012589928057555
sdq_hyper__qbin,bin,uaX_mad,0.37857142857142856,0.31520000000000004,,,,0.8012589928057555
sdq_hyper__qbin,bin,uaX_skew,0.5928571428571429,0.43999999999999995,,,,0.8287671232876711
sdq_hyper__qbin,bin,uaX_kurt,0.5428571428571428,0.7266,,,,0.9202678571428572
sdq_hyper__qbin,bin,uaX_zcr,0.5428571428571428,0.7266,,,,0.9202678571428572
sdq_hyper__qbin,bin,uaX_madiff,0.30714285714285716,0.10699999999999998,,,,0.8012589928057555
sdq_hyper__qbin,bin,uaX_domfreq,0.4,0.405,,,,0.8012589928057555
sdq_hyper__qbin,bin,uaX_centroid,0.6285714285714286,0.28879999999999995,,,,0.8012589928057555
sdq_hyper__qbin,bin,uaX_spread,0.6285714285714286,0.28879999999999995,,,,0.8012589928057555
sdq_hyper__qbin,bin,uaX_entropy,0.6142857142857143,0.34440000000000004,,,,0.8012589928057555
sdq_hyper__qbin,bin,uaX_bp_lf,0.37142857142857144,0.28879999999999995,,,,0.8012589928057555
sdq_hyper__qbin,bin,uaX_bp_mf,0.5571428571428572,0.6242,,,,0.9130585106382979
sdq_hyper__qbin,bin,uaX_bp_hf,0.6214285714285714,0.31520000000000004,,,,0.8012589928057555
sdq_hyper__qbin,bin,uaY_mean,0.3357142857142857,0.1764,,,,0.8012589928057555
sdq_hyper__qbin,bin,uaY_std,0.37857142857142856,0.31520000000000004,,,,0.8012589928057555
sdq_hyper__qbin,bin,uaY_var,0.37857142857142856,0.31520000000000004,,,,0.8012589928057555
sdq_hyper__qbin,bin,uaY_rms,0.37142857142857144,0.28879999999999995,,,,0.8012589928057555
sdq_hyper__qbin,bin,uaY_min,0.6,0.405,,,,0.8012589928057555
sdq_hyper__qbin,bin,uaY_max,0.4785714285714286,0.8593999999999999,,,,0.9630149812734082
sdq_hyper__qbin,bin,uaY_range,0.40714285714285714,0.43999999999999995,,,,0.8287671232876711
sdq_hyper__qbin,bin,uaY_median,0.45714285714285713,0.7046,,,,0.9202678571428572
sdq_hyper__qbin,bin,uaY_iqr,0.38571428571428573,0.358,,,,0.8012589928057555
sdq_hyper__qbin,bin,uaY_mad,0.39285714285714285,0.372,,,,0.8012589928057555
sdq_hyper__qbin,bin,uaY_skew,0.5214285714285715,0.8384,,,,0.9630149812734082
sdq_hyper__qbin,bin,uaY_kurt,0.4785714285714286,0.8593999999999999,,,,0.9630149812734082
sdq_hyper__qbin,bin,uaY_zcr,0.6142857142857143,0.34440000000000004,,,,0.8012589928057555
sdq_hyper__qbin,bin,uaY_madiff,0.42142857142857143,0.5252,,,,0.8648502994011976
sdq_hyper__qbin,bin,uaY_domfreq,0.6,0.405,,,,0.8012589928057555
sdq_hyper__qbin,bin,uaY_centroid,0.6428571428571429,0.2378,,,,0.8012589928057555
sdq_hyper__qbin,bin,uaY_spread,0.55,0.6648000000000001,,,,0.9202678571428572
sdq_hyper__qbin,bin,uaY_entropy,0.55,0.6648000000000001,,,,0.9202678571428572
sdq_hyper__qbin,bin,uaY_bp_lf,0.5,0.9764,,,,0.9763999999999999
sdq_hyper__qbin,bin,uaY_bp_mf,0.5928571428571429,0.43999999999999995,,,,0.8287671232876711
sdq_hyper__qbin,bin,uaY_bp_hf,0.5642857142857143,0.5860000000000001,,,,0.8903314917127074
sdq_hyper__qbin,bin,uaZ_mean,0.3357142857142857,0.1764,,,,0.8012589928057555
sdq_hyper__qbin,bin,uaZ_std,0.3357142857142857,0.1764,,,,0.8012589928057555
sdq_hyper__qbin,bin,uaZ_var,0.3357142857142857,0.1764,,,,0.8012589928057555
sdq_hyper__qbin,bin,uaZ_rms,0.3357142857142857,0.1764,,,,0.8012589928057555
sdq_hyper__qbin,bin,uaZ_min,0.39285714285714285,0.372,,,,0.8012589928057555
sdq_hyper__qbin,bin,uaZ_max,0.39285714285714285,0.372,,,,0.8012589928057555
sdq_hyper__qbin,bin,uaZ_range,0.5285714285714286,0.7914,,,,0.9380818965517241
sdq_hyper__qbin,bin,uaZ_median,0.4928571428571429,0.935,,,,0.9630149812734082
sdq_hyper__qbin,bin,uaZ_iqr,0.38571428571428573,0.358,,,,0.8012589928057555
sdq_hyper__qbin,bin,uaZ_mad,0.38571428571428573,0.358,,,,0.8012589928057555
sdq_hyper__qbin,bin,uaZ_skew,0.2357142857142857,0.027200000000000002,,,,0.8012589928057555
sdq_hyper__qbin,bin,uaZ_kurt,0.5928571428571429,0.43999999999999995,,,,0.8287671232876711
sdq_hyper__qbin,bin,uaZ_zcr,0.5928571428571429,0.43999999999999995,,,,0.8287671232876711
sdq_hyper__qbin,bin,uaZ_madiff,0.35,0.21599999999999997,,,,0.8012589928057555
sdq_hyper__qbin,bin,uaZ_domfreq,0.4,0.405,,,,0.8012589928057555
sdq_hyper__qbin,bin,uaZ_centroid,0.6642857142857143,0.18700000000000006,,,,0.8012589928057555
sdq_hyper__qbin,bin,uaZ_spread,0.6428571428571429,0.2378,,,,0.8012589928057555
sdq_hyper__qbin,bin,uaZ_entropy,0.7,0.10060000000000002,,,,0.8012589928057555
sdq_hyper__qbin,bin,uaZ_bp_lf,0.36428571428571427,0.26559999999999995,,,,0.8012589928057555
sdq_hyper__qbin,bin,uaZ_bp_mf,0.65,0.21599999999999997,,,,0.8012589928057555
sdq_hyper__qbin,bin,uaZ_bp_hf,0.6571428571428571,0.19640000000000002,,,,0.8012589928057555
sdq_hyper__qbin,bin,uaMag_mean,0.34285714285714286,0.19640000000000002,,,,0.8012589928057555
sdq_hyper__qbin,bin,uaMag_std,0.32142857142857145,0.1512,,,,0.8012589928057555
sdq_hyper__qbin,bin,uaMag_var,0.32142857142857145,0.1512,,,,0.8012589928057555
sdq_hyper__qbin,bin,uaMag_rms,0.3142857142857143,0.12439999999999996,,,,0.8012589928057555
sdq_hyper__qbin,bin,uaMag_min,0.55,0.6648000000000001,,,,0.9202678571428572
sdq_hyper__qbin,bin,uaMag_max,0.3357142857142857,0.1764,,,,0.8012589928057555
sdq_hyper__qbin,bin,uaMag_range,0.3357142857142857,0.1764,,,,0.8012589928057555
sdq_hyper__qbin,bin,uaMag_median,0.37857142857142856,0.31520000000000004,,,,0.8012589928057555
sdq_hyper__qbin,bin,uaMag_iqr,0.32857142857142857,0.16000000000000003,,,,0.8012589928057555
sdq_hyper__qbin,bin,uaMag_mad,0.35,0.21599999999999997,,,,0.8012589928057555
sdq_hyper__qbin,bin,uaMag_skew,0.5214285714285715,0.8384,,,,0.9630149812734082
sdq_hyper__qbin,bin,uaMag_kurt,0.5,0.9764,,,,0.9763999999999999
sdq_hyper__qbin,bin,uaMag_zcr,0.4857142857142857,0.8812,,,,0.9630149812734082
sdq_hyper__qbin,bin,uaMag_madiff,0.35,0.21599999999999997,,,,0.8012589928057555
sdq_hyper__qbin,bin,uaMag_domfreq,0.55,0.6648000000000001,,,,0.9202678571428572
sdq_hyper__qbin,bin,uaMag_centroid,0.6142857142857143,0.34440000000000004,,,,0.8012589928057555
sdq_hyper__qbin,bin,uaMag_spread,0.7214285714285714,0.06579999999999997,,,,0.8012589928057555
sdq_hyper__qbin,bin,uaMag_entropy,0.4928571428571429,0.935,,,,0.9630149812734082
sdq_hyper__qbin,bin,uaMag_bp_lf,0.38571428571428573,0.358,,,,0.8012589928057555
sdq_hyper__qbin,bin,uaMag_bp_mf,0.6,0.405,,,,0.8012589928057555
sdq_hyper__qbin,bin,uaMag_bp_hf,0.6357142857142857,0.27659999999999996,,,,0.8012589928057555
sdq_hyper__qbin,bin,gyX_mean,0.5142857142857142,0.9077999999999999,,,,0.9630149812734082
sdq_hyper__qbin,bin,gyX_std,0.37857142857142856,0.31520000000000004,,,,0.8012589928057555
sdq_hyper__qbin,bin,gyX_var,0.37857142857142856,0.31520000000000004,,,,0.8012589928057555
sdq_hyper__qbin,bin,gyX_rms,0.37857142857142856,0.31520000000000004,,,,0.8012589928057555
sdq_hyper__qbin,bin,gyX_min,0.5357142857142857,0.7496,,,,0.9202678571428572
sdq_hyper__qbin,bin,gyX_max,0.37142857142857144,0.28879999999999995,,,,0.8012589928057555
sdq_hyper__qbin,bin,gyX_range,0.4357142857142857,0.5860000000000001,,,,0.8903314917127074
sdq_hyper__qbin,bin,gyX_median,0.34285714285714286,0.19640000000000002,,,,0.8012589928057555
sdq_hyper__qbin,bin,gyX_iqr,0.34285714285714286,0.19640000000000002,,,,0.8012589928057555
sdq_hyper__qbin,bin,gyX_mad,0.34285714285714286,0.19640000000000002,,,,0.8012589928057555
sdq_hyper__qbin,bin,gyX_skew,0.4142857142857143,0.48839999999999995,,,,0.8554777070063693
sdq_hyper__qbin,bin,gyX_kurt,0.5571428571428572,0.6242,,,,0.9130585106382979
sdq_hyper__qbin,bin,gyX_zcr,0.6,0.405,,,,0.8012589928057555
sdq_hyper__qbin,bin,gyX_madiff,0.38571428571428573,0.358,,,,0.8012589928057555
sdq_hyper__qbin,bin,gyX_domfreq,0.3357142857142857,0.1764,,,,0.8012589928057555
sdq_hyper__qbin,bin,gyX_centroid,0.4928571428571429,0.935,,,,0.9630149812734082
sdq_hyper__qbin,bin,gyX_spread,0.5142857142857142,0.9077999999999999,,,,0.9630149812734082
sdq_hyper__qbin,bin,gyX_entropy,0.55,0.6648000000000001,,,,0.9202678571428572
sdq_hyper__qbin,bin,gyX_bp_lf,0.42857142857142855,0.546,,,,0.8832352941176471
sdq_hyper__qbin,bin,gyX_bp_mf,0.5428571428571428,0.7266,,,,0.9202678571428572
sdq_hyper__qbin,bin,gyX_bp_hf,0.45714285714285713,0.7046,,,,0.9202678571428572
sdq_hyper__qbin,bin,gyY_mean,0.6071428571428571,0.38959999999999995,,,,0.8012589928057555
sdq_hyper__qbin,bin,gyY_std,0.42142857142857143,0.5252,,,,0.8648502994011976
sdq_hyper__qbin,bin,gyY_var,0.42142857142857143,0.5252,,,,0.8648502994011976
sdq_hyper__qbin,bin,gyY_rms,0.42142857142857143,0.5252,,,,0.8648502994011976
sdq_hyper__qbin,bin,gyY_min,0.5571428571428572,0.6242,,,,0.9130585106382979
sdq_hyper__qbin,bin,gyY_max,0.5071428571428571,0.935,,,,0.9630149812734082
sdq_hyper__qbin,bin,gyY_range,0.45714285714285713,0.7046,,,,0.9202678571428572
sdq_hyper__qbin,bin,gyY_median,0.6928571428571428,0.10699999999999998,,,,0.8012589928057555
sdq_hyper__qbin,bin,gyY_iqr,0.45714285714285713,0.7046,,,,0.9202678571428572
sdq_hyper__qbin,bin,gyY_mad,0.45,0.6841999999999999,,,,0.9202678571428572
sdq_hyper__qbin,bin,gyY_skew,0.45714285714285713,0.7046,,,,0.9202678571428572
sdq_hyper__qbin,bin,gyY_kurt,0.5,0.9764,,,,0.9763999999999999
sdq_hyper__qbin,bin,gyY_zcr,0.4857142857142857,0.8812,,,,0.9630149812734082
sdq_hyper__qbin,bin,gyY_madiff,0.3357142857142857,0.1764,,,,0.8012589928057555
sdq_hyper__qbin,bin,gyY_domfreq,0.6571428571428571,0.19640000000000002,,,,0.8012589928057555
sdq_hyper__qbin,bin,gyY_centroid,0.4142857142857143,0.48839999999999995,,,,0.8554777070063693
sdq_hyper__qbin,bin,gyY_spread,0.45,0.6841999999999999,,,,0.9202678571428572
sdq_hyper__qbin,bin,gyY_entropy,0.42142857142857143,0.5252,,,,0.8648502994011976
sdq_hyper__qbin,bin,gyY_bp_lf,0.5357142857142857,0.7496,,,,0.9202678571428572
sdq_hyper__qbin,bin,gyY_bp_mf,0.42142857142857143,0.5252,,,,0.8648502994011976
sdq_hyper__qbin,bin,gyY_bp_hf,0.45714285714285713,0.7046,,,,0.9202678571428572
sdq_hyper__qbin,bin,gyZ_mean,0.3,0.09419999999999995,,,,0.8012589928057555
sdq_hyper__qbin,bin,gyZ_std,0.32142857142857145,0.1512,,,,0.8012589928057555
sdq_hyper__qbin,bin,gyZ_var,0.32142857142857145,0.1512,,,,0.8012589928057555
sdq_hyper__qbin,bin,gyZ_rms,0.32142857142857145,0.1512,,,,0.8012589928057555
sdq_hyper__qbin,bin,gyZ_min,0.45,0.6841999999999999,,,,0.9202678571428572
sdq_hyper__qbin,bin,gyZ_max,0.42142857142857143,0.5252,,,,0.8648502994011976
sdq_hyper__qbin,bin,gyZ_range,0.4928571428571429,0.935,,,,0.9630149812734082
sdq_hyper__qbin,bin,gyZ_median,0.4,0.405,,,,0.8012589928057555
sdq_hyper__qbin,bin,gyZ_iqr,0.37857142857142856,0.31520000000000004,,,,0.8012589928057555
sdq_hyper__qbin,bin,gyZ_mad,0.38571428571428573,0.358,,,,0.8012589928057555
sdq_hyper__qbin,bin,gyZ_skew,0.4357142857142857,0.5860000000000001,,,,0.8903314917127074
sdq_hyper__qbin,bin,gyZ_kurt,0.5142857142857142,0.9077999999999999,,,,0.9630149812734082
sdq_hyper__qbin,bin,gyZ_zcr,0.6071428571428571,0.38959999999999995,,,,0.8012589928057555
sdq_hyper__qbin,bin,gyZ_madiff,0.34285714285714286,0.19640000000000002,,,,0.8012589928057555
sdq_hyper__qbin,bin,gyZ_domfreq,0.5428571428571428,0.7266,,,,0.9202678571428572
sdq_hyper__qbin,bin,gyZ_centroid,0.5142857142857142,0.9077999999999999,,,,0.9630149812734082
sdq_hyper__qbin,bin,gyZ_spread,0.5357142857142857,0.7496,,,,0.9202678571428572
sdq_hyper__qbin,bin,gyZ_entropy,0.5071428571428571,0.935,,,,0.9630149812734082
sdq_hyper__qbin,bin,gyZ_bp_lf,0.4642857142857143,0.7496,,,,0.9202678571428572
sdq_hyper__qbin,bin,gyZ_bp_mf,0.4785714285714286,0.8593999999999999,,,,0.9630149812734082
sdq_hyper__qbin,bin,gyZ_bp_hf,0.5714285714285714,0.5654,,,,0.8903314917127074
sdq_hyper__qbin,bin,gyMag_mean,0.35,0.21599999999999997,,,,0.8012589928057555
sdq_hyper__qbin,bin,gyMag_std,0.4142857142857143,0.48839999999999995,,,,0.8554777070063693
sdq_hyper__qbin,bin,gyMag_var,0.4142857142857143,0.48839999999999995,,,,0.8554777070063693
sdq_hyper__qbin,bin,gyMag_rms,0.36428571428571427,0.26559999999999995,,,,0.8012589928057555
sdq_hyper__qbin,bin,gyMag_min,0.6428571428571429,0.2378,,,,0.8012589928057555
sdq_hyper__qbin,bin,gyMag_max,0.4857142857142857,0.8812,,,,0.9630149812734082
sdq_hyper__qbin,bin,gyMag_range,0.4857142857142857,0.8812,,,,0.9630149812734082
sdq_hyper__qbin,bin,gyMag_median,0.4142857142857143,0.48839999999999995,,,,0.8554777070063693
sdq_hyper__qbin,bin,gyMag_iqr,0.3,0.09419999999999995,,,,0.8012589928057555
sdq_hyper__qbin,bin,gyMag_mad,0.35714285714285715,0.25139999999999996,,,,0.8012589928057555
sdq_hyper__qbin,bin,gyMag_skew,0.5285714285714286,0.7914,,,,0.9380818965517241
sdq_hyper__qbin,bin,gyMag_kurt,0.55,0.6648000000000001,,,,0.9202678571428572
sdq_hyper__qbin,bin,gyMag_zcr,0.4357142857142857,0.5860000000000001,,,,0.8903314917127074
sdq_hyper__qbin,bin,gyMag_madiff,0.36428571428571427,0.26559999999999995,,,,0.8012589928057555
sdq_hyper__qbin,bin,gyMag_domfreq,0.5785714285714286,0.5052,,,,0.8648502994011976
sdq_hyper__qbin,bin,gyMag_centroid,0.36428571428571427,0.26559999999999995,,,,0.8012589928057555
sdq_hyper__qbin,bin,gyMag_spread,0.4785714285714286,0.8593999999999999,,,,0.9630149812734082
sdq_hyper__qbin,bin,gyMag_entropy,0.37142857142857144,0.28879999999999995,,,,0.8012589928057555
sdq_hyper__qbin,bin,gyMag_bp_lf,0.30714285714285716,0.10699999999999998,,,,0.8012589928057555
sdq_hyper__qbin,bin,gyMag_bp_mf,0.4714285714285714,0.7914,,,,0.9380818965517241
sdq_hyper__qbin,bin,gyMag_bp_hf,0.44285714285714284,0.6242,,,,0.9130585106382979
sdq_hyper__qbin,bin,pitch_mean,0.2857142857142857,0.07320000000000004,,,,0.8012589928057555
sdq_hyper__qbin,bin,pitch_std,0.5857142857142857,0.47219999999999995,,,,0.8543092105263157
sdq_hyper__qbin,bin,pitch_var,0.5857142857142857,0.47219999999999995,,,,0.8543092105263157
sdq_hyper__qbin,bin,pitch_rms,0.7142857142857143,0.07320000000000004,,,,0.8012589928057555
sdq_hyper__qbin,bin,pitch_min,0.5428571428571428,0.7266,,,,0.9202678571428572
sdq_hyper__qbin,bin,pitch_max,0.5,0.9764,,,,0.9763999999999999
sdq_hyper__qbin,bin,pitch_range,0.5357142857142857,0.7496,,,,0.9202678571428572
sdq_hyper__qbin,bin,pitch_median,0.29285714285714287,0.08979999999999999,,,,0.8012589928057555
sdq_hyper__qbin,bin,pitch_iqr,0.5857142857142857,0.47219999999999995,,,,0.8543092105263157
sdq_hyper__qbin,bin,pitch_mad,0.5428571428571428,0.7266,,,,0.9202678571428572
sdq_hyper__qbin,bin,pitch_skew,0.6285714285714286,0.28879999999999995,,,,0.8012589928057555
sdq_hyper__qbin,bin,pitch_kurt,0.37142857142857144,0.28879999999999995,,,,0.8012589928057555
sdq_hyper__qbin,bin,pitch_zcr,0.3357142857142857,0.1764,,,,0.8012589928057555
sdq_hyper__qbin,bin,pitch_madiff,0.36428571428571427,0.26559999999999995,,,,0.8012589928057555
sdq_hyper__qbin,bin,pitch_domfreq,0.5714285714285714,0.5654,,,,0.8903314917127074
sdq_hyper__qbin,bin,pitch_centroid,0.2571428571428571,0.04500000000000004,,,,0.8012589928057555
sdq_hyper__qbin,bin,pitch_spread,0.24285714285714285,0.03300000000000003,,,,0.8012589928057555
sdq_hyper__qbin,bin,pitch_entropy,0.32142857142857145,0.1512,,,,0.8012589928057555
sdq_hyper__qbin,bin,pitch_bp_lf,0.29285714285714287,0.08979999999999999,,,,0.8012589928057555
sdq_hyper__qbin,bin,pitch_bp_mf,0.2785714285714286,0.06579999999999997,,,,0.8012589928057555
sdq_hyper__qbin,bin,pitch_bp_hf,0.2714285714285714,0.05559999999999998,,,,0.8012589928057555
sdq_hyper__qbin,bin,roll_mean,0.6642857142857143,0.18700000000000006,,,,0.8012589928057555
sdq_hyper__qbin,bin,roll_std,0.3357142857142857,0.1764,,,,0.8012589928057555
sdq_hyper__qbin,bin,roll_var,0.3357142857142857,0.1764,,,,0.8012589928057555
sdq_hyper__qbin,bin,roll_rms,0.44285714285714284,0.6242,,,,0.9130585106382979
sdq_hyper__qbin,bin,roll_min,0.5428571428571428,0.7266,,,,0.9202678571428572
sdq_hyper__qbin,bin,roll_max,0.4785714285714286,0.8593999999999999,,,,0.9630149812734082
sdq_hyper__qbin,bin,roll_range,0.42857142857142855,0.546,,,,0.8832352941176471
sdq_hyper__qbin,bin,roll_median,0.6428571428571429,0.2378,,,,0.8012589928057555
sdq_hyper__qbin,bin,roll_iqr,0.2571428571428571,0.04500000000000004,,,,0.8012589928057555
sdq_hyper__qbin,bin,roll_mad,0.30714285714285716,0.10699999999999998,,,,0.8012589928057555
sdq_hyper__qbin,bin,roll_skew,0.3,0.09419999999999995,,,,0.8012589928057555
sdq_hyper__qbin,bin,roll_kurt,0.6928571428571428,0.10699999999999998,,,,0.8012589928057555
sdq_hyper__qbin,bin,roll_zcr,0.5857142857142857,0.47219999999999995,,,,0.8543092105263157
sdq_hyper__qbin,bin,roll_madiff,0.4857142857142857,0.8812,,,,0.9630149812734082
sdq_hyper__qbin,bin,roll_domfreq,0.40714285714285714,0.43999999999999995,,,,0.8287671232876711
sdq_hyper__qbin,bin,roll_centroid,0.4357142857142857,0.5860000000000001,,,,0.8903314917127074
sdq_hyper__qbin,bin,roll_spread,0.5,0.9764,,,,0.9763999999999999
sdq_hyper__qbin,bin,roll_entropy,0.4642857142857143,0.7496,,,,0.9202678571428572
sdq_hyper__qbin,bin,roll_bp_lf,0.4357142857142857,0.5860000000000001,,,,0.8903314917127074
sdq_hyper__qbin,bin,roll_bp_mf,0.4928571428571429,0.935,,,,0.9630149812734082
sdq_hyper__qbin,bin,roll_bp_hf,0.4928571428571429,0.935,,,,0.9630149812734082
sdq_hyper__qbin,bin,yaw_mean,0.4928571428571429,0.935,,,,0.9630149812734082
sdq_hyper__qbin,bin,yaw_std,0.5214285714285715,0.8384,,,,0.9630149812734082
sdq_hyper__qbin,bin,yaw_var,0.5214285714285715,0.8384,,,,0.9630149812734082
sdq_hyper__qbin,bin,yaw_rms,0.5,0.9764,,,,0.9763999999999999
sdq_hyper__qbin,bin,yaw_min,0.32142857142857145,0.1512,,,,0.8012589928057555
sdq_hyper__qbin,bin,yaw_max,0.5571428571428572,0.6242,,,,0.9130585106382979
sdq_hyper__qbin,bin,yaw_range,0.6214285714285714,0.31520000000000004,,,,0.8012589928057555
sdq_hyper__qbin,bin,yaw_median,0.4714285714285714,0.7914,,,,0.9380818965517241
sdq_hyper__qbin,bin,yaw_iqr,0.5857142857142857,0.47219999999999995,,,,0.8543092105263157
sdq_hyper__qbin,bin,yaw_mad,0.5714285714285714,0.5654,,,,0.8903314917127074
sdq_hyper__qbin,bin,yaw_skew,0.5357142857142857,0.7496,,,,0.9202678571428572
sdq_hyper__qbin,bin,yaw_kurt,0.38571428571428573,0.358,,,,0.8012589928057555
sdq_hyper__qbin,bin,yaw_zcr,0.37142857142857144,0.28879999999999995,,,,0.8012589928057555
sdq_hyper__qbin,bin,yaw_madiff,0.39285714285714285,0.372,,,,0.8012589928057555
sdq_hyper__qbin,bin,yaw_domfreq,0.5071428571428571,0.935,,,,0.9630149812734082
sdq_hyper__qbin,bin,yaw_centroid,0.22142857142857142,0.019199999999999995,,,,0.8012589928057555
sdq_hyper__qbin,bin,yaw_spread,0.25,0.03839999999999999,,,,0.8012589928057555
sdq_hyper__qbin,bin,yaw_entropy,0.2785714285714286,0.06579999999999997,,,,0.8012589928057555
sdq_hyper__qbin,bin,yaw_bp_lf,0.2357142857142857,0.027200000000000002,,,,0.8012589928057555
sdq_hyper__qbin,bin,yaw_bp_mf,0.25,0.03839999999999999,,,,0.8012589928057555
sdq_hyper__qbin,bin,yaw_bp_hf,0.25,0.03839999999999999,,,,0.8012589928057555
sdq_hyper__qbin,bin,jerk_mean,0.4714285714285714,0.7914,,,,0.9380818965517241
sdq_hyper__qbin,bin,jerk_std,0.38571428571428573,0.358,,,,0.8012589928057555
sdq_hyper__qbin,bin,jerk_var,0.38571428571428573,0.358,,,,0.8012589928057555
sdq_hyper__qbin,bin,jerk_rms,0.38571428571428573,0.358,,,,0.8012589928057555
sdq_hyper__qbin,bin,jerk_min,0.5928571428571429,0.43999999999999995,,,,0.8287671232876711
sdq_hyper__qbin,bin,jerk_max,0.35714285714285715,0.25139999999999996,,,,0.8012589928057555
sdq_hyper__qbin,bin,jerk_range,0.38571428571428573,0.358,,,,0.8012589928057555
sdq_hyper__qbin,bin,jerk_median,0.5,0.9764,,,,0.9763999999999999
sdq_hyper__qbin,bin,jerk_iqr,0.5071428571428571,0.935,,,,0.9630149812734082
sdq_hyper__qbin,bin,jerk_mad,0.5071428571428571,0.935,,,,0.9630149812734082
sdq_hyper__qbin,bin,jerk_skew,0.5857142857142857,0.47219999999999995,,,,0.8543092105263157
sdq_hyper__qbin,bin,jerk_kurt,0.5285714285714286,0.7914,,,,0.9380818965517241
sdq_hyper__qbin,bin,jerk_zcr,0.42857142857142855,0.546,,,,0.8832352941176471
sdq_hyper__qbin,bin,jerk_madiff,0.35,0.21599999999999997,,,,0.8012589928057555
sdq_hyper__qbin,bin,jerk_domfreq,0.6,0.405,,,,0.8012589928057555
sdq_hyper__qbin,bin,jerk_centroid,0.7214285714285714,0.06579999999999997,,,,0.8012589928057555
sdq_hyper__qbin,bin,jerk_spread,0.45,0.6841999999999999,,,,0.9202678571428572
sdq_hyper__qbin,bin,jerk_entropy,0.4,0.405,,,,0.8012589928057555
sdq_hyper__qbin,bin,jerk_bp_lf,0.39285714285714285,0.372,,,,0.8012589928057555
sdq_hyper__qbin,bin,jerk_bp_mf,0.4,0.405,,,,0.8012589928057555
sdq_hyper__qbin,bin,jerk_bp_hf,0.6142857142857143,0.34440000000000004,,,,0.8012589928057555
sdq_hyper__qbin,bin,actfrac_p50,0.3357142857142857,0.1764,,,,0.8012589928057555
sdq_hyper__qbin,bin,switchmin_p50,0.5071428571428571,0.935,,,,0.9630149812734082
sdq_hyper__qbin,bin,actbout_med_p50,0.5678571428571428,0.5860000000000001,,,,0.8903314917127074
sdq_hyper__qbin,bin,actbout_cv_p50,0.5785714285714286,0.5052,,,,0.8648502994011976
sdq_hyper__qbin,bin,actshort_p50,0.5285714285714286,0.7914,,,,0.9380818965517241
sdq_hyper__qbin,bin,actfrac_p75,0.675,0.16000000000000003,,,,0.8012589928057555
sdq_hyper__qbin,bin,switchmin_p75,0.4785714285714286,0.8593999999999999,,,,0.9630149812734082
sdq_hyper__qbin,bin,actbout_med_p75,0.49642857142857144,0.9764,,,,0.9763999999999999
sdq_hyper__qbin,bin,actbout_cv_p75,0.6,0.405,,,,0.8012589928057555
sdq_hyper__qbin,bin,actshort_p75,0.4714285714285714,0.7914,,,,0.9380818965517241
sdq_hyper__qbin,bin,actfrac_p90,0.5071428571428571,0.935,,,,0.9630149812734082
sdq_hyper__qbin,bin,switchmin_p90,0.4857142857142857,0.8812,,,,0.9630149812734082
sdq_hyper__qbin,bin,actbout_med_p90,0.5821428571428572,0.5052,,,,0.8648502994011976
sdq_hyper__qbin,bin,actbout_cv_p90,0.5571428571428572,0.6242,,,,0.9130585106382979
sdq_hyper__qbin,bin,actshort_p90,0.32857142857142857,0.16000000000000003,,,,0.8012589928057555
sdq_hyper__qbin,bin,switch_per_min,0.6142857142857143,0.34440000000000004,,,,0.8012589928057555
sdq_hyper__qbin,bin,act_bout_median,0.35714285714285715,0.25139999999999996,,,,0.8012589928057555
sdq_hyper__qbin,bin,stl_bout_median,0.4642857142857143,0.7496,,,,0.9202678571428572
sdq_hyper__qbin,bin,act_bout_cv,0.5714285714285714,0.5654,,,,0.8903314917127074
sdq_hyper__qbin,bin,stl_bout_cv,0.5142857142857142,0.9077999999999999,,,,0.9630149812734082
sdq_hyper__qbin,bin,frac_act_short,0.55,0.6648000000000001,,,,0.9202678571428572
sdq_hyper__qbin,bin,within_win_sd,0.38571428571428573,0.358,,,,0.8012589928057555
sdq_hyper__qbin,bin,mag_median,0.37857142857142856,0.31520000000000004,,,,0.8012589928057555
sdq_emo__qbin,bin,uaX_mean,0.4097222222222222,0.4312,,,,0.9774
sdq_emo__qbin,bin,uaX_std,0.5486111111111112,0.6619999999999999,,,,0.9774
sdq_emo__qbin,bin,uaX_var,0.5486111111111112,0.6619999999999999,,,,0.9774
sdq_emo__qbin,bin,uaX_rms,0.5416666666666666,0.731,,,,0.9774
sdq_emo__qbin,bin,uaX_min,0.6736111111111112,0.14039999999999997,,,,0.9774
sdq_emo__qbin,bin,uaX_max,0.4166666666666667,0.488,,,,0.9774
sdq_emo__qbin,bin,uaX_range,0.3472222222222222,0.19499999999999995,,,,0.9774
sdq_emo__qbin,bin,uaX_median,0.4513888888888889,0.6819999999999999,,,,0.9774
sdq_emo__qbin,bin,uaX_iqr,0.5,0.9774,,,,0.9774
sdq_emo__qbin,bin,uaX_mad,0.4930555555555556,0.929,,,,0.9774
sdq_emo__qbin,bin,uaX_skew,0.4166666666666667,0.488,,,,0.9774
sdq_emo__qbin,bin,uaX_kurt,0.3194444444444444,0.12680000000000002,,,,0.9774
sdq_emo__qbin,bin,uaX_zcr,0.5,0.9774,,,,0.9774
sdq_emo__qbin,bin,uaX_madiff,0.5347222222222222,0.7522,,,,0.9774
sdq_emo__qbin,bin,uaX_domfreq,0.5416666666666666,0.731,,,,0.9774
sdq_emo__qbin,bin,uaX_centroid,0.4444444444444444,0.6192,,,,0.9774
sdq_emo__qbin,bin,uaX_spread,0.4305555555555556,0.5458000000000001,,,,0.9774
sdq_emo__qbin,bin,uaX_entropy,0.4305555555555556,0.5458000000000001,,,,0.9774
sdq_emo__qbin,bin,uaX_bp_lf,0.5347222222222222,0.7522,,,,0.9774
sdq_emo__qbin,bin,uaX_bp_mf,0.3888888888888889,0.3558,,,,0.9774
sdq_emo__qbin,bin,uaX_bp_hf,0.4375,0.5851999999999999,,,,0.9774
sdq_emo__qbin,bin,uaY_mean,0.5625,0.5851999999999999,,,,0.9774
sdq_emo__qbin,bin,uaY_std,0.6111111111111112,0.33899999999999997,,,,0.9774
sdq_emo__qbin,bin,uaY_var,0.6111111111111112,0.33899999999999997,,,,0.9774
sdq_emo__qbin,bin,uaY_rms,0.6180555555555556,0.31220000000000003,,,,0.9774
sdq_emo__qbin,bin,uaY_min,0.4861111111111111,0.8806,,,,0.9774
sdq_emo__qbin,bin,uaY_max,0.5416666666666666,0.731,,,,0.9774
sdq_emo__qbin,bin,uaY_range,0.4791666666666667,0.8573999999999999,,,,0.9774
sdq_emo__qbin,bin,uaY_median,0.4652777777777778,0.7522,,,,0.9774
sdq_emo__qbin,bin,uaY_iqr,0.5069444444444444,0.929,,,,0.9774
sdq_emo__qbin,bin,uaY_mad,0.4861111111111111,0.8806,,,,0.9774
sdq_emo__qbin,bin,uaY_skew,0.5416666666666666,0.731,,,,0.9774
sdq_emo__qbin,bin,uaY_kurt,0.4513888888888889,0.6819999999999999,,,,0.9774
sdq_emo__qbin,bin,uaY_zcr,0.4513888888888889,0.6819999999999999,,,,0.9774
sdq_emo__qbin,bin,uaY_madiff,0.5208333333333334,0.8384,,,,0.9774
sdq_emo__qbin,bin,uaY_domfreq,0.4722222222222222,0.7934,,,,0.9774
sdq_emo__qbin,bin,uaY_centroid,0.4166666666666667,0.488,,,,0.9774
sdq_emo__qbin,bin,uaY_spread,0.4236111111111111,0.5085999999999999,,,,0.9774
sdq_emo__qbin,bin,uaY_entropy,0.4097222222222222,0.4312,,,,0.9774
sdq_emo__qbin,bin,uaY_bp_lf,0.4861111111111111,0.8806,,,,0.9774
sdq_emo__qbin,bin,uaY_bp_mf,0.4375,0.5851999999999999,,,,0.9774
sdq_emo__qbin,bin,uaY_bp_hf,0.4027777777777778,0.398,,,,0.9774
sdq_emo__qbin,bin,uaZ_mean,0.5625,0.5851999999999999,,,,0.9774
sdq_emo__qbin,bin,uaZ_std,0.5833333333333334,0.46719999999999995,,,,0.9774
sdq_emo__qbin,bin,uaZ_var,0.5833333333333334,0.46719999999999995,,,,0.9774
sdq_emo__qbin,bin,uaZ_rms,0.5763888888888888,0.527,,,,0.9774
sdq_emo__qbin,bin,uaZ_min,0.5347222222222222,0.7522,,,,0.9774
sdq_emo__qbin,bin,uaZ_max,0.5486111111111112,0.6619999999999999,,,,0.9774
sdq_emo__qbin,bin,uaZ_range,0.5,0.9774,,,,0.9774
sdq_emo__qbin,bin,uaZ_median,0.5625,0.5851999999999999,,,,0.9774
sdq_emo__qbin,bin,uaZ_iqr,0.4930555555555556,0.929,,,,0.9774
sdq_emo__qbin,bin,uaZ_mad,0.4722222222222222,0.7934,,,,0.9774
sdq_emo__qbin,bin,uaZ_skew,0.7291666666666666,0.054200000000000026,,,,0.9774
sdq_emo__qbin,bin,uaZ_kurt,0.4305555555555556,0.5458000000000001,,,,0.9774
sdq_emo__qbin,bin,uaZ_zcr,0.4166666666666667,0.488,,,,0.9774
sdq_emo__qbin,bin,uaZ_madiff,0.5555555555555556,0.6192,,,,0.9774
sdq_emo__qbin,bin,uaZ_domfreq,0.4583333333333333,0.7092,,,,0.9774
sdq_emo__qbin,bin,uaZ_centroid,0.3541666666666667,0.22860000000000003,,,,0.9774
sdq_emo__qbin,bin,uaZ_spread,0.3819444444444444,0.31220000000000003,,,,0.9774
sdq_emo__qbin,bin,uaZ_entropy,0.3333333333333333,0.15680000000000005,,,,0.9774
sdq_emo__qbin,bin,uaZ_bp_lf,0.5694444444444444,0.5458000000000001,,,,0.9774
sdq_emo__qbin,bin,uaZ_bp_mf,0.3402777777777778,0.17659999999999998,,,,0.9774
sdq_emo__qbin,bin,uaZ_bp_hf,0.3472222222222222,0.19499999999999995,,,,0.9774
sdq_emo__qbin,bin,uaMag_mean,0.5625,0.5851999999999999,,,,0.9774
sdq_emo__qbin,bin,uaMag_std,0.5555555555555556,0.6192,,,,0.9774
sdq_emo__qbin,bin,uaMag_var,0.5555555555555556,0.6192,,,,0.9774
sdq_emo__qbin,bin,uaMag_rms,0.5833333333333334,0.46719999999999995,,,,0.9774
sdq_emo__qbin,bin,uaMag_min,0.5347222222222222,0.7522,,,,0.9774
sdq_emo__qbin,bin,uaMag_max,0.3611111111111111,0.23819999999999997,,,,0.9774
sdq_emo__qbin,bin,uaMag_range,0.3611111111111111,0.23819999999999997,,,,0.9774
sdq_emo__qbin,bin,uaMag_median,0.5,0.9774,,,,0.9774
sdq_emo__qbin,bin,uaMag_iqr,0.5625,0.5851999999999999,,,,0.9774
sdq_emo__qbin,bin,uaMag_mad,0.5416666666666666,0.731,,,,0.9774
sdq_emo__qbin,bin,uaMag_skew,0.4166666666666667,0.488,,,,0.9774
sdq_emo__qbin,bin,uaMag_kurt,0.3888888888888889,0.3558,,,,0.9774
sdq_emo__qbin,bin,uaMag_zcr,0.4513888888888889,0.6819999999999999,,,,0.9774
sdq_emo__qbin,bin,uaMag_madiff,0.5208333333333334,0.8384,,,,0.9774
sdq_emo__qbin,bin,uaMag_domfreq,0.4444444444444444,0.6192,,,,0.9774
sdq_emo__qbin,bin,uaMag_centroid,0.2986111111111111,0.08740000000000003,,,,0.9774
sdq_emo__qbin,bin,uaMag_spread,0.3194444444444444,0.12680000000000002,,,,0.9774
sdq_emo__qbin,bin,uaMag_entropy,0.3263888888888889,0.14800000000000002,,,,0.9774
sdq_emo__qbin,bin,uaMag_bp_lf,0.3402777777777778,0.17659999999999998,,,,0.9774
sdq_emo__qbin,bin,uaMag_bp_mf,0.3402777777777778,0.17659999999999998,,,,0.9774
sdq_emo__qbin,bin,uaMag_bp_hf,0.3194444444444444,0.12680000000000002,,,,0.9774
sdq_emo__qbin,bin,gyX_mean,0.6041666666666666,0.3832,,,,0.9774
sdq_emo__qbin,bin,gyX_std,0.4097222222222222,0.4312,,,,0.9774
sdq_emo__qbin,bin,gyX_var,0.4097222222222222,0.4312,,,,0.9774
sdq_emo__qbin,bin,gyX_rms,0.4097222222222222,0.4312,,,,0.9774
sdq_emo__qbin,bin,gyX_min,0.4930555555555556,0.929,,,,0.9774
sdq_emo__qbin,bin,gyX_max,0.6180555555555556,0.31220000000000003,,,,0.9774
sdq_emo__qbin,bin,gyX_range,0.5486111111111112,0.6619999999999999,,,,0.9774
sdq_emo__qbin,bin,gyX_median,0.4861111111111111,0.8806,,,,0.9774
sdq_emo__qbin,bin,gyX_iqr,0.4166666666666667,0.488,,,,0.9774
sdq_emo__qbin,bin,gyX_mad,0.4166666666666667,0.488,,,,0.9774
sdq_emo__qbin,bin,gyX_skew,0.5972222222222222,0.398,,,,0.9774
sdq_emo__qbin,bin,gyX_kurt,0.5486111111111112,0.6619999999999999,,,,0.9774
sdq_emo__qbin,bin,gyX_zcr,0.3541666666666667,0.22860000000000003,,,,0.9774
sdq_emo__qbin,bin,gyX_madiff,0.4166666666666667,0.488,,,,0.9774
sdq_emo__qbin,bin,gyX_domfreq,0.4305555555555556,0.5458000000000001,,,,0.9774
sdq_emo__qbin,bin,gyX_centroid,0.4305555555555556,0.5458000000000001,,,,0.9774
sdq_emo__qbin,bin,gyX_spread,0.4375,0.5851999999999999,,,,0.9774
sdq_emo__qbin,bin,gyX_entropy,0.4652777777777778,0.7522,,,,0.9774
sdq_emo__qbin,bin,gyX_bp_lf,0.5972222222222222,0.398,,,,0.9774
sdq_emo__qbin,bin,gyX_bp_mf,0.3680555555555556,0.26180000000000003,,,,0.9774
sdq_emo__qbin,bin,gyX_bp_hf,0.5,0.9774,,,,0.9774
sdq_emo__qbin,bin,gyY_mean,0.3958333333333333,0.3678,,,,0.9774
sdq_emo__qbin,bin,gyY_std,0.5208333333333334,0.8384,,,,0.9774
sdq_emo__qbin,bin,gyY_var,0.5208333333333334,0.8384,,,,0.9774
sdq_emo__qbin,bin,gyY_rms,0.5208333333333334,0.8384,,,,0.9774
sdq_emo__qbin,bin,gyY_min,0.6527777777777778,0.19499999999999995,,,,0.9774
sdq_emo__qbin,bin,gyY_max,0.5416666666666666,0.731,,,,0.9774
sdq_emo__qbin,bin,gyY_range,0.4305555555555556,0.5458000000000001,,,,0.9774
sdq_emo__qbin,bin,gyY_median,0.4722222222222222,0.7934,,,,0.9774
sdq_emo__qbin,bin,gyY_iqr,0.5138888888888888,0.905,,,,0.9774
sdq_emo__qbin,bin,gyY_mad,0.5069444444444444,0.929,,,,0.9774
sdq_emo__qbin,bin,gyY_skew,0.5347222222222222,0.7522,,,,0.9774
sdq_emo__qbin,bin,gyY_kurt,0.4930555555555556,0.929,,,,0.9774
sdq_emo__qbin,bin,gyY_zcr,0.3819444444444444,0.31220000000000003,,,,0.9774
sdq_emo__qbin,bin,gyY_madiff,0.4652777777777778,0.7522,,,,0.9774
sdq_emo__qbin,bin,gyY_domfreq,0.4722222222222222,0.7934,,,,0.9774
sdq_emo__qbin,bin,gyY_centroid,0.4097222222222222,0.4312,,,,0.9774
sdq_emo__qbin,bin,gyY_spread,0.3958333333333333,0.3678,,,,0.9774
sdq_emo__qbin,bin,gyY_entropy,0.4652777777777778,0.7522,,,,0.9774
sdq_emo__qbin,bin,gyY_bp_lf,0.6458333333333334,0.21819999999999995,,,,0.9774
sdq_emo__qbin,bin,gyY_bp_mf,0.3958333333333333,0.3678,,,,0.9774
sdq_emo__qbin,bin,gyY_bp_hf,0.3958333333333333,0.3678,,,,0.9774
sdq_emo__qbin,bin,gyZ_mean,0.7916666666666666,0.014399999999999968,,,,0.9774
sdq_emo__qbin,bin,gyZ_std,0.4652777777777778,0.7522,,,,0.9774
sdq_emo__qbin,bin,gyZ_var,0.4652777777777778,0.7522,,,,0.9774
sdq_emo__qbin,bin,gyZ_rms,0.4652777777777778,0.7522,,,,0.9774
sdq_emo__qbin,bin,gyZ_min,0.5138888888888888,0.905,,,,0.9774
sdq_emo__qbin,bin,gyZ_max,0.2847222222222222,0.06620000000000004,,,,0.9774
sdq_emo__qbin,bin,gyZ_range,0.3819444444444444,0.31220000000000003,,,,0.9774
sdq_emo__qbin,bin,gyZ_median,0.7152777777777778,0.06620000000000004,,,,0.9774
sdq_emo__qbin,bin,gyZ_iqr,0.4236111111111111,0.5085999999999999,,,,0.9774
sdq_emo__qbin,bin,gyZ_mad,0.4236111111111111,0.5085999999999999,,,,0.9774
sdq_emo__qbin,bin,gyZ_skew,0.4444444444444444,0.6192,,,,0.9774
sdq_emo__qbin,bin,gyZ_kurt,0.4791666666666667,0.8573999999999999,,,,0.9774
sdq_emo__qbin,bin,gyZ_zcr,0.4097222222222222,0.4312,,,,0.9774
sdq_emo__qbin,bin,gyZ_madiff,0.4652777777777778,0.7522,,,,0.9774
sdq_emo__qbin,bin,gyZ_domfreq,0.6041666666666666,0.3832,,,,0.9774
sdq_emo__qbin,bin,gyZ_centroid,0.4791666666666667,0.8573999999999999,,,,0.9774
sdq_emo__qbin,bin,gyZ_spread,0.4652777777777778,0.7522,,,,0.9774
sdq_emo__qbin,bin,gyZ_entropy,0.5,0.9774,,,,0.9774
sdq_emo__qbin,bin,gyZ_bp_lf,0.5902777777777778,0.4312,,,,0.9774
sdq_emo__qbin,bin,gyZ_bp_mf,0.4444444444444444,0.6192,,,,0.9774
sdq_emo__qbin,bin,gyZ_bp_hf,0.4305555555555556,0.5458000000000001,,,,0.9774
sdq_emo__qbin,bin,gyMag_mean,0.4861111111111111,0.8806,,,,0.9774
sdq_emo__qbin,bin,gyMag_std,0.4097222222222222,0.4312,,,,0.9774
sdq_emo__qbin,bin,gyMag_var,0.4097222222222222,0.4312,,,,0.9774
sdq_emo__qbin,bin,gyMag_rms,0.4166666666666667,0.488,,,,0.9774
sdq_emo__qbin,bin,gyMag_min,0.4583333333333333,0.7092,,,,0.9774
sdq_emo__qbin,bin,gyMag_max,0.5694444444444444,0.5458000000000001,,,,0.9774
sdq_emo__qbin,bin,gyMag_range,0.5694444444444444,0.5458000000000001,,,,0.9774
sdq_emo__qbin,bin,gyMag_median,0.4652777777777778,0.7522,,,,0.9774
sdq_emo__qbin,bin,gyMag_iqr,0.4791666666666667,0.8573999999999999,,,,0.9774
sdq_emo__qbin,bin,gyMag_mad,0.4861111111111111,0.8806,,,,0.9774
sdq_emo__qbin,bin,gyMag_skew,0.5,0.9774,,,,0.9774
sdq_emo__qbin,bin,gyMag_kurt,0.5138888888888888,0.905,,,,0.9774
sdq_emo__qbin,bin,gyMag_zcr,0.4513888888888889,0.6819999999999999,,,,0.9774
sdq_emo__qbin,bin,gyMag_madiff,0.4027777777777778,0.398,,,,0.9774
sdq_emo__qbin,bin,gyMag_domfreq,0.4236111111111111,0.5085999999999999,,,,0.9774
sdq_emo__qbin,bin,gyMag_centroid,0.3402777777777778,0.17659999999999998,,,,0.9774
sdq_emo__qbin,bin,gyMag_spread,0.3333333333333333,0.15680000000000005,,,,0.9774
sdq_emo__qbin,bin,gyMag_entropy,0.3819444444444444,0.31220000000000003,,,,0.9774
sdq_emo__qbin,bin,gyMag_bp_lf,0.4305555555555556,0.5458000000000001,,,,0.9774
sdq_emo__qbin,bin,gyMag_bp_mf,0.3680555555555556,0.26180000000000003,,,,0.9774
sdq_emo__qbin,bin,gyMag_bp_hf,0.3055555555555556,0.09840000000000004,,,,0.9774
sdq_emo__qbin,bin,pitch_mean,0.5208333333333334,0.8384,,,,0.9774
sdq_emo__qbin,bin,pitch_std,0.4375,0.5851999999999999,,,,0.9774
sdq_emo__qbin,bin,pitch_var,0.4375,0.5851999999999999,,,,0.9774
sdq_emo__qbin,bin,pitch_rms,0.4861111111111111,0.8806,,,,0.9774
sdq_emo__qbin,bin,pitch_min,0.2986111111111111,0.08740000000000003,,,,0.9774
sdq_emo__qbin,bin,pitch_max,0.4097222222222222,0.4312,,,,0.9774
sdq_emo__qbin,bin,pitch_range,0.4305555555555556,0.5458000000000001,,,,0.9774
sdq_emo__qbin,bin,pitch_median,0.5555555555555556,0.6192,,,,0.9774
sdq_emo__qbin,bin,pitch_iqr,0.5277777777777778,0.7934,,,,0.9774
sdq_emo__qbin,bin,pitch_mad,0.5069444444444444,0.929,,,,0.9774
sdq_emo__qbin,bin,pitch_skew,0.4722222222222222,0.7934,,,,0.9774
sdq_emo__qbin,bin,pitch_kurt,0.4722222222222222,0.7934,,,,0.9774
sdq_emo__qbin,bin,pitch_zcr,0.4791666666666667,0.8573999999999999,,,,0.9774
sdq_emo__qbin,bin,pitch_madiff,0.4375,0.5851999999999999,,,,0.9774
sdq_emo__qbin,bin,pitch_domfreq,0.5416666666666666,0.731,,,,0.9774
sdq_emo__qbin,bin,pitch_centroid,0.3819444444444444,0.31220000000000003,,,,0.9774
sdq_emo__qbin,bin,pitch_spread,0.4305555555555556,0.5458000000000001,,,,0.9774
sdq_emo__qbin,bin,pitch_entropy,0.3888888888888889,0.3558,,,,0.9774
sdq_emo__qbin,bin,pitch_bp_lf,0.3541666666666667,0.22860000000000003,,,,0.9774
sdq_emo__qbin,bin,pitch_bp_mf,0.4097222222222222,0.4312,,,,0.9774
sdq_emo__qbin,bin,pitch_bp_hf,0.3888888888888889,0.3558,,,,0.9774
sdq_emo__qbin,bin,roll_mean,0.5069444444444444,0.929,,,,0.9774
sdq_emo__qbin,bin,roll_std,0.4236111111111111,0.5085999999999999,,,,0.9774
sdq_emo__qbin,bin,roll_var,0.4236111111111111,0.5085999999999999,,,,0.9774
sdq_emo__qbin,bin,roll_rms,0.5208333333333334,0.8384,,,,0.9774
sdq_emo__qbin,bin,roll_min,0.4652777777777778,0.7522,,,,0.9774
sdq_emo__qbin,bin,roll_max,0.6458333333333334,0.21819999999999995,,,,0.9774
sdq_emo__qbin,bin,roll_range,0.5625,0.5851999999999999,,,,0.9774
sdq_emo__qbin,bin,roll_median,0.5069444444444444,0.929,,,,0.9774
sdq_emo__qbin,bin,roll_iqr,0.5,0.9774,,,,0.9774
sdq_emo__qbin,bin,roll_mad,0.4166666666666667,0.488,,,,0.9774
sdq_emo__qbin,bin,roll_skew,0.4930555555555556,0.929,,,,0.9774
sdq_emo__qbin,bin,roll_kurt,0.5694444444444444,0.5458000000000001,,,,0.9774
sdq_emo__qbin,bin,roll_zcr,0.4722222222222222,0.7934,,,,0.9774
sdq_emo__qbin,bin,roll_madiff,0.4722222222222222,0.7934,,,,0.9774
sdq_emo__qbin,bin,roll_domfreq,0.2777777777777778,0.05720000000000003,,,,0.9774
sdq_emo__qbin,bin,roll_centroid,0.4791666666666667,0.8573999999999999,,,,0.9774
sdq_emo__qbin,bin,roll_spread,0.4652777777777778,0.7522,,,,0.9774
sdq_emo__qbin,bin,roll_entropy,0.4444444444444444,0.6192,,,,0.9774
sdq_emo__qbin,bin,roll_bp_lf,0.4583333333333333,0.7092,,,,0.9774
sdq_emo__qbin,bin,roll_bp_mf,0.4444444444444444,0.6192,,,,0.9774
sdq_emo__qbin,bin,roll_bp_hf,0.4861111111111111,0.8806,,,,0.9774
sdq_emo__qbin,bin,yaw_mean,0.5833333333333334,0.46719999999999995,,,,0.9774
sdq_emo__qbin,bin,yaw_std,0.4513888888888889,0.6819999999999999,,,,0.9774
sdq_emo__qbin,bin,yaw_var,0.4513888888888889,0.6819999999999999,,,,0.9774
sdq_emo__qbin,bin,yaw_rms,0.4305555555555556,0.5458000000000001,,,,0.9774
sdq_emo__qbin,bin,yaw_min,0.5763888888888888,0.527,,,,0.9774
sdq_emo__qbin,bin,yaw_max,0.2222222222222222,0.019399999999999973,,,,0.9774
sdq_emo__qbin,bin,yaw_range,0.2847222222222222,0.06620000000000004,,,,0.9774
sdq_emo__qbin,bin,yaw_median,0.5555555555555556,0.6192,,,,0.9774
sdq_emo__qbin,bin,yaw_iqr,0.4583333333333333,0.7092,,,,0.9774
sdq_emo__qbin,bin,yaw_mad,0.4722222222222222,0.7934,,,,0.9774
sdq_emo__qbin,bin,yaw_skew,0.4305555555555556,0.5458000000000001,,,,0.9774
sdq_emo__qbin,bin,yaw_kurt,0.4861111111111111,0.8806,,,,0.9774
sdq_emo__qbin,bin,yaw_zcr,0.5416666666666666,0.731,,,,0.9774
sdq_emo__qbin,bin,yaw_madiff,0.5,0.9774,,,,0.9774
sdq_emo__qbin,bin,yaw_domfreq,0.4652777777777778,0.7522,,,,0.9774
sdq_emo__qbin,bin,yaw_centroid,0.4375,0.5851999999999999,,,,0.9774
sdq_emo__qbin,bin,yaw_spread,0.4861111111111111,0.8806,,,,0.9774
sdq_emo__qbin,bin,yaw_entropy,0.4444444444444444,0.6192,,,,0.9774
sdq_emo__qbin,bin,yaw_bp_lf,0.4861111111111111,0.8806,,,,0.9774
sdq_emo__qbin,bin,yaw_bp_mf,0.4722222222222222,0.7934,,,,0.9774
sdq_emo__qbin,bin,yaw_bp_hf,0.4722222222222222,0.7934,,,,0.9774
sdq_emo__qbin,bin,jerk_mean,0.5208333333333334,0.8384,,,,0.9774
sdq_emo__qbin,bin,jerk_std,0.5,0.9774,,,,0.9774
sdq_emo__qbin,bin,jerk_var,0.5,0.9774,,,,0.9774
sdq_emo__qbin,bin,jerk_rms,0.5,0.9774,,,,0.9774
sdq_emo__qbin,bin,jerk_min,0.6527777777777778,0.19499999999999995,,,,0.9774
sdq_emo__qbin,bin,jerk_max,0.3125,0.11019999999999996,,,,0.9774
sdq_emo__qbin,bin,jerk_range,0.2986111111111111,0.08740000000000003,,,,0.9774
sdq_emo__qbin,bin,jerk_median,0.5,0.9774,,,,0.9774
sdq_emo__qbin,bin,jerk_iqr,0.5347222222222222,0.7522,,,,0.9774
sdq_emo__qbin,bin,jerk_mad,0.5347222222222222,0.7522,,,,0.9774
sdq_emo__qbin,bin,jerk_skew,0.5138888888888888,0.905,,,,0.9774
sdq_emo__qbin,bin,jerk_kurt,0.375,0.28759999999999997,,,,0.9774
sdq_emo__qbin,bin,jerk_zcr,0.4652777777777778,0.7522,,,,0.9774
sdq_emo__qbin,bin,jerk_madiff,0.5208333333333334,0.8384,,,,0.9774
sdq_emo__qbin,bin,jerk_domfreq,0.4791666666666667,0.8573999999999999,,,,0.9774
sdq_emo__qbin,bin,jerk_centroid,0.4097222222222222,0.4312,,,,0.9774
sdq_emo__qbin,bin,jerk_spread,0.4930555555555556,0.929,,,,0.9774
sdq_emo__qbin,bin,jerk_entropy,0.4722222222222222,0.7934,,,,0.9774
sdq_emo__qbin,bin,jerk_bp_lf,0.4444444444444444,0.6192,,,,0.9774
sdq_emo__qbin,bin,jerk_bp_mf,0.625,0.28759999999999997,,,,0.9774
sdq_emo__qbin,bin,jerk_bp_hf,0.4027777777777778,0.398,,,,0.9774
sdq_emo__qbin,bin,actfrac_p50,0.5277777777777778,0.7934,,,,0.9774
sdq_emo__qbin,bin,switchmin_p50,0.4513888888888889,0.6819999999999999,,,,0.9774
sdq_emo__qbin,bin,actbout_med_p50,0.4722222222222222,0.7934,,,,0.9774
sdq_emo__qbin,bin,actbout_cv_p50,0.5763888888888888,0.527,,,,0.9774
sdq_emo__qbin,bin,actshort_p50,0.4583333333333333,0.7092,,,,0.9774
sdq_emo__qbin,bin,actfrac_p75,0.3263888888888889,0.14800000000000002,,,,0.9774
sdq_emo__qbin,bin,switchmin_p75,0.4097222222222222,0.4312,,,,0.9774
sdq_emo__qbin,bin,actbout_med_p75,0.5763888888888888,0.527,,,,0.9774
sdq_emo__qbin,bin,actbout_cv_p75,0.5972222222222222,0.398,,,,0.9774
sdq_emo__qbin,bin,actshort_p75,0.4166666666666667,0.488,,,,0.9774
sdq_emo__qbin,bin,actfrac_p90,0.5798611111111112,0.5085999999999999,,,,0.9774
sdq_emo__qbin,bin,switchmin_p90,0.4027777777777778,0.398,,,,0.9774
sdq_emo__qbin,bin,actbout_med_p90,0.4791666666666667,0.8573999999999999,,,,0.9774
sdq_emo__qbin,bin,actbout_cv_p90,0.5416666666666666,0.731,,,,0.9774
sdq_emo__qbin,bin,actshort_p90,0.4722222222222222,0.7934,,,,0.9774
sdq_emo__qbin,bin,switch_per_min,0.3854166666666667,0.33899999999999997,,,,0.9774
sdq_emo__qbin,bin,act_bout_median,0.6180555555555556,0.31220000000000003,,,,0.9774
sdq_emo__qbin,bin,stl_bout_median,0.4791666666666667,0.8573999999999999,,,,0.9774
sdq_emo__qbin,bin,act_bout_cv,0.4513888888888889,0.6819999999999999,,,,0.9774
sdq_emo__qbin,bin,stl_bout_cv,0.5069444444444444,0.929,,,,0.9774
sdq_emo__qbin,bin,frac_act_short,0.3611111111111111,0.23819999999999997,,,,0.9774
sdq_emo__qbin,bin,within_win_sd,0.4583333333333333,0.7092,,,,0.9774
sdq_emo__qbin,bin,mag_median,0.5,0.9774,,,,0.9774
sdq_cond__qbin,bin,uaX_mean,0.59375,0.44420000000000004,,,,0.6638858695652174
sdq_cond__qbin,bin,uaX_std,0.578125,0.5186,,,,0.7130749999999999
sdq_cond__qbin,bin,uaX_var,0.578125,0.5186,,,,0.7130749999999999
sdq_cond__qbin,bin,uaX_rms,0.578125,0.5186,,,,0.7130749999999999
sdq_cond__qbin,bin,uaX_min,0.7265625,0.06420000000000003,,,,0.3210000000000002
sdq_cond__qbin,bin,uaX_max,0.3125,0.12580000000000002,,,,0.4218902439024391
sdq_cond__qbin,bin,uaX_range,0.2578125,0.050000000000000044,,,,0.292553191489362
sdq_cond__qbin,bin,uaX_median,0.578125,0.5186,,,,0.7130749999999999
sdq_cond__qbin,bin,uaX_iqr,0.6484375,0.23160000000000003,,,,0.501496062992126
sdq_cond__qbin,bin,uaX_mad,0.640625,0.25339999999999996,,,,0.5279166666666666
sdq_cond__qbin,bin,uaX_skew,0.3828125,0.3396,,,,0.5836875
sdq_cond__qbin,bin,uaX_kurt,0.25,0.04079999999999995,,,,0.2609302325581392
sdq_cond__qbin,bin,uaX_zcr,0.5078125,0.9282,,,,0.9349999999999999
sdq_cond__qbin,bin,uaX_madiff,0.6015625,0.4042,,,,0.6209776536312849
sdq_cond__qbin,bin,uaX_domfreq,0.5390625,0.738,,,,0.8581746031746031
sdq_cond__qbin,bin,uaX_centroid,0.2734375,0.06420000000000003,,,,0.3210000000000002
sdq_cond__qbin,bin,uaX_spread,0.21875,0.018399999999999972,,,,0.15812499999999977
sdq_cond__qbin,bin,uaX_entropy,0.21875,0.018399999999999972,,,,0.15812499999999977
sdq_cond__qbin,bin,uaX_bp_lf,0.8671875,0.0011999999999999789,,,,0.13750000000000012
sdq_cond__qbin,bin,uaX_bp_mf,0.1484375,0.0023999999999999577,,,,0.13750000000000012
sdq_cond__qbin,bin,uaX_bp_hf,0.234375,0.02939999999999998,,,,0.2185135135135134
sdq_cond__qbin,bin,uaY_mean,0.546875,0.6906,,,,0.8293231441048035
sdq_cond__qbin,bin,uaY_std,0.65625,0.20879999999999999,,,,0.4745454545454545
sdq_cond__qbin,bin,uaY_var,0.65625,0.20879999999999999,,,,0.4745454545454545
sdq_cond__qbin,bin,uaY_rms,0.65625,0.20879999999999999,,,,0.4745454545454545
sdq_cond__qbin,bin,uaY_min,0.4765625,0.834,,,,0.8855212355212355
sdq_cond__qbin,bin,uaY_max,0.21875,0.018399999999999972,,,,0.15812499999999977
sdq_cond__qbin,bin,uaY_range,0.328125,0.16359999999999997,,,,0.4686458333333332
sdq_cond__qbin,bin,uaY_median,0.6015625,0.4042,,,,0.6209776536312849
sdq_cond__qbin,bin,uaY_iqr,0.6640625,0.1846,,,,0.4745454545454545
sdq_cond__qbin,bin,uaY_mad,0.640625,0.25339999999999996,,,,0.5279166666666666
sdq_cond__qbin,bin,uaY_skew,0.3984375,0.4042,,,,0.6209776536312849
sdq_cond__qbin,bin,uaY_kurt,0.1875,0.008000000000000007,,,,0.13750000000000012
sdq_cond__qbin,bin,uaY_zcr,0.484375,0.8788,,,,0.9017537313432836
sdq_cond__qbin,bin,uaY_madiff,0.625,0.3104,,,,0.5690666666666666
sdq_cond__qbin,bin,uaY_domfreq,0.5625,0.6026,,,,0.7891190476190476
sdq_cond__qbin,bin,uaY_centroid,0.2109375,0.014000000000000012,,,,0.15400000000000014
sdq_cond__qbin,bin,uaY_spread,0.1640625,0.0040000000000000036,,,,0.13750000000000012
sdq_cond__qbin,bin,uaY_entropy,0.140625,0.0018000000000000238,,,,0.13750000000000012
sdq_cond__qbin,bin,uaY_bp_lf,0.796875,0.011199999999999988,,,,0.1466666666666665
sdq_cond__qbin,bin,uaY_bp_mf,0.1875,0.008000000000000007,,,,0.13750000000000012
sdq_cond__qbin,bin,uaY_bp_hf,0.15625,0.0031999999999999806,,,,0.13750000000000012
sdq_cond__qbin,bin,uaZ_mean,0.7109375,0.08520000000000005,,,,0.3550000000000002
sdq_cond__qbin,bin,uaZ_std,0.6171875,0.3396,,,,0.5836875
sdq_cond__qbin,bin,uaZ_var,0.6171875,0.3396,,,,0.5836875
sdq_cond__qbin,bin,uaZ_rms,0.625,0.3104,,,,0.5690666666666666
sdq_cond__qbin,bin,uaZ_min,0.5390625,0.738,,,,0.8581746031746031
sdq_cond__qbin,bin,uaZ_max,0.2265625,0.023599999999999954,,,,0.18542857142857108
sdq_cond__qbin,bin,uaZ_range,0.375,0.3104,,,,0.5690666666666666
sdq_cond__qbin,bin,uaZ_median,0.703125,0.09699999999999998,,,,0.36047297297297287
sdq_cond__qbin,bin,uaZ_iqr,0.65625,0.20879999999999999,,,,0.4745454545454545
sdq_cond__qbin,bin,uaZ_mad,0.65625,0.20879999999999999,,,,0.4745454545454545
sdq_cond__qbin,bin,uaZ_skew,0.4453125,0.65,,,,0.8088235294117647
sdq_cond__qbin,bin,uaZ_kurt,0.34375,0.20879999999999999,,,,0.4745454545454545
sdq_cond__qbin,bin,uaZ_zcr,0.3515625,0.23160000000000003,,,,0.501496062992126
sdq_cond__qbin,bin,uaZ_madiff,0.546875,0.6906,,,,0.8293231441048035
sdq_cond__qbin,bin,uaZ_domfreq,0.3828125,0.3396,,,,0.5836875
sdq_cond__qbin,bin,uaZ_centroid,0.1953125,0.009000000000000008,,,,0.13750000000000012
sdq_cond__qbin,bin,uaZ_spread,0.21875,0.018399999999999972,,,,0.15812499999999977
sdq_cond__qbin,bin,uaZ_entropy,0.203125,0.011199999999999988,,,,0.1466666666666665
sdq_cond__qbin,bin,uaZ_bp_lf,0.7890625,0.014000000000000012,,,,0.15400000000000014
sdq_cond__qbin,bin,uaZ_bp_mf,0.265625,0.05679999999999996,,,,0.3062745098039214
sdq_cond__qbin,bin,uaZ_bp_hf,0.1953125,0.009000000000000008,,,,0.13750000000000012
sdq_cond__qbin,bin,uaMag_mean,0.65625,0.20879999999999999,,,,0.4745454545454545
sdq_cond__qbin,bin,uaMag_std,0.53125,0.7864,,,,0.8581746031746031
sdq_cond__qbin,bin,uaMag_var,0.53125,0.7864,,,,0.8581746031746031
sdq_cond__qbin,bin,uaMag_rms,0.6171875,0.3396,,,,0.5836875
sdq_cond__qbin,bin,uaMag_min,0.5625,0.6026,,,,0.7891190476190476
sdq_cond__qbin,bin,uaMag_max,0.296875,0.09699999999999998,,,,0.36047297297297287
sdq_cond__qbin,bin,uaMag_range,0.296875,0.09699999999999998,,,,0.36047297297297287
sdq_cond__qbin,bin,uaMag_median,0.6796875,0.14439999999999997,,,,0.45124999999999993
sdq_cond__qbin,bin,uaMag_iqr,0.6328125,0.28200000000000003,,,,0.5619565217391305
sdq_cond__qbin,bin,uaMag_mad,0.625,0.3104,,,,0.5690666666666666
sdq_cond__qbin,bin,uaMag_skew,0.2265625,0.023599999999999954,,,,0.18542857142857108
sdq_cond__qbin,bin,uaMag_kurt,0.25,0.04079999999999995,,,,0.2609302325581392
sdq_cond__qbin,bin,uaMag_zcr,0.53125,0.7864,,,,0.8581746031746031
sdq_cond__qbin,bin,uaMag_madiff,0.609375,0.3722,,,,0.6092559523809523
sdq_cond__qbin,bin,uaMag_domfreq,0.640625,0.25339999999999996,,,,0.5279166666666666
sdq_cond__qbin,bin,uaMag_centroid,0.21875,0.018399999999999972,,,,0.15812499999999977
sdq_cond__qbin,bin,uaMag_spread,0.2109375,0.014000000000000012,,,,0.15400000000000014
sdq_cond__qbin,bin,uaMag_entropy,0.296875,0.09699999999999998,,,,0.36047297297297287
sdq_cond__qbin,bin,uaMag_bp_lf,0.3828125,0.3396,,,,0.5836875
sdq_cond__qbin,bin,uaMag_bp_mf,0.3203125,0.14439999999999997,,,,0.45124999999999993
sdq_cond__qbin,bin,uaMag_bp_hf,0.1640625,0.0040000000000000036,,,,0.13750000000000012
sdq_cond__qbin,bin,gyX_mean,0.5390625,0.738,,,,0.8581746031746031
sdq_cond__qbin,bin,gyX_std,0.4453125,0.65,,,,0.8088235294117647
sdq_cond__qbin,bin,gyX_var,0.4453125,0.65,,,,0.8088235294117647
sdq_cond__qbin,bin,gyX_rms,0.4453125,0.65,,,,0.8088235294117647
sdq_cond__qbin,bin,gyX_min,0.875,0.0006000000000000449,,,,0.13750000000000012
sdq_cond__qbin,bin,gyX_max,0.453125,0.6906,,,,0.8293231441048035
sdq_cond__qbin,bin,gyX_range,0.2265625,0.023599999999999954,,,,0.18542857142857108
sdq_cond__qbin,bin,gyX_median,0.4609375,0.738,,,,0.8581746031746031
sdq_cond__qbin,bin,gyX_iqr,0.5625,0.6026,,,,0.7891190476190476
sdq_cond__qbin,bin,gyX_mad,0.5625,0.6026,,,,0.7891190476190476
sdq_cond__qbin,bin,gyX_skew,0.5234375,0.834,,,,0.8855212355212355
sdq_cond__qbin,bin,gyX_kurt,0.234375,0.02939999999999998,,,,0.2185135135135134
sdq_cond__qbin,bin,gyX_zcr,0.4140625,0.48019999999999996,,,,0.684222797927461
sdq_cond__qbin,bin,gyX_madiff,0.453125,0.6906,,,,0.8293231441048035
sdq_cond__qbin,bin,gyX_domfreq,0.515625,0.8788,,,,0.9017537313432836
sdq_cond__qbin,bin,gyX_centroid,0.1796875,0.006399999999999961,,,,0.13750000000000012
sdq_cond__qbin,bin,gyX_spread,0.1953125,0.009000000000000008,,,,0.13750000000000012
sdq_cond__qbin,bin,gyX_entropy,0.1875,0.008000000000000007,,,,0.13750000000000012
sdq_cond__qbin,bin,gyX_bp_lf,0.8046875,0.009000000000000008,,,,0.13750000000000012
sdq_cond__qbin,bin,gyX_bp_mf,0.1875,0.008000000000000007,,,,0.13750000000000012
sdq_cond__qbin,bin,gyX_bp_hf,0.2421875,0.03539999999999999,,,,0.2433749999999999
sdq_cond__qbin,bin,gyY_mean,0.5859375,0.48019999999999996,,,,0.684222797927461
sdq_cond__qbin,bin,gyY_std,0.5234375,0.834,,,,0.8855212355212355
sdq_cond__qbin,bin,gyY_var,0.5234375,0.834,,,,0.8855212355212355
sdq_cond__qbin,bin,gyY_rms,0.5234375,0.834,,,,0.8855212355212355
sdq_cond__qbin,bin,gyY_min,0.734375,0.05679999999999996,,,,0.3062745098039214
sdq_cond__qbin,bin,gyY_max,0.3359375,0.1846,,,,0.4745454545454545
sdq_cond__qbin,bin,gyY_range,0.2890625,0.08520000000000005,,,,0.3550000000000002
sdq_cond__qbin,bin,gyY_median,0.6796875,0.14439999999999997,,,,0.45124999999999993
sdq_cond__qbin,bin,gyY_iqr,0.609375,0.3722,,,,0.6092559523809523
sdq_cond__qbin,bin,gyY_mad,0.6015625,0.4042,,,,0.6209776536312849
sdq_cond__qbin,bin,gyY_skew,0.5625,0.6026,,,,0.7891190476190476
sdq_cond__qbin,bin,gyY_kurt,0.21875,0.018399999999999972,,,,0.15812499999999977
sdq_cond__qbin,bin,gyY_zcr,0.40625,0.44420000000000004,,,,0.6638858695652174
sdq_cond__qbin,bin,gyY_madiff,0.53125,0.7864,,,,0.8581746031746031
sdq_cond__qbin,bin,gyY_domfreq,0.65625,0.20879999999999999,,,,0.4745454545454545
sdq_cond__qbin,bin,gyY_centroid,0.3046875,0.11160000000000003,,,,0.3985714285714287
sdq_cond__qbin,bin,gyY_spread,0.296875,0.09699999999999998,,,,0.36047297297297287
sdq_cond__qbin,bin,gyY_entropy,0.328125,0.16359999999999997,,,,0.4686458333333332
sdq_cond__qbin,bin,gyY_bp_lf,0.6875,0.12580000000000002,,,,0.4218902439024391
sdq_cond__qbin,bin,gyY_bp_mf,0.2890625,0.08520000000000005,,,,0.3550000000000002
sdq_cond__qbin,bin,gyY_bp_hf,0.3125,0.12580000000000002,,,,0.4218902439024391
sdq_cond__qbin,bin,gyZ_mean,0.6484375,0.23160000000000003,,,,0.501496062992126
sdq_cond__qbin,bin,gyZ_std,0.53125,0.7864,,,,0.8581746031746031
sdq_cond__qbin,bin,gyZ_var,0.53125,0.7864,,,,0.8581746031746031
sdq_cond__qbin,bin,gyZ_rms,0.53125,0.7864,,,,0.8581746031746031
sdq_cond__qbin,bin,gyZ_min,0.5703125,0.5582,,,,0.7599257425742574
sdq_cond__qbin,bin,gyZ_max,0.28125,0.07279999999999998,,,,0.33366666666666656
sdq_cond__qbin,bin,gyZ_range,0.34375,0.20879999999999999,,,,0.4745454545454545
sdq_cond__qbin,bin,gyZ_median,0.640625,0.25339999999999996,,,,0.5279166666666666
sdq_cond__qbin,bin,gyZ_iqr,0.65625,0.20879999999999999,,,,0.4745454545454545
sdq_cond__qbin,bin,gyZ_mad,0.65625,0.20879999999999999,,,,0.4745454545454545
sdq_cond__qbin,bin,gyZ_skew,0.4375,0.6026,,,,0.7891190476190476
sdq_cond__qbin,bin,gyZ_kurt,0.3203125,0.14439999999999997,,,,0.45124999999999993
sdq_cond__qbin,bin,gyZ_zcr,0.3828125,0.3396,,,,0.5836875
sdq_cond__qbin,bin,gyZ_madiff,0.5859375,0.48019999999999996,,,,0.684222797927461
sdq_cond__qbin,bin,gyZ_domfreq,0.5546875,0.65,,,,0.8088235294117647
sdq_cond__qbin,bin,gyZ_centroid,0.3359375,0.1846,,,,0.4745454545454545
sdq_cond__qbin,bin,gyZ_spread,0.2890625,0.08520000000000005,,,,0.3550000000000002
sdq_cond__qbin,bin,gyZ_entropy,0.3203125,0.14439999999999997,,,,0.45124999999999993
sdq_cond__qbin,bin,gyZ_bp_lf,0.671875,0.16359999999999997,,,,0.4686458333333332
sdq_cond__qbin,bin,gyZ_bp_mf,0.3515625,0.23160000000000003,,,,0.501496062992126
sdq_cond__qbin,bin,gyZ_bp_hf,0.3046875,0.11160000000000003,,,,0.3985714285714287
sdq_cond__qbin,bin,gyMag_mean,0.5859375,0.48019999999999996,,,,0.684222797927461
sdq_cond__qbin,bin,gyMag_std,0.3671875,0.28200000000000003,,,,0.5619565217391305
sdq_cond__qbin,bin,gyMag_var,0.3671875,0.28200000000000003,,,,0.5619565217391305
sdq_cond__qbin,bin,gyMag_rms,0.53125,0.7864,,,,0.8581746031746031
sdq_cond__qbin,bin,gyMag_min,0.71875,0.07279999999999998,,,,0.33366666666666656
sdq_cond__qbin,bin,gyMag_max,0.453125,0.6906,,,,0.8293231441048035
sdq_cond__qbin,bin,gyMag_range,0.453125,0.6906,,,,0.8293231441048035
sdq_cond__qbin,bin,gyMag_median,0.6640625,0.1846,,,,0.4745454545454545
sdq_cond__qbin,bin,gyMag_iqr,0.5546875,0.65,,,,0.8088235294117647
sdq_cond__qbin,bin,gyMag_mad,0.6015625,0.4042,,,,0.6209776536312849
sdq_cond__qbin,bin,gyMag_skew,0.21875,0.018399999999999972,,,,0.15812499999999977
sdq_cond__qbin,bin,gyMag_kurt,0.2421875,0.03539999999999999,,,,0.2433749999999999
sdq_cond__qbin,bin,gyMag_zcr,0.6015625,0.4042,,,,0.6209776536312849
sdq_cond__qbin,bin,gyMag_madiff,0.5,0.9746,,,,0.9745999999999999
sdq_cond__qbin,bin,gyMag_domfreq,0.4765625,0.834,,,,0.8855212355212355
sdq_cond__qbin,bin,gyMag_centroid,0.3359375,0.1846,,,,0.4745454545454545
sdq_cond__qbin,bin,gyMag_spread,0.2890625,0.08520000000000005,,,,0.3550000000000002
sdq_cond__qbin,bin,gyMag_entropy,0.34375,0.20879999999999999,,,,0.4745454545454545
sdq_cond__qbin,bin,gyMag_bp_lf,0.5546875,0.65,,,,0.8088235294117647
sdq_cond__qbin,bin,gyMag_bp_mf,0.3671875,0.28200000000000003,,,,0.5619565217391305
sdq_cond__qbin,bin,gyMag_bp_hf,0.2109375,0.014000000000000012,,,,0.15400000000000014
sdq_cond__qbin,bin,pitch_mean,0.4375,0.6026,,,,0.7891190476190476
sdq_cond__qbin,bin,pitch_std,0.28125,0.07279999999999998,,,,0.33366666666666656
sdq_cond__qbin,bin,pitch_var,0.28125,0.07279999999999998,,,,0.33366666666666656
sdq_cond__qbin,bin,pitch_rms,0.484375,0.8788,,,,0.9017537313432836
sdq_cond__qbin,bin,pitch_min,0.6015625,0.4042,,,,0.6209776536312849
sdq_cond__qbin,bin,pitch_max,0.359375,0.25339999999999996,,,,0.5279166666666666
sdq_cond__qbin,bin,pitch_range,0.3828125,0.3396,,,,0.5836875
sdq_cond__qbin,bin,pitch_median,0.421875,0.5186,,,,0.7130749999999999
sdq_cond__qbin,bin,pitch_iqr,0.390625,0.3722,,,,0.6092559523809523
sdq_cond__qbin,bin,pitch_mad,0.3984375,0.4042,,,,0.6209776536312849
sdq_cond__qbin,bin,pitch_skew,0.484375,0.8788,,,,0.9017537313432836
sdq_cond__qbin,bin,pitch_kurt,0.515625,0.8788,,,,0.9017537313432836
sdq_cond__qbin,bin,pitch_zcr,0.4921875,0.9282,,,,0.9349999999999999
sdq_cond__qbin,bin,pitch_madiff,0.5390625,0.738,,,,0.8581746031746031
sdq_cond__qbin,bin,pitch_domfreq,0.7421875,0.050000000000000044,,,,0.292553191489362
sdq_cond__qbin,bin,pitch_centroid,0.515625,0.8788,,,,0.9017537313432836
sdq_cond__qbin,bin,pitch_spread,0.4296875,0.5582,,,,0.7599257425742574
sdq_cond__qbin,bin,pitch_entropy,0.5546875,0.65,,,,0.8088235294117647
sdq_cond__qbin,bin,pitch_bp_lf,0.515625,0.8788,,,,0.9017537313432836
sdq_cond__qbin,bin,pitch_bp_mf,0.375,0.3104,,,,0.5690666666666666
sdq_cond__qbin,bin,pitch_bp_hf,0.390625,0.3722,,,,0.6092559523809523
sdq_cond__qbin,bin,roll_mean,0.7421875,0.050000000000000044,,,,0.292553191489362
sdq_cond__qbin,bin,roll_std,0.4140625,0.48019999999999996,,,,0.684222797927461
sdq_cond__qbin,bin,roll_var,0.4140625,0.48019999999999996,,,,0.684222797927461
sdq_cond__qbin,bin,roll_rms,0.546875,0.6906,,,,0.8293231441048035
sdq_cond__qbin,bin,roll_min,0.4453125,0.65,,,,0.8088235294117647
sdq_cond__qbin,bin,roll_max,0.7265625,0.06420000000000003,,,,0.3210000000000002
sdq_cond__qbin,bin,roll_range,0.625,0.3104,,,,0.5690666666666666
sdq_cond__qbin,bin,roll_median,0.8203125,0.006399999999999961,,,,0.13750000000000012
sdq_cond__qbin,bin,roll_iqr,0.46875,0.7864,,,,0.8581746031746031
sdq_cond__qbin,bin,roll_mad,0.2890625,0.08520000000000005,,,,0.3550000000000002
sdq_cond__qbin,bin,roll_skew,0.2734375,0.06420000000000003,,,,0.3210000000000002
sdq_cond__qbin,bin,roll_kurt,0.609375,0.3722,,,,0.6092559523809523
sdq_cond__qbin,bin,roll_zcr,0.6328125,0.28200000000000003,,,,0.5619565217391305
sdq_cond__qbin,bin,roll_madiff,0.5390625,0.738,,,,0.8581746031746031
sdq_cond__qbin,bin,roll_domfreq,0.5234375,0.834,,,,0.8855212355212355
sdq_cond__qbin,bin,roll_centroid,0.625,0.3104,,,,0.5690666666666666
sdq_cond__qbin,bin,roll_spread,0.609375,0.3722,,,,0.6092559523809523
sdq_cond__qbin,bin,roll_entropy,0.6015625,0.4042,,,,0.6209776536312849
sdq_cond__qbin,bin,roll_bp_lf,0.625,0.3104,,,,0.5690666666666666
sdq_cond__qbin,bin,roll_bp_mf,0.6171875,0.3396,,,,0.5836875
sdq_cond__qbin,bin,roll_bp_hf,0.6171875,0.3396,,,,0.5836875
sdq_cond__qbin,bin,yaw_mean,0.703125,0.09699999999999998,,,,0.36047297297297287
sdq_cond__qbin,bin,yaw_std,0.671875,0.16359999999999997,,,,0.4686458333333332
sdq_cond__qbin,bin,yaw_var,0.671875,0.16359999999999997,,,,0.4686458333333332
sdq_cond__qbin,bin,yaw_rms,0.6640625,0.1846,,,,0.4745454545454545
sdq_cond__qbin,bin,yaw_min,0.375,0.3104,,,,0.5690666666666666
sdq_cond__qbin,bin,yaw_max,0.625,0.3104,,,,0.5690666666666666
sdq_cond__qbin,bin,yaw_range,0.65625,0.20879999999999999,,,,0.4745454545454545
sdq_cond__qbin,bin,yaw_median,0.65625,0.20879999999999999,,,,0.4745454545454545
sdq_cond__qbin,bin,yaw_iqr,0.671875,0.16359999999999997,,,,0.4686458333333332
sdq_cond__qbin,bin,yaw_mad,0.6640625,0.1846,,,,0.4745454545454545
sdq_cond__qbin,bin,yaw_skew,0.328125,0.16359999999999997,,,,0.4686458333333332
sdq_cond__qbin,bin,yaw_kurt,0.34375,0.20879999999999999,,,,0.4745454545454545
sdq_cond__qbin,bin,yaw_zcr,0.5859375,0.48019999999999996,,,,0.684222797927461
sdq_cond__qbin,bin,yaw_madiff,0.6640625,0.1846,,,,0.4745454545454545
sdq_cond__qbin,bin,yaw_domfreq,0.6015625,0.4042,,,,0.6209776536312849
sdq_cond__qbin,bin,yaw_centroid,0.59375,0.44420000000000004,,,,0.6638858695652174
sdq_cond__qbin,bin,yaw_spread,0.546875,0.6906,,,,0.8293231441048035
sdq_cond__qbin,bin,yaw_entropy,0.59375,0.44420000000000004,,,,0.6638858695652174
sdq_cond__qbin,bin,yaw_bp_lf,0.703125,0.09699999999999998,,,,0.36047297297297287
sdq_cond__qbin,bin,yaw_bp_mf,0.5546875,0.65,,,,0.8088235294117647
sdq_cond__qbin,bin,yaw_bp_hf,0.5546875,0.65,,,,0.8088235294117647
sdq_cond__qbin,bin,jerk_mean,0.6015625,0.4042,,,,0.6209776536312849
sdq_cond__qbin,bin,jerk_std,0.53125,0.7864,,,,0.8581746031746031
sdq_cond__qbin,bin,jerk_var,0.53125,0.7864,,,,0.8581746031746031
sdq_cond__qbin,bin,jerk_rms,0.53125,0.7864,,,,0.8581746031746031
sdq_cond__qbin,bin,jerk_min,0.703125,0.09699999999999998,,,,0.36047297297297287
sdq_cond__qbin,bin,jerk_max,0.2421875,0.03539999999999999,,,,0.2433749999999999
sdq_cond__qbin,bin,jerk_range,0.265625,0.05679999999999996,,,,0.3062745098039214
sdq_cond__qbin,bin,jerk_median,0.5,0.9746,,,,0.9745999999999999
sdq_cond__qbin,bin,jerk_iqr,0.6875,0.12580000000000002,,,,0.4218902439024391
sdq_cond__qbin,bin,jerk_mad,0.6875,0.12580000000000002,,,,0.4218902439024391
sdq_cond__qbin,bin,jerk_skew,0.4140625,0.48019999999999996,,,,0.684222797927461
sdq_cond__qbin,bin,jerk_kurt,0.28125,0.07279999999999998,,,,0.33366666666666656
sdq_cond__qbin,bin,jerk_zcr,0.25,0.04079999999999995,,,,0.2609302325581392
sdq_cond__qbin,bin,jerk_madiff,0.609375,0.3722,,,,0.6092559523809523
sdq_cond__qbin,bin,jerk_domfreq,0.390625,0.3722,,,,0.6092559523809523
sdq_cond__qbin,bin,jerk_centroid,0.46875,0.7864,,,,0.8581746031746031
sdq_cond__qbin,bin,jerk_spread,0.828125,0.0048000000000000265,,,,0.13750000000000012
sdq_cond__qbin,bin,jerk_entropy,0.53125,0.7864,,,,0.8581746031746031
sdq_cond__qbin,bin,jerk_bp_lf,0.53125,0.7864,,,,0.8581746031746031
sdq_cond__qbin,bin,jerk_bp_mf,0.7421875,0.050000000000000044,,,,0.292553191489362
sdq_cond__qbin,bin,jerk_bp_hf,0.203125,0.011199999999999988,,,,0.1466666666666665
sdq_cond__qbin,bin,actfrac_p50,0.66796875,0.1846,,,,0.4745454545454545
sdq_cond__qbin,bin,switchmin_p50,0.53125,0.7864,,,,0.8581746031746031
sdq_cond__qbin,bin,actbout_med_p50,0.40625,0.44420000000000004,,,,0.6638858695652174
sdq_cond__qbin,bin,actbout_cv_p50,0.421875,0.5186,,,,0.7130749999999999
sdq_cond__qbin,bin,actshort_p50,0.515625,0.8788,,,,0.9017537313432836
sdq_cond__qbin,bin,actfrac_p75,0.41796875,0.5186,,,,0.7130749999999999
sdq_cond__qbin,bin,switchmin_p75,0.4921875,0.9282,,,,0.9349999999999999
sdq_cond__qbin,bin,actbout_med_p75,0.625,0.3104,,,,0.5690666666666666
sdq_cond__qbin,bin,actbout_cv_p75,0.4140625,0.48019999999999996,,,,0.684222797927461
sdq_cond__qbin,bin,actshort_p75,0.5078125,0.9282,,,,0.9349999999999999
sdq_cond__qbin,bin,actfrac_p90,0.4921875,0.9282,,,,0.9349999999999999
sdq_cond__qbin,bin,switchmin_p90,0.515625,0.8788,,,,0.9017537313432836
sdq_cond__qbin,bin,actbout_med_p90,0.6328125,0.28200000000000003,,,,0.5619565217391305
sdq_cond__qbin,bin,actbout_cv_p90,0.3046875,0.11160000000000003,,,,0.3985714285714287
sdq_cond__qbin,bin,actshort_p90,0.6484375,0.23160000000000003,,,,0.501496062992126
sdq_cond__qbin,bin,switch_per_min,0.34765625,0.23160000000000003,,,,0.501496062992126
sdq_cond__qbin,bin,act_bout_median,0.65625,0.20879999999999999,,,,0.4745454545454545
sdq_cond__qbin,bin,stl_bout_median,0.53125,0.7864,,,,0.8581746031746031
sdq_cond__qbin,bin,act_bout_cv,0.328125,0.16359999999999997,,,,0.4686458333333332
sdq_cond__qbin,bin,stl_bout_cv,0.734375,0.05679999999999996,,,,0.3062745098039214
sdq_cond__qbin,bin,frac_act_short,0.4375,0.6026,,,,0.7891190476190476
sdq_cond__qbin,bin,within_win_sd,0.625,0.3104,,,,0.5690666666666666
sdq_cond__qbin,bin,mag_median,0.6796875,0.14439999999999997,,,,0.45124999999999993
sdq_peer__qbin,bin,uaX_mean,0.6574074074074074,0.25160000000000005,,,,0.9724163568773235
sdq_peer__qbin,bin,uaX_std,0.5092592592592593,0.9254,,,,0.9724163568773235
sdq_peer__qbin,bin,uaX_var,0.5092592592592593,0.9254,,,,0.9724163568773235
sdq_peer__qbin,bin,uaX_rms,0.5092592592592593,0.9254,,,,0.9724163568773235
sdq_peer__qbin,bin,uaX_min,0.4074074074074074,0.48960000000000004,,,,0.9724163568773235
sdq_peer__qbin,bin,uaX_max,0.4722222222222222,0.8236,,,,0.9724163568773235
sdq_peer__qbin,bin,uaX_range,0.5740740740740741,0.5774,,,,0.9724163568773235
sdq_peer__qbin,bin,uaX_median,0.6759259259259259,0.19579999999999997,,,,0.9724163568773235
sdq_peer__qbin,bin,uaX_iqr,0.5462962962962963,0.7228,,,,0.9724163568773235
sdq_peer__qbin,bin,uaX_mad,0.5462962962962963,0.7228,,,,0.9724163568773235
sdq_peer__qbin,bin,uaX_skew,0.5277777777777778,0.8236,,,,0.9724163568773235
sdq_peer__qbin,bin,uaX_kurt,0.6481481481481481,0.27980000000000005,,,,0.9724163568773235
sdq_peer__qbin,bin,uaX_zcr,0.23148148148148148,0.041200000000000014,,,,0.9724163568773235
sdq_peer__qbin,bin,uaX_madiff,0.48148148148148145,0.8728,,,,0.9724163568773235
sdq_peer__qbin,bin,uaX_domfreq,0.5370370370370371,0.7732,,,,0.9724163568773235
sdq_peer__qbin,bin,uaX_centroid,0.37037037037037035,0.3448,,,,0.9724163568773235
sdq_peer__qbin,bin,uaX_spread,0.37962962962962965,0.38060000000000005,,,,0.9724163568773235
sdq_peer__qbin,bin,uaX_entropy,0.35185185185185186,0.27980000000000005,,,,0.9724163568773235
sdq_peer__qbin,bin,uaX_bp_lf,0.6203703703703703,0.38060000000000005,,,,0.9724163568773235
sdq_peer__qbin,bin,uaX_bp_mf,0.2962962962962963,0.131,,,,0.9724163568773235
sdq_peer__qbin,bin,uaX_bp_hf,0.37037037037037035,0.3448,,,,0.9724163568773235
sdq_peer__qbin,bin,uaY_mean,0.4444444444444444,0.6774,,,,0.9724163568773235
sdq_peer__qbin,bin,uaY_std,0.6111111111111112,0.4164,,,,0.9724163568773235
sdq_peer__qbin,bin,uaY_var,0.6111111111111112,0.4164,,,,0.9724163568773235
sdq_peer__qbin,bin,uaY_rms,0.6018518518518519,0.45099999999999996,,,,0.9724163568773235
sdq_peer__qbin,bin,uaY_min,0.4537037037037037,0.7228,,,,0.9724163568773235
sdq_peer__qbin,bin,uaY_max,0.3888888888888889,0.43579999999999997,,,,0.9724163568773235
sdq_peer__qbin,bin,uaY_range,0.5092592592592593,0.9254,,,,0.9724163568773235
sdq_peer__qbin,bin,uaY_median,0.39814814814814814,0.45099999999999996,,,,0.9724163568773235
sdq_peer__qbin,bin,uaY_iqr,0.5833333333333334,0.5322,,,,0.9724163568773235
sdq_peer__qbin,bin,uaY_mad,0.5833333333333334,0.5322,,,,0.9724163568773235
sdq_peer__qbin,bin,uaY_skew,0.4351851851851852,0.628,,,,0.9724163568773235
sdq_peer__qbin,bin,uaY_kurt,0.4166666666666667,0.5549999999999999,,,,0.9724163568773235
sdq_peer__qbin,bin,uaY_zcr,0.4351851851851852,0.628,,,,0.9724163568773235
sdq_peer__qbin,bin,uaY_madiff,0.6296296296296297,0.3448,,,,0.9724163568773235
sdq_peer__qbin,bin,uaY_domfreq,0.6296296296296297,0.3448,,,,0.9724163568773235
sdq_peer__qbin,bin,uaY_centroid,0.5462962962962963,0.7228,,,,0.9724163568773235
sdq_peer__qbin,bin,uaY_spread,0.4722222222222222,0.8236,,,,0.9724163568773235
sdq_peer__qbin,bin,uaY_entropy,0.4074074074074074,0.48960000000000004,,,,0.9724163568773235
sdq_peer__qbin,bin,uaY_bp_lf,0.6851851851851852,0.1714,,,,0.9724163568773235
sdq_peer__qbin,bin,uaY_bp_mf,0.4722222222222222,0.8236,,,,0.9724163568773235
sdq_peer__qbin,bin,uaY_bp_hf,0.4537037037037037,0.7228,,,,0.9724163568773235
sdq_peer__qbin,bin,uaZ_mean,0.5277777777777778,0.8236,,,,0.9724163568773235
sdq_peer__qbin,bin,uaZ_std,0.5370370370370371,0.7732,,,,0.9724163568773235
sdq_peer__qbin,bin,uaZ_var,0.5370370370370371,0.7732,,,,0.9724163568773235
sdq_peer__qbin,bin,uaZ_rms,0.5185185185185185,0.8992,,,,0.9724163568773235
sdq_peer__qbin,bin,uaZ_min,0.32407407407407407,0.19579999999999997,,,,0.9724163568773235
sdq_peer__qbin,bin,uaZ_max,0.4537037037037037,0.7228,,,,0.9724163568773235
sdq_peer__qbin,bin,uaZ_range,0.5833333333333334,0.5322,,,,0.9724163568773235
sdq_peer__qbin,bin,uaZ_median,0.4444444444444444,0.6774,,,,0.9724163568773235
sdq_peer__qbin,bin,uaZ_iqr,0.5740740740740741,0.5774,,,,0.9724163568773235
sdq_peer__qbin,bin,uaZ_mad,0.5555555555555556,0.6774,,,,0.9724163568773235
sdq_peer__qbin,bin,uaZ_skew,0.21296296296296297,0.03320000000000001,,,,0.9724163568773235
sdq_peer__qbin,bin,uaZ_kurt,0.6759259259259259,0.19579999999999997,,,,0.9724163568773235
sdq_peer__qbin,bin,uaZ_zcr,0.42592592592592593,0.5774,,,,0.9724163568773235
sdq_peer__qbin,bin,uaZ_madiff,0.4537037037037037,0.7228,,,,0.9724163568773235
sdq_peer__qbin,bin,uaZ_domfreq,0.5833333333333334,0.5322,,,,0.9724163568773235
sdq_peer__qbin,bin,uaZ_centroid,0.6111111111111112,0.4164,,,,0.9724163568773235
sdq_peer__qbin,bin,uaZ_spread,0.5925925925925926,0.51,,,,0.9724163568773235
sdq_peer__qbin,bin,uaZ_entropy,0.6203703703703703,0.38060000000000005,,,,0.9724163568773235
sdq_peer__qbin,bin,uaZ_bp_lf,0.48148148148148145,0.8728,,,,0.9724163568773235
sdq_peer__qbin,bin,uaZ_bp_mf,0.7037037037037037,0.131,,,,0.9724163568773235
sdq_peer__qbin,bin,uaZ_bp_hf,0.5925925925925926,0.51,,,,0.9724163568773235
sdq_peer__qbin,bin,uaMag_mean,0.5370370370370371,0.7732,,,,0.9724163568773235
sdq_peer__qbin,bin,uaMag_std,0.5462962962962963,0.7228,,,,0.9724163568773235
sdq_peer__qbin,bin,uaMag_var,0.5462962962962963,0.7228,,,,0.9724163568773235
sdq_peer__qbin,bin,uaMag_rms,0.5277777777777778,0.8236,,,,0.9724163568773235
sdq_peer__qbin,bin,uaMag_min,0.4074074074074074,0.48960000000000004,,,,0.9724163568773235
sdq_peer__qbin,bin,uaMag_max,0.6018518518518519,0.45099999999999996,,,,0.9724163568773235
sdq_peer__qbin,bin,uaMag_range,0.6018518518518519,0.45099999999999996,,,,0.9724163568773235
sdq_peer__qbin,bin,uaMag_median,0.5833333333333334,0.5322,,,,0.9724163568773235
sdq_peer__qbin,bin,uaMag_iqr,0.5370370370370371,0.7732,,,,0.9724163568773235
sdq_peer__qbin,bin,uaMag_mad,0.5277777777777778,0.8236,,,,0.9724163568773235
sdq_peer__qbin,bin,uaMag_skew,0.5555555555555556,0.6774,,,,0.9724163568773235
sdq_peer__qbin,bin,uaMag_kurt,0.6111111111111112,0.4164,,,,0.9724163568773235
sdq_peer__qbin,bin,uaMag_zcr,0.46296296296296297,0.7954,,,,0.9724163568773235
sdq_peer__qbin,bin,uaMag_madiff,0.5370370370370371,0.7732,,,,0.9724163568773235
sdq_peer__qbin,bin,uaMag_domfreq,0.5185185185185185,0.8992,,,,0.9724163568773235
sdq_peer__qbin,bin,uaMag_centroid,0.5462962962962963,0.7228,,,,0.9724163568773235
sdq_peer__qbin,bin,uaMag_spread,0.5648148148148148,0.6548,,,,0.9724163568773235
sdq_peer__qbin,bin,uaMag_entropy,0.5370370370370371,0.7732,,,,0.9724163568773235
sdq_peer__qbin,bin,uaMag_bp_lf,0.5833333333333334,0.5322,,,,0.9724163568773235
sdq_peer__qbin,bin,uaMag_bp_mf,0.5740740740740741,0.5774,,,,0.9724163568773235
sdq_peer__qbin,bin,uaMag_bp_hf,0.5185185185185185,0.8992,,,,0.9724163568773235
sdq_peer__qbin,bin,gyX_mean,0.5,0.9788,,,,0.9788
sdq_peer__qbin,bin,gyX_std,0.49074074074074076,0.9512,,,,0.9724163568773235
sdq_peer__qbin,bin,gyX_var,0.49074074074074076,0.9512,,,,0.9724163568773235
sdq_peer__qbin,bin,gyX_rms,0.49074074074074076,0.9512,,,,0.9724163568773235
sdq_peer__qbin,bin,gyX_min,0.6481481481481481,0.27980000000000005,,,,0.9724163568773235
sdq_peer__qbin,bin,gyX_max,0.5925925925925926,0.51,,,,0.9724163568773235
sdq_peer__qbin,bin,gyX_range,0.42592592592592593,0.5774,,,,0.9724163568773235
sdq_peer__qbin,bin,gyX_median,0.48148148148148145,0.8728,,,,0.9724163568773235
sdq_peer__qbin,bin,gyX_iqr,0.4537037037037037,0.7228,,,,0.9724163568773235
sdq_peer__qbin,bin,gyX_mad,0.4537037037037037,0.7228,,,,0.9724163568773235
sdq_peer__qbin,bin,gyX_skew,0.5277777777777778,0.8236,,,,0.9724163568773235
sdq_peer__qbin,bin,gyX_kurt,0.48148148148148145,0.8728,,,,0.9724163568773235
sdq_peer__qbin,bin,gyX_zcr,0.49074074074074076,0.9512,,,,0.9724163568773235
sdq_peer__qbin,bin,gyX_madiff,0.4537037037037037,0.7228,,,,0.9724163568773235
sdq_peer__qbin,bin,gyX_domfreq,0.48148148148148145,0.8728,,,,0.9724163568773235
sdq_peer__qbin,bin,gyX_centroid,0.4444444444444444,0.6774,,,,0.9724163568773235
sdq_peer__qbin,bin,gyX_spread,0.4074074074074074,0.48960000000000004,,,,0.9724163568773235
sdq_peer__qbin,bin,gyX_entropy,0.4444444444444444,0.6774,,,,0.9724163568773235
sdq_peer__qbin,bin,gyX_bp_lf,0.48148148148148145,0.8728,,,,0.9724163568773235
sdq_peer__qbin,bin,gyX_bp_mf,0.5277777777777778,0.8236,,,,0.9724163568773235
sdq_peer__qbin,bin,gyX_bp_hf,0.3611111111111111,0.3124,,,,0.9724163568773235
sdq_peer__qbin,bin,gyY_mean,0.8240740740740741,0.011800000000000033,,,,0.9724163568773235
sdq_peer__qbin,bin,gyY_std,0.6203703703703703,0.38060000000000005,,,,0.9724163568773235
sdq_peer__qbin,bin,gyY_var,0.6203703703703703,0.38060000000000005,,,,0.9724163568773235
sdq_peer__qbin,bin,gyY_rms,0.6203703703703703,0.38060000000000005,,,,0.9724163568773235
sdq_peer__qbin,bin,gyY_min,0.48148148148148145,0.8728,,,,0.9724163568773235
sdq_peer__qbin,bin,gyY_max,0.6944444444444444,0.1502,,,,0.9724163568773235
sdq_peer__qbin,bin,gyY_range,0.6666666666666666,0.23519999999999996,,,,0.9724163568773235
sdq_peer__qbin,bin,gyY_median,0.7129629629629629,0.12280000000000002,,,,0.9724163568773235
sdq_peer__qbin,bin,gyY_iqr,0.5555555555555556,0.6774,,,,0.9724163568773235
sdq_peer__qbin,bin,gyY_mad,0.5555555555555556,0.6774,,,,0.9724163568773235
sdq_peer__qbin,bin,gyY_skew,0.49074074074074076,0.9512,,,,0.9724163568773235
sdq_peer__qbin,bin,gyY_kurt,0.4444444444444444,0.6774,,,,0.9724163568773235
sdq_peer__qbin,bin,gyY_zcr,0.37962962962962965,0.38060000000000005,,,,0.9724163568773235
sdq_peer__qbin,bin,gyY_madiff,0.49074074074074076,0.9512,,,,0.9724163568773235
sdq_peer__qbin,bin,gyY_domfreq,0.6574074074074074,0.25160000000000005,,,,0.9724163568773235
sdq_peer__qbin,bin,gyY_centroid,0.42592592592592593,0.5774,,,,0.9724163568773235
sdq_peer__qbin,bin,gyY_spread,0.39814814814814814,0.45099999999999996,,,,0.9724163568773235
sdq_peer__qbin,bin,gyY_entropy,0.3333333333333333,0.2208,,,,0.9724163568773235
sdq_peer__qbin,bin,gyY_bp_lf,0.6203703703703703,0.38060000000000005,,,,0.9724163568773235
sdq_peer__qbin,bin,gyY_bp_mf,0.3888888888888889,0.43579999999999997,,,,0.9724163568773235
sdq_peer__qbin,bin,gyY_bp_hf,0.42592592592592593,0.5774,,,,0.9724163568773235
sdq_peer__qbin,bin,gyZ_mean,0.1111111111111111,0.0028000000000000247,,,,0.6600000000000037
sdq_peer__qbin,bin,gyZ_std,0.6944444444444444,0.1502,,,,0.9724163568773235
sdq_peer__qbin,bin,gyZ_var,0.6944444444444444,0.1502,,,,0.9724163568773235
sdq_peer__qbin,bin,gyZ_rms,0.6944444444444444,0.1502,,,,0.9724163568773235
sdq_peer__qbin,bin,gyZ_min,0.2962962962962963,0.131,,,,0.9724163568773235
sdq_peer__qbin,bin,gyZ_max,0.5370370370370371,0.7732,,,,0.9724163568773235
sdq_peer__qbin,bin,gyZ_range,0.7222222222222222,0.10060000000000002,,,,0.9724163568773235
sdq_peer__qbin,bin,gyZ_median,0.25,0.061799999999999966,,,,0.9724163568773235
sdq_peer__qbin,bin,gyZ_iqr,0.5833333333333334,0.5322,,,,0.9724163568773235
sdq_peer__qbin,bin,gyZ_mad,0.5925925925925926,0.51,,,,0.9724163568773235
sdq_peer__qbin,bin,gyZ_skew,0.5185185185185185,0.8992,,,,0.9724163568773235
sdq_peer__qbin,bin,gyZ_kurt,0.49074074074074076,0.9512,,,,0.9724163568773235
sdq_peer__qbin,bin,gyZ_zcr,0.4444444444444444,0.6774,,,,0.9724163568773235
sdq_peer__qbin,bin,gyZ_madiff,0.5925925925925926,0.51,,,,0.9724163568773235
sdq_peer__qbin,bin,gyZ_domfreq,0.4444444444444444,0.6774,,,,0.9724163568773235
sdq_peer__qbin,bin,gyZ_centroid,0.42592592592592593,0.5774,,,,0.9724163568773235
sdq_peer__qbin,bin,gyZ_spread,0.3888888888888889,0.43579999999999997,,,,0.9724163568773235
sdq_peer__qbin,bin,gyZ_entropy,0.37037037037037035,0.3448,,,,0.9724163568773235
sdq_peer__qbin,bin,gyZ_bp_lf,0.5833333333333334,0.5322,,,,0.9724163568773235
sdq_peer__qbin,bin,gyZ_bp_mf,0.42592592592592593,0.5774,,,,0.9724163568773235
sdq_peer__qbin,bin,gyZ_bp_hf,0.39814814814814814,0.45099999999999996,,,,0.9724163568773235
sdq_peer__qbin,bin,gyMag_mean,0.5092592592592593,0.9254,,,,0.9724163568773235
sdq_peer__qbin,bin,gyMag_std,0.6296296296296297,0.3448,,,,0.9724163568773235
sdq_peer__qbin,bin,gyMag_var,0.6296296296296297,0.3448,,,,0.9724163568773235
sdq_peer__qbin,bin,gyMag_rms,0.6111111111111112,0.4164,,,,0.9724163568773235
sdq_peer__qbin,bin,gyMag_min,0.5648148148148148,0.6548,,,,0.9724163568773235
sdq_peer__qbin,bin,gyMag_max,0.6111111111111112,0.4164,,,,0.9724163568773235
sdq_peer__qbin,bin,gyMag_range,0.6111111111111112,0.4164,,,,0.9724163568773235
sdq_peer__qbin,bin,gyMag_median,0.6018518518518519,0.45099999999999996,,,,0.9724163568773235
sdq_peer__qbin,bin,gyMag_iqr,0.6296296296296297,0.3448,,,,0.9724163568773235
sdq_peer__qbin,bin,gyMag_mad,0.5740740740740741,0.5774,,,,0.9724163568773235
sdq_peer__qbin,bin,gyMag_skew,0.46296296296296297,0.7954,,,,0.9724163568773235
sdq_peer__qbin,bin,gyMag_kurt,0.48148148148148145,0.8728,,,,0.9724163568773235
sdq_peer__qbin,bin,gyMag_zcr,0.4537037037037037,0.7228,,,,0.9724163568773235
sdq_peer__qbin,bin,gyMag_madiff,0.5277777777777778,0.8236,,,,0.9724163568773235
sdq_peer__qbin,bin,gyMag_domfreq,0.4166666666666667,0.5549999999999999,,,,0.9724163568773235
sdq_peer__qbin,bin,gyMag_centroid,0.4074074074074074,0.48960000000000004,,,,0.9724163568773235
sdq_peer__qbin,bin,gyMag_spread,0.4074074074074074,0.48960000000000004,,,,0.9724163568773235
sdq_peer__qbin,bin,gyMag_entropy,0.4166666666666667,0.5549999999999999,,,,0.9724163568773235
sdq_peer__qbin,bin,gyMag_bp_lf,0.5462962962962963,0.7228,,,,0.9724163568773235
sdq_peer__qbin,bin,gyMag_bp_mf,0.46296296296296297,0.7954,,,,0.9724163568773235
sdq_peer__qbin,bin,gyMag_bp_hf,0.3611111111111111,0.3124,,,,0.9724163568773235
sdq_peer__qbin,bin,pitch_mean,0.42592592592592593,0.5774,,,,0.9724163568773235
sdq_peer__qbin,bin,pitch_std,0.4537037037037037,0.7228,,,,0.9724163568773235
sdq_peer__qbin,bin,pitch_var,0.4537037037037037,0.7228,,,,0.9724163568773235
sdq_peer__qbin,bin,pitch_rms,0.5185185185185185,0.8992,,,,0.9724163568773235
sdq_peer__qbin,bin,pitch_min,0.8703703703703703,0.0048000000000000265,,,,0.6600000000000037
sdq_peer__qbin,bin,pitch_max,0.5925925925925926,0.51,,,,0.9724163568773235
sdq_peer__qbin,bin,pitch_range,0.6018518518518519,0.45099999999999996,,,,0.9724163568773235
sdq_peer__qbin,bin,pitch_median,0.3888888888888889,0.43579999999999997,,,,0.9724163568773235
sdq_peer__qbin,bin,pitch_iqr,0.4074074074074074,0.48960000000000004,,,,0.9724163568773235
sdq_peer__qbin,bin,pitch_mad,0.37962962962962965,0.38060000000000005,,,,0.9724163568773235
sdq_peer__qbin,bin,pitch_skew,0.6018518518518519,0.45099999999999996,,,,0.9724163568773235
sdq_peer__qbin,bin,pitch_kurt,0.48148148148148145,0.8728,,,,0.9724163568773235
sdq_peer__qbin,bin,pitch_zcr,0.5833333333333334,0.5322,,,,0.9724163568773235
sdq_peer__qbin,bin,pitch_madiff,0.5833333333333334,0.5322,,,,0.9724163568773235
sdq_peer__qbin,bin,pitch_domfreq,0.6296296296296297,0.3448,,,,0.9724163568773235
sdq_peer__qbin,bin,pitch_centroid,0.5833333333333334,0.5322,,,,0.9724163568773235
sdq_peer__qbin,bin,pitch_spread,0.5555555555555556,0.6774,,,,0.9724163568773235
sdq_peer__qbin,bin,pitch_entropy,0.5740740740740741,0.5774,,,,0.9724163568773235
sdq_peer__qbin,bin,pitch_bp_lf,0.6018518518518519,0.45099999999999996,,,,0.9724163568773235
sdq_peer__qbin,bin,pitch_bp_mf,0.5185185185185185,0.8992,,,,0.9724163568773235
sdq_peer__qbin,bin,pitch_bp_hf,0.5555555555555556,0.6774,,,,0.9724163568773235
sdq_peer__qbin,bin,roll_mean,0.5925925925925926,0.51,,,,0.9724163568773235
sdq_peer__qbin,bin,roll_std,0.5092592592592593,0.9254,,,,0.9724163568773235
sdq_peer__qbin,bin,roll_var,0.5092592592592593,0.9254,,,,0.9724163568773235
sdq_peer__qbin,bin,roll_rms,0.5185185185185185,0.8992,,,,0.9724163568773235
sdq_peer__qbin,bin,roll_min,0.5370370370370371,0.7732,,,,0.9724163568773235
sdq_peer__qbin,bin,roll_max,0.5370370370370371,0.7732,,,,0.9724163568773235
sdq_peer__qbin,bin,roll_range,0.4537037037037037,0.7228,,,,0.9724163568773235
sdq_peer__qbin,bin,roll_median,0.6574074074074074,0.25160000000000005,,,,0.9724163568773235
sdq_peer__qbin,bin,roll_iqr,0.4722222222222222,0.8236,,,,0.9724163568773235
sdq_peer__qbin,bin,roll_mad,0.5,0.9788,,,,0.9788
sdq_peer__qbin,bin,roll_skew,0.42592592592592593,0.5774,,,,0.9724163568773235
sdq_peer__qbin,bin,roll_kurt,0.5,0.9788,,,,0.9788
sdq_peer__qbin,bin,roll_zcr,0.7129629629629629,0.12280000000000002,,,,0.9724163568773235
sdq_peer__qbin,bin,roll_madiff,0.6759259259259259,0.19579999999999997,,,,0.9724163568773235
sdq_peer__qbin,bin,roll_domfreq,0.6944444444444444,0.1502,,,,0.9724163568773235
sdq_peer__qbin,bin,roll_centroid,0.5925925925925926,0.51,,,,0.9724163568773235
sdq_peer__qbin,bin,roll_spread,0.5925925925925926,0.51,,,,0.9724163568773235
sdq_peer__qbin,bin,roll_entropy,0.6481481481481481,0.27980000000000005,,,,0.9724163568773235
sdq_peer__qbin,bin,roll_bp_lf,0.6296296296296297,0.3448,,,,0.9724163568773235
sdq_peer__qbin,bin,roll_bp_mf,0.5740740740740741,0.5774,,,,0.9724163568773235
sdq_peer__qbin,bin,roll_bp_hf,0.5740740740740741,0.5774,,,,0.9724163568773235
sdq_peer__qbin,bin,yaw_mean,0.49074074074074076,0.9512,,,,0.9724163568773235
sdq_peer__qbin,bin,yaw_std,0.3055555555555556,0.1502,,,,0.9724163568773235
sdq_peer__qbin,bin,yaw_var,0.3055555555555556,0.1502,,,,0.9724163568773235
sdq_peer__qbin,bin,yaw_rms,0.28703703703703703,0.11519999999999997,,,,0.9724163568773235
sdq_peer__qbin,bin,yaw_min,0.5092592592592593,0.9254,,,,0.9724163568773235
sdq_peer__qbin,bin,yaw_max,0.6018518518518519,0.45099999999999996,,,,0.9724163568773235
sdq_peer__qbin,bin,yaw_range,0.5648148148148148,0.6548,,,,0.9724163568773235
sdq_peer__qbin,bin,yaw_median,0.4722222222222222,0.8236,,,,0.9724163568773235
sdq_peer__qbin,bin,yaw_iqr,0.4074074074074074,0.48960000000000004,,,,0.9724163568773235
sdq_peer__qbin,bin,yaw_mad,0.3425925925925926,0.26559999999999995,,,,0.9724163568773235
sdq_peer__qbin,bin,yaw_skew,0.5277777777777778,0.8236,,,,0.9724163568773235
sdq_peer__qbin,bin,yaw_kurt,0.6296296296296297,0.3448,,,,0.9724163568773235
sdq_peer__qbin,bin,yaw_zcr,0.5277777777777778,0.8236,,,,0.9724163568773235
sdq_peer__qbin,bin,yaw_madiff,0.4351851851851852,0.628,,,,0.9724163568773235
sdq_peer__qbin,bin,yaw_domfreq,0.5,0.9788,,,,0.9788
sdq_peer__qbin,bin,yaw_centroid,0.46296296296296297,0.7954,,,,0.9724163568773235
sdq_peer__qbin,bin,yaw_spread,0.42592592592592593,0.5774,,,,0.9724163568773235
sdq_peer__qbin,bin,yaw_entropy,0.5092592592592593,0.9254,,,,0.9724163568773235
sdq_peer__qbin,bin,yaw_bp_lf,0.49074074074074076,0.9512,,,,0.9724163568773235
sdq_peer__qbin,bin,yaw_bp_mf,0.4351851851851852,0.628,,,,0.9724163568773235
sdq_peer__qbin,bin,yaw_bp_hf,0.4444444444444444,0.6774,,,,0.9724163568773235
sdq_peer__qbin,bin,jerk_mean,0.35185185185185186,0.27980000000000005,,,,0.9724163568773235
sdq_peer__qbin,bin,jerk_std,0.6296296296296297,0.3448,,,,0.9724163568773235
sdq_peer__qbin,bin,jerk_var,0.6296296296296297,0.3448,,,,0.9724163568773235
sdq_peer__qbin,bin,jerk_rms,0.6296296296296297,0.3448,,,,0.9724163568773235
sdq_peer__qbin,bin,jerk_min,0.32407407407407407,0.19579999999999997,,,,0.9724163568773235
sdq_peer__qbin,bin,jerk_max,0.5833333333333334,0.5322,,,,0.9724163568773235
sdq_peer__qbin,bin,jerk_range,0.6388888888888888,0.3306,,,,0.9724163568773235
sdq_peer__qbin,bin,jerk_median,0.5,0.9788,,,,0.9788
sdq_peer__qbin,bin,jerk_iqr,0.48148148148148145,0.8728,,,,0.9724163568773235
sdq_peer__qbin,bin,jerk_mad,0.48148148148148145,0.8728,,,,0.9724163568773235
sdq_peer__qbin,bin,jerk_skew,0.2962962962962963,0.131,,,,0.9724163568773235
sdq_peer__qbin,bin,jerk_kurt,0.6666666666666666,0.23519999999999996,,,,0.9724163568773235
sdq_peer__qbin,bin,jerk_zcr,0.3611111111111111,0.3124,,,,0.9724163568773235
sdq_peer__qbin,bin,jerk_madiff,0.5370370370370371,0.7732,,,,0.9724163568773235
sdq_peer__qbin,bin,jerk_domfreq,0.5555555555555556,0.6774,,,,0.9724163568773235
sdq_peer__qbin,bin,jerk_centroid,0.7222222222222222,0.10060000000000002,,,,0.9724163568773235
sdq_peer__qbin,bin,jerk_spread,0.8055555555555556,0.01759999999999995,,,,0.9724163568773235
sdq_peer__qbin,bin,jerk_entropy,0.6203703703703703,0.38060000000000005,,,,0.9724163568773235
sdq_peer__qbin,bin,jerk_bp_lf,0.6574074074074074,0.25160000000000005,,,,0.9724163568773235
sdq_peer__qbin,bin,jerk_bp_mf,0.4444444444444444,0.6774,,,,0.9724163568773235
sdq_peer__qbin,bin,jerk_bp_hf,0.5,0.9788,,,,0.9788
sdq_peer__qbin,bin,actfrac_p50,0.5925925925925926,0.51,,,,0.9724163568773235
sdq_peer__qbin,bin,switchmin_p50,0.3611111111111111,0.3124,,,,0.9724163568773235
sdq_peer__qbin,bin,actbout_med_p50,0.6527777777777778,0.27980000000000005,,,,0.9724163568773235
sdq_peer__qbin,bin,actbout_cv_p50,0.42592592592592593,0.5774,,,,0.9724163568773235
sdq_peer__qbin,bin,actshort_p50,0.35185185185185186,0.27980000000000005,,,,0.9724163568773235
sdq_peer__qbin,bin,actfrac_p75,0.7314814814814815,0.08440000000000003,,,,0.9724163568773235
sdq_peer__qbin,bin,switchmin_p75,0.5370370370370371,0.7732,,,,0.9724163568773235
sdq_peer__qbin,bin,actbout_med_p75,0.6990740740740741,0.1502,,,,0.9724163568773235
sdq_peer__qbin,bin,actbout_cv_p75,0.37037037037037035,0.3448,,,,0.9724163568773235
sdq_peer__qbin,bin,actshort_p75,0.5555555555555556,0.6774,,,,0.9724163568773235
sdq_peer__qbin,bin,actfrac_p90,0.5138888888888888,0.9254,,,,0.9724163568773235
sdq_peer__qbin,bin,switchmin_p90,0.4722222222222222,0.8236,,,,0.9724163568773235
sdq_peer__qbin,bin,actbout_med_p90,0.6620370370370371,0.25160000000000005,,,,0.9724163568773235
sdq_peer__qbin,bin,actbout_cv_p90,0.4074074074074074,0.48960000000000004,,,,0.9724163568773235
sdq_peer__qbin,bin,actshort_p90,0.5277777777777778,0.8236,,,,0.9724163568773235
sdq_peer__qbin,bin,switch_per_min,0.6435185185185185,0.3124,,,,0.9724163568773235
sdq_peer__qbin,bin,act_bout_median,0.2962962962962963,0.131,,,,0.9724163568773235
sdq_peer__qbin,bin,stl_bout_median,0.41203703703703703,0.5322,,,,0.9724163568773235
sdq_peer__qbin,bin,act_bout_cv,0.5925925925925926,0.51,,,,0.9724163568773235
sdq_peer__qbin,bin,stl_bout_cv,0.5277777777777778,0.8236,,,,0.9724163568773235
sdq_peer__qbin,bin,frac_act_short,0.5648148148148148,0.6548,,,,0.9724163568773235
sdq_peer__qbin,bin,within_win_sd,0.6296296296296297,0.3448,,,,0.9724163568773235
sdq_peer__qbin,bin,mag_median,0.5833333333333334,0.5322,,,,0.9724163568773235
sdq_pro__qbin,bin,uaX_mean,0.5333333333333333,0.7724,,,,0.9775547445255474
sdq_pro__qbin,bin,uaX_std,0.5703703703703704,0.5688,,,,0.9775547445255474
sdq_pro__qbin,bin,uaX_var,0.5703703703703704,0.5688,,,,0.9775547445255474
sdq_pro__qbin,bin,uaX_rms,0.5703703703703704,0.5688,,,,0.9775547445255474
sdq_pro__qbin,bin,uaX_min,0.43703703703703706,0.6272,,,,0.9775547445255474
sdq_pro__qbin,bin,uaX_max,0.5481481481481482,0.6888000000000001,,,,0.9775547445255474
sdq_pro__qbin,bin,uaX_range,0.5777777777777777,0.5484,,,,0.9775547445255474
sdq_pro__qbin,bin,uaX_median,0.5851851851851851,0.5102,,,,0.9775547445255474
sdq_pro__qbin,bin,uaX_iqr,0.4740740740740741,0.8186,,,,0.9775547445255474
sdq_pro__qbin,bin,uaX_mad,0.45185185185185184,0.6888000000000001,,,,0.9775547445255474
sdq_pro__qbin,bin,uaX_skew,0.4666666666666667,0.7724,,,,0.9775547445255474
sdq_pro__qbin,bin,uaX_kurt,0.5185185185185185,0.8786,,,,0.9775547445255474
sdq_pro__qbin,bin,uaX_zcr,0.5407407407407407,0.7318,,,,0.9775547445255474
sdq_pro__qbin,bin,uaX_madiff,0.5037037037037037,0.974,,,,0.9775547445255474
sdq_pro__qbin,bin,uaX_domfreq,0.5333333333333333,0.7724,,,,0.9775547445255474
sdq_pro__qbin,bin,uaX_centroid,0.42962962962962964,0.5898,,,,0.9775547445255474
sdq_pro__qbin,bin,uaX_spread,0.48148148148148145,0.8606,,,,0.9775547445255474
sdq_pro__qbin,bin,uaX_entropy,0.5333333333333333,0.7724,,,,0.9775547445255474
sdq_pro__qbin,bin,uaX_bp_lf,0.37777777777777777,0.32520000000000004,,,,0.9775547445255474
sdq_pro__qbin,bin,uaX_bp_mf,0.45185185185185184,0.6888000000000001,,,,0.9775547445255474
sdq_pro__qbin,bin,uaX_bp_hf,0.45925925925925926,0.7318,,,,0.9775547445255474
sdq_pro__qbin,bin,uaY_mean,0.5037037037037037,0.974,,,,0.9775547445255474
sdq_pro__qbin,bin,uaY_std,0.5259259259259259,0.8186,,,,0.9775547445255474
sdq_pro__qbin,bin,uaY_var,0.5259259259259259,0.8186,,,,0.9775547445255474
sdq_pro__qbin,bin,uaY_rms,0.5185185185185185,0.8786,,,,0.9775547445255474
sdq_pro__qbin,bin,uaY_min,0.4444444444444444,0.6468,,,,0.9775547445255474
sdq_pro__qbin,bin,uaY_max,0.5185185185185185,0.8786,,,,0.9775547445255474
sdq_pro__qbin,bin,uaY_range,0.5185185185185185,0.8786,,,,0.9775547445255474
sdq_pro__qbin,bin,uaY_median,0.4148148148148148,0.4942,,,,0.9775547445255474
sdq_pro__qbin,bin,uaY_iqr,0.45185185185185184,0.6888000000000001,,,,0.9775547445255474
sdq_pro__qbin,bin,uaY_mad,0.4444444444444444,0.6468,,,,0.9775547445255474
sdq_pro__qbin,bin,uaY_skew,0.6370370370370371,0.26680000000000004,,,,0.9775547445255474
sdq_pro__qbin,bin,uaY_kurt,0.562962962962963,0.6073999999999999,,,,0.9775547445255474
sdq_pro__qbin,bin,uaY_zcr,0.5703703703703704,0.5688,,,,0.9775547445255474
sdq_pro__qbin,bin,uaY_madiff,0.4740740740740741,0.8186,,,,0.9775547445255474
sdq_pro__qbin,bin,uaY_domfreq,0.562962962962963,0.6073999999999999,,,,0.9775547445255474
sdq_pro__qbin,bin,uaY_centroid,0.5259259259259259,0.8186,,,,0.9775547445255474
sdq_pro__qbin,bin,uaY_spread,0.5333333333333333,0.7724,,,,0.9775547445255474
sdq_pro__qbin,bin,uaY_entropy,0.5851851851851851,0.5102,,,,0.9775547445255474
sdq_pro__qbin,bin,uaY_bp_lf,0.34074074074074073,0.1976,,,,0.9775547445255474
sdq_pro__qbin,bin,uaY_bp_mf,0.5259259259259259,0.8186,,,,0.9775547445255474
sdq_pro__qbin,bin,uaY_bp_hf,0.5407407407407407,0.7318,,,,0.9775547445255474
sdq_pro__qbin,bin,uaZ_mean,0.5777777777777777,0.5484,,,,0.9775547445255474
sdq_pro__qbin,bin,uaZ_std,0.5037037037037037,0.974,,,,0.9775547445255474
sdq_pro__qbin,bin,uaZ_var,0.5037037037037037,0.974,,,,0.9775547445255474
sdq_pro__qbin,bin,uaZ_rms,0.5111111111111111,0.9294,,,,0.9775547445255474
sdq_pro__qbin,bin,uaZ_min,0.5555555555555556,0.6468,,,,0.9775547445255474
sdq_pro__qbin,bin,uaZ_max,0.5259259259259259,0.8186,,,,0.9775547445255474
sdq_pro__qbin,bin,uaZ_range,0.45925925925925926,0.7318,,,,0.9775547445255474
sdq_pro__qbin,bin,uaZ_median,0.5111111111111111,0.9294,,,,0.9775547445255474
sdq_pro__qbin,bin,uaZ_iqr,0.45925925925925926,0.7318,,,,0.9775547445255474
sdq_pro__qbin,bin,uaZ_mad,0.45925925925925926,0.7318,,,,0.9775547445255474
sdq_pro__qbin,bin,uaZ_skew,0.7407407407407407,0.049000000000000044,,,,0.9775547445255474
sdq_pro__qbin,bin,uaZ_kurt,0.43703703703703706,0.6272,,,,0.9775547445255474
sdq_pro__qbin,bin,uaZ_zcr,0.45185185185185184,0.6888000000000001,,,,0.9775547445255474
sdq_pro__qbin,bin,uaZ_madiff,0.5259259259259259,0.8186,,,,0.9775547445255474
sdq_pro__qbin,bin,uaZ_domfreq,0.6444444444444445,0.24480000000000002,,,,0.9775547445255474
sdq_pro__qbin,bin,uaZ_centroid,0.4074074074074074,0.4538,,,,0.9775547445255474
sdq_pro__qbin,bin,uaZ_spread,0.48148148148148145,0.8606,,,,0.9775547445255474
sdq_pro__qbin,bin,uaZ_entropy,0.48148148148148145,0.8606,,,,0.9775547445255474
sdq_pro__qbin,bin,uaZ_bp_lf,0.42962962962962964,0.5898,,,,0.9775547445255474
sdq_pro__qbin,bin,uaZ_bp_mf,0.4444444444444444,0.6468,,,,0.9775547445255474
sdq_pro__qbin,bin,uaZ_bp_hf,0.45925925925925926,0.7318,,,,0.9775547445255474
sdq_pro__qbin,bin,uaMag_mean,0.5037037037037037,0.974,,,,0.9775547445255474
sdq_pro__qbin,bin,uaMag_std,0.5481481481481482,0.6888000000000001,,,,0.9775547445255474
sdq_pro__qbin,bin,uaMag_var,0.5481481481481482,0.6888000000000001,,,,0.9775547445255474
sdq_pro__qbin,bin,uaMag_rms,0.5185185185185185,0.8786,,,,0.9775547445255474
sdq_pro__qbin,bin,uaMag_min,0.4888888888888889,0.9052,,,,0.9775547445255474
sdq_pro__qbin,bin,uaMag_max,0.45925925925925926,0.7318,,,,0.9775547445255474
sdq_pro__qbin,bin,uaMag_range,0.45925925925925926,0.7318,,,,0.9775547445255474
sdq_pro__qbin,bin,uaMag_median,0.45925925925925926,0.7318,,,,0.9775547445255474
sdq_pro__qbin,bin,uaMag_iqr,0.5111111111111111,0.9294,,,,0.9775547445255474
sdq_pro__qbin,bin,uaMag_mad,0.48148148148148145,0.8606,,,,0.9775547445255474
sdq_pro__qbin,bin,uaMag_skew,0.5037037037037037,0.974,,,,0.9775547445255474
sdq_pro__qbin,bin,uaMag_kurt,0.4888888888888889,0.9052,,,,0.9775547445255474
sdq_pro__qbin,bin,uaMag_zcr,0.4444444444444444,0.6468,,,,0.9775547445255474
sdq_pro__qbin,bin,uaMag_madiff,0.4888888888888889,0.9052,,,,0.9775547445255474
sdq_pro__qbin,bin,uaMag_domfreq,0.5407407407407407,0.7318,,,,0.9775547445255474
sdq_pro__qbin,bin,uaMag_centroid,0.42962962962962964,0.5898,,,,0.9775547445255474
sdq_pro__qbin,bin,uaMag_spread,0.3333333333333333,0.18100000000000005,,,,0.9775547445255474
sdq_pro__qbin,bin,uaMag_entropy,0.5333333333333333,0.7724,,,,0.9775547445255474
sdq_pro__qbin,bin,uaMag_bp_lf,0.5037037037037037,0.974,,,,0.9775547445255474
sdq_pro__qbin,bin,uaMag_bp_mf,0.3851851851851852,0.359,,,,0.9775547445255474
sdq_pro__qbin,bin,uaMag_bp_hf,0.4074074074074074,0.4538,,,,0.9775547445255474
sdq_pro__qbin,bin,gyX_mean,0.4148148148148148,0.4942,,,,0.9775547445255474
sdq_pro__qbin,bin,gyX_std,0.43703703703703706,0.6272,,,,0.9775547445255474
sdq_pro__qbin,bin,gyX_var,0.43703703703703706,0.6272,,,,0.9775547445255474
sdq_pro__qbin,bin,gyX_rms,0.43703703703703706,0.6272,,,,0.9775547445255474
sdq_pro__qbin,bin,gyX_min,0.43703703703703706,0.6272,,,,0.9775547445255474
sdq_pro__qbin,bin,gyX_max,0.6222222222222222,0.32520000000000004,,,,0.9775547445255474
sdq_pro__qbin,bin,gyX_range,0.6,0.4214,,,,0.9775547445255474
sdq_pro__qbin,bin,gyX_median,0.5259259259259259,0.8186,,,,0.9775547445255474
sdq_pro__qbin,bin,gyX_iqr,0.4666666666666667,0.7724,,,,0.9775547445255474
sdq_pro__qbin,bin,gyX_mad,0.4666666666666667,0.7724,,,,0.9775547445255474
sdq_pro__qbin,bin,gyX_skew,0.5851851851851851,0.5102,,,,0.9775547445255474
sdq_pro__qbin,bin,gyX_kurt,0.6370370370370371,0.26680000000000004,,,,0.9775547445255474
sdq_pro__qbin,bin,gyX_zcr,0.31851851851851853,0.14780000000000004,,,,0.9775547445255474
sdq_pro__qbin,bin,gyX_madiff,0.3925925925925926,0.3912,,,,0.9775547445255474
sdq_pro__qbin,bin,gyX_domfreq,0.5333333333333333,0.7724,,,,0.9775547445255474
sdq_pro__qbin,bin,gyX_centroid,0.4962962962962963,0.9526,,,,0.9775547445255474
sdq_pro__qbin,bin,gyX_spread,0.4888888888888889,0.9052,,,,0.9775547445255474
sdq_pro__qbin,bin,gyX_entropy,0.4888888888888889,0.9052,,,,0.9775547445255474
sdq_pro__qbin,bin,gyX_bp_lf,0.4962962962962963,0.9526,,,,0.9775547445255474
sdq_pro__qbin,bin,gyX_bp_mf,0.43703703703703706,0.6272,,,,0.9775547445255474
sdq_pro__qbin,bin,gyX_bp_hf,0.4962962962962963,0.9526,,,,0.9775547445255474
sdq_pro__qbin,bin,gyY_mean,0.25925925925925924,0.045599999999999974,,,,0.9775547445255474
sdq_pro__qbin,bin,gyY_std,0.6592592592592592,0.20999999999999996,,,,0.9775547445255474
sdq_pro__qbin,bin,gyY_var,0.6592592592592592,0.20999999999999996,,,,0.9775547445255474
sdq_pro__qbin,bin,gyY_rms,0.6592592592592592,0.20999999999999996,,,,0.9775547445255474
sdq_pro__qbin,bin,gyY_min,0.3333333333333333,0.18100000000000005,,,,0.9775547445255474
sdq_pro__qbin,bin,gyY_max,0.5111111111111111,0.9294,,,,0.9775547445255474
sdq_pro__qbin,bin,gyY_range,0.6,0.4214,,,,0.9775547445255474
sdq_pro__qbin,bin,gyY_median,0.3111111111111111,0.13180000000000003,,,,0.9775547445255474
sdq_pro__qbin,bin,gyY_iqr,0.4888888888888889,0.9052,,,,0.9775547445255474
sdq_pro__qbin,bin,gyY_mad,0.4888888888888889,0.9052,,,,0.9775547445255474
sdq_pro__qbin,bin,gyY_skew,0.362962962962963,0.28080000000000005,,,,0.9775547445255474
sdq_pro__qbin,bin,gyY_kurt,0.6666666666666666,0.1884,,,,0.9775547445255474
sdq_pro__qbin,bin,gyY_zcr,0.5407407407407407,0.7318,,,,0.9775547445255474
sdq_pro__qbin,bin,gyY_madiff,0.5777777777777777,0.5484,,,,0.9775547445255474
sdq_pro__qbin,bin,gyY_domfreq,0.23703703703703705,0.027599999999999958,,,,0.9775547445255474
sdq_pro__qbin,bin,gyY_centroid,0.5925925925925926,0.4758,,,,0.9775547445255474
sdq_pro__qbin,bin,gyY_spread,0.5851851851851851,0.5102,,,,0.9775547445255474
sdq_pro__qbin,bin,gyY_entropy,0.6148148148148148,0.359,,,,0.9775547445255474
sdq_pro__qbin,bin,gyY_bp_lf,0.4888888888888889,0.9052,,,,0.9775547445255474
sdq_pro__qbin,bin,gyY_bp_mf,0.5259259259259259,0.8186,,,,0.9775547445255474
sdq_pro__qbin,bin,gyY_bp_hf,0.5703703703703704,0.5688,,,,0.9775547445255474
sdq_pro__qbin,bin,gyZ_mean,0.7037037037037037,0.10040000000000004,,,,0.9775547445255474
sdq_pro__qbin,bin,gyZ_std,0.5037037037037037,0.974,,,,0.9775547445255474
sdq_pro__qbin,bin,gyZ_var,0.5037037037037037,0.974,,,,0.9775547445255474
sdq_pro__qbin,bin,gyZ_rms,0.5037037037037037,0.974,,,,0.9775547445255474
sdq_pro__qbin,bin,gyZ_min,0.4148148148148148,0.4942,,,,0.9775547445255474
sdq_pro__qbin,bin,gyZ_max,0.4962962962962963,0.9526,,,,0.9775547445255474
sdq_pro__qbin,bin,gyZ_range,0.5407407407407407,0.7318,,,,0.9775547445255474
sdq_pro__qbin,bin,gyZ_median,0.5925925925925926,0.4758,,,,0.9775547445255474
sdq_pro__qbin,bin,gyZ_iqr,0.4148148148148148,0.4942,,,,0.9775547445255474
sdq_pro__qbin,bin,gyZ_mad,0.4148148148148148,0.4942,,,,0.9775547445255474
sdq_pro__qbin,bin,gyZ_skew,0.5333333333333333,0.7724,,,,0.9775547445255474
sdq_pro__qbin,bin,gyZ_kurt,0.6518518518518519,0.22219999999999995,,,,0.9775547445255474
sdq_pro__qbin,bin,gyZ_zcr,0.5555555555555556,0.6468,,,,0.9775547445255474
sdq_pro__qbin,bin,gyZ_madiff,0.4666666666666667,0.7724,,,,0.9775547445255474
sdq_pro__qbin,bin,gyZ_domfreq,0.5555555555555556,0.6468,,,,0.9775547445255474
sdq_pro__qbin,bin,gyZ_centroid,0.6518518518518519,0.22219999999999995,,,,0.9775547445255474
sdq_pro__qbin,bin,gyZ_spread,0.6,0.4214,,,,0.9775547445255474
sdq_pro__qbin,bin,gyZ_entropy,0.6666666666666666,0.1884,,,,0.9775547445255474
sdq_pro__qbin,bin,gyZ_bp_lf,0.4740740740740741,0.8186,,,,0.9775547445255474
sdq_pro__qbin,bin,gyZ_bp_mf,0.6296296296296297,0.2974,,,,0.9775547445255474
sdq_pro__qbin,bin,gyZ_bp_hf,0.5925925925925926,0.4758,,,,0.9775547445255474
sdq_pro__qbin,bin,gyMag_mean,0.48148148148148145,0.8606,,,,0.9775547445255474
sdq_pro__qbin,bin,gyMag_std,0.5037037037037037,0.974,,,,0.9775547445255474
sdq_pro__qbin,bin,gyMag_var,0.5037037037037037,0.974,,,,0.9775547445255474
sdq_pro__qbin,bin,gyMag_rms,0.4666666666666667,0.7724,,,,0.9775547445255474
sdq_pro__qbin,bin,gyMag_min,0.362962962962963,0.28080000000000005,,,,0.9775547445255474
sdq_pro__qbin,bin,gyMag_max,0.5851851851851851,0.5102,,,,0.9775547445255474
sdq_pro__qbin,bin,gyMag_range,0.5851851851851851,0.5102,,,,0.9775547445255474
sdq_pro__qbin,bin,gyMag_median,0.3851851851851852,0.359,,,,0.9775547445255474
sdq_pro__qbin,bin,gyMag_iqr,0.45185185185185184,0.6888000000000001,,,,0.9775547445255474
sdq_pro__qbin,bin,gyMag_mad,0.4666666666666667,0.7724,,,,0.9775547445255474
sdq_pro__qbin,bin,gyMag_skew,0.6296296296296297,0.2974,,,,0.9775547445255474
sdq_pro__qbin,bin,gyMag_kurt,0.6222222222222222,0.32520000000000004,,,,0.9775547445255474
sdq_pro__qbin,bin,gyMag_zcr,0.362962962962963,0.28080000000000005,,,,0.9775547445255474
sdq_pro__qbin,bin,gyMag_madiff,0.42962962962962964,0.5898,,,,0.9775547445255474
sdq_pro__qbin,bin,gyMag_domfreq,0.5925925925925926,0.4758,,,,0.9775547445255474
sdq_pro__qbin,bin,gyMag_centroid,0.45925925925925926,0.7318,,,,0.9775547445255474
sdq_pro__qbin,bin,gyMag_spread,0.4,0.4214,,,,0.9775547445255474
sdq_pro__qbin,bin,gyMag_entropy,0.5481481481481482,0.6888000000000001,,,,0.9775547445255474
sdq_pro__qbin,bin,gyMag_bp_lf,0.5259259259259259,0.8186,,,,0.9775547445255474
sdq_pro__qbin,bin,gyMag_bp_mf,0.35555555555555557,0.25660000000000005,,,,0.9775547445255474
sdq_pro__qbin,bin,gyMag_bp_hf,0.4444444444444444,0.6468,,,,0.9775547445255474
sdq_pro__qbin,bin,pitch_mean,0.4666666666666667,0.7724,,,,0.9775547445255474
sdq_pro__qbin,bin,pitch_std,0.562962962962963,0.6073999999999999,,,,0.9775547445255474
sdq_pro__qbin,bin,pitch_var,0.562962962962963,0.6073999999999999,,,,0.9775547445255474
sdq_pro__qbin,bin,pitch_rms,0.5555555555555556,0.6468,,,,0.9775547445255474
sdq_pro__qbin,bin,pitch_min,0.2962962962962963,0.10040000000000004,,,,0.9775547445255474
sdq_pro__qbin,bin,pitch_max,0.45925925925925926,0.7318,,,,0.9775547445255474
sdq_pro__qbin,bin,pitch_range,0.42962962962962964,0.5898,,,,0.9775547445255474
sdq_pro__qbin,bin,pitch_median,0.43703703703703706,0.6272,,,,0.9775547445255474
sdq_pro__qbin,bin,pitch_iqr,0.6370370370370371,0.26680000000000004,,,,0.9775547445255474
sdq_pro__qbin,bin,pitch_mad,0.674074074074074,0.1624,,,,0.9775547445255474
sdq_pro__qbin,bin,pitch_skew,0.5481481481481482,0.6888000000000001,,,,0.9775547445255474
sdq_pro__qbin,bin,pitch_kurt,0.4222222222222222,0.5306,,,,0.9775547445255474
sdq_pro__qbin,bin,pitch_zcr,0.42962962962962964,0.5898,,,,0.9775547445255474
sdq_pro__qbin,bin,pitch_madiff,0.4074074074074074,0.4538,,,,0.9775547445255474
sdq_pro__qbin,bin,pitch_domfreq,0.5333333333333333,0.7724,,,,0.9775547445255474
sdq_pro__qbin,bin,pitch_centroid,0.48148148148148145,0.8606,,,,0.9775547445255474
sdq_pro__qbin,bin,pitch_spread,0.5407407407407407,0.7318,,,,0.9775547445255474
sdq_pro__qbin,bin,pitch_entropy,0.4666666666666667,0.7724,,,,0.9775547445255474
sdq_pro__qbin,bin,pitch_bp_lf,0.42962962962962964,0.5898,,,,0.9775547445255474
sdq_pro__qbin,bin,pitch_bp_mf,0.5481481481481482,0.6888000000000001,,,,0.9775547445255474
sdq_pro__qbin,bin,pitch_bp_hf,0.5407407407407407,0.7318,,,,0.9775547445255474
sdq_pro__qbin,bin,roll_mean,0.28888888888888886,0.08760000000000001,,,,0.9775547445255474
sdq_pro__qbin,bin,roll_std,0.5925925925925926,0.4758,,,,0.9775547445255474
sdq_pro__qbin,bin,roll_var,0.5925925925925926,0.4758,,,,0.9775547445255474
sdq_pro__qbin,bin,roll_rms,0.5259259259259259,0.8186,,,,0.9775547445255474
sdq_pro__qbin,bin,roll_min,0.4962962962962963,0.9526,,,,0.9775547445255474
sdq_pro__qbin,bin,roll_max,0.6148148148148148,0.359,,,,0.9775547445255474
sdq_pro__qbin,bin,roll_range,0.562962962962963,0.6073999999999999,,,,0.9775547445255474
sdq_pro__qbin,bin,roll_median,0.24444444444444444,0.03359999999999996,,,,0.9775547445255474
sdq_pro__qbin,bin,roll_iqr,0.6444444444444445,0.24480000000000002,,,,0.9775547445255474
sdq_pro__qbin,bin,roll_mad,0.6888888888888889,0.13180000000000003,,,,0.9775547445255474
sdq_pro__qbin,bin,roll_skew,0.7037037037037037,0.10040000000000004,,,,0.9775547445255474
sdq_pro__qbin,bin,roll_kurt,0.42962962962962964,0.5898,,,,0.9775547445255474
sdq_pro__qbin,bin,roll_zcr,0.3851851851851852,0.359,,,,0.9775547445255474
sdq_pro__qbin,bin,roll_madiff,0.5037037037037037,0.974,,,,0.9775547445255474
sdq_pro__qbin,bin,roll_domfreq,0.6222222222222222,0.32520000000000004,,,,0.9775547445255474
sdq_pro__qbin,bin,roll_centroid,0.4962962962962963,0.9526,,,,0.9775547445255474
sdq_pro__qbin,bin,roll_spread,0.4740740740740741,0.8186,,,,0.9775547445255474
sdq_pro__qbin,bin,roll_entropy,0.4962962962962963,0.9526,,,,0.9775547445255474
sdq_pro__qbin,bin,roll_bp_lf,0.4962962962962963,0.9526,,,,0.9775547445255474
sdq_pro__qbin,bin,roll_bp_mf,0.4888888888888889,0.9052,,,,0.9775547445255474
sdq_pro__qbin,bin,roll_bp_hf,0.4888888888888889,0.9052,,,,0.9775547445255474
sdq_pro__qbin,bin,yaw_mean,0.28888888888888886,0.08760000000000001,,,,0.9775547445255474
sdq_pro__qbin,bin,yaw_std,0.6222222222222222,0.32520000000000004,,,,0.9775547445255474
sdq_pro__qbin,bin,yaw_var,0.6222222222222222,0.32520000000000004,,,,0.9775547445255474
sdq_pro__qbin,bin,yaw_rms,0.6222222222222222,0.32520000000000004,,,,0.9775547445255474
sdq_pro__qbin,bin,yaw_min,0.42962962962962964,0.5898,,,,0.9775547445255474
sdq_pro__qbin,bin,yaw_max,0.5407407407407407,0.7318,,,,0.9775547445255474
sdq_pro__qbin,bin,yaw_range,0.5185185185185185,0.8786,,,,0.9775547445255474
sdq_pro__qbin,bin,yaw_median,0.32592592592592595,0.1624,,,,0.9775547445255474
sdq_pro__qbin,bin,yaw_iqr,0.5851851851851851,0.5102,,,,0.9775547445255474
sdq_pro__qbin,bin,yaw_mad,0.6148148148148148,0.359,,,,0.9775547445255474
sdq_pro__qbin,bin,yaw_skew,0.6888888888888889,0.13180000000000003,,,,0.9775547445255474
sdq_pro__qbin,bin,yaw_kurt,0.4222222222222222,0.5306,,,,0.9775547445255474
sdq_pro__qbin,bin,yaw_zcr,0.48148148148148145,0.8606,,,,0.9775547445255474
sdq_pro__qbin,bin,yaw_madiff,0.5259259259259259,0.8186,,,,0.9775547445255474
sdq_pro__qbin,bin,yaw_domfreq,0.5185185185185185,0.8786,,,,0.9775547445255474
sdq_pro__qbin,bin,yaw_centroid,0.5185185185185185,0.8786,,,,0.9775547445255474
sdq_pro__qbin,bin,yaw_spread,0.5481481481481482,0.6888000000000001,,,,0.9775547445255474
sdq_pro__qbin,bin,yaw_entropy,0.48148148148148145,0.8606,,,,0.9775547445255474
sdq_pro__qbin,bin,yaw_bp_lf,0.5259259259259259,0.8186,,,,0.9775547445255474
sdq_pro__qbin,bin,yaw_bp_mf,0.5555555555555556,0.6468,,,,0.9775547445255474
sdq_pro__qbin,bin,yaw_bp_hf,0.5333333333333333,0.7724,,,,0.9775547445255474
sdq_pro__qbin,bin,jerk_mean,0.4666666666666667,0.7724,,,,0.9775547445255474
sdq_pro__qbin,bin,jerk_std,0.4222222222222222,0.5306,,,,0.9775547445255474
sdq_pro__qbin,bin,jerk_var,0.4222222222222222,0.5306,,,,0.9775547445255474
sdq_pro__qbin,bin,jerk_rms,0.4222222222222222,0.5306,,,,0.9775547445255474
sdq_pro__qbin,bin,jerk_min,0.5481481481481482,0.6888000000000001,,,,0.9775547445255474
sdq_pro__qbin,bin,jerk_max,0.4148148148148148,0.4942,,,,0.9775547445255474
sdq_pro__qbin,bin,jerk_range,0.42962962962962964,0.5898,,,,0.9775547445255474
sdq_pro__qbin,bin,jerk_median,0.5,1.0,,,,1.0
sdq_pro__qbin,bin,jerk_iqr,0.43703703703703706,0.6272,,,,0.9775547445255474
sdq_pro__qbin,bin,jerk_mad,0.43703703703703706,0.6272,,,,0.9775547445255474
sdq_pro__qbin,bin,jerk_skew,0.34814814814814815,0.23460000000000003,,,,0.9775547445255474
sdq_pro__qbin,bin,jerk_kurt,0.4222222222222222,0.5306,,,,0.9775547445255474
sdq_pro__qbin,bin,jerk_zcr,0.6592592592592592,0.20999999999999996,,,,0.9775547445255474
sdq_pro__qbin,bin,jerk_madiff,0.4888888888888889,0.9052,,,,0.9775547445255474
sdq_pro__qbin,bin,jerk_domfreq,0.6296296296296297,0.2974,,,,0.9775547445255474
sdq_pro__qbin,bin,jerk_centroid,0.34814814814814815,0.23460000000000003,,,,0.9775547445255474
sdq_pro__qbin,bin,jerk_spread,0.5111111111111111,0.9294,,,,0.9775547445255474
sdq_pro__qbin,bin,jerk_entropy,0.5703703703703704,0.5688,,,,0.9775547445255474
sdq_pro__qbin,bin,jerk_bp_lf,0.5481481481481482,0.6888000000000001,,,,0.9775547445255474
sdq_pro__qbin,bin,jerk_bp_mf,0.4962962962962963,0.9526,,,,0.9775547445255474
sdq_pro__qbin,bin,jerk_bp_hf,0.5111111111111111,0.9294,,,,0.9775547445255474
sdq_pro__qbin,bin,actfrac_p50,0.7148148148148148,0.08760000000000001,,,,0.9775547445255474
sdq_pro__qbin,bin,switchmin_p50,0.5037037037037037,0.974,,,,0.9775547445255474
sdq_pro__qbin,bin,actbout_med_p50,0.3814814814814815,0.359,,,,0.9775547445255474
sdq_pro__qbin,bin,actbout_cv_p50,0.5925925925925926,0.4758,,,,0.9775547445255474
sdq_pro__qbin,bin,actshort_p50,0.5333333333333333,0.7724,,,,0.9775547445255474
sdq_pro__qbin,bin,actfrac_p75,0.362962962962963,0.28080000000000005,,,,0.9775547445255474
sdq_pro__qbin,bin,switchmin_p75,0.37777777777777777,0.32520000000000004,,,,0.9775547445255474
sdq_pro__qbin,bin,actbout_med_p75,0.4444444444444444,0.6468,,,,0.9775547445255474
sdq_pro__qbin,bin,actbout_cv_p75,0.6296296296296297,0.2974,,,,0.9775547445255474
sdq_pro__qbin,bin,actshort_p75,0.3851851851851852,0.359,,,,0.9775547445255474
sdq_pro__qbin,bin,actfrac_p90,0.35555555555555557,0.25660000000000005,,,,0.9775547445255474
sdq_pro__qbin,bin,switchmin_p90,0.35555555555555557,0.25660000000000005,,,,0.9775547445255474
sdq_pro__qbin,bin,actbout_med_p90,0.37777777777777777,0.32520000000000004,,,,0.9775547445255474
sdq_pro__qbin,bin,actbout_cv_p90,0.6222222222222222,0.32520000000000004,,,,0.9775547445255474
sdq_pro__qbin,bin,actshort_p90,0.43703703703703706,0.6272,,,,0.9775547445255474
sdq_pro__qbin,bin,switch_per_min,0.4888888888888889,0.9052,,,,0.9775547445255474
sdq_pro__qbin,bin,act_bout_median,0.6074074074074074,0.3912,,,,0.9775547445255474
sdq_pro__qbin,bin,stl_bout_median,0.5592592592592592,0.6468,,,,0.9775547445255474
sdq_pro__qbin,bin,act_bout_cv,0.6592592592592592,0.20999999999999996,,,,0.9775547445255474
sdq_pro__qbin,bin,stl_bout_cv,0.45925925925925926,0.7318,,,,0.9775547445255474
sdq_pro__qbin,bin,frac_act_short,0.5037037037037037,0.974,,,,0.9775547445255474
sdq_pro__qbin,bin,within_win_sd,0.5111111111111111,0.9294,,,,0.9775547445255474
sdq_pro__qbin,bin,mag_median,0.45925925925925926,0.7318,,,,0.9775547445255474
sdq_totdiff__qbin,bin,uaX_mean,0.4,0.402,,,,0.8587857142857143
sdq_totdiff__qbin,bin,uaX_std,0.28888888888888886,0.08099999999999996,,,,0.8587857142857143
sdq_totdiff__qbin,bin,uaX_var,0.28888888888888886,0.08099999999999996,,,,0.8587857142857143
sdq_totdiff__qbin,bin,uaX_rms,0.2814814814814815,0.0766,,,,0.8587857142857143
sdq_totdiff__qbin,bin,uaX_min,0.6666666666666666,0.17800000000000005,,,,0.8587857142857143
sdq_totdiff__qbin,bin,uaX_max,0.4222222222222222,0.507,,,,0.8995161290322581
sdq_totdiff__qbin,bin,uaX_range,0.2814814814814815,0.0766,,,,0.8587857142857143
sdq_totdiff__qbin,bin,uaX_median,0.3925925925925926,0.3668,,,,0.8587857142857143
sdq_totdiff__qbin,bin,uaX_iqr,0.35555555555555557,0.23860000000000003,,,,0.8587857142857143
sdq_totdiff__qbin,bin,uaX_mad,0.362962962962963,0.26259999999999994,,,,0.8587857142857143
sdq_totdiff__qbin,bin,uaX_skew,0.5407407407407407,0.7203999999999999,,,,0.9344811320754717
sdq_totdiff__qbin,bin,uaX_kurt,0.4074074074074074,0.43720000000000003,,,,0.8587857142857143
sdq_totdiff__qbin,bin,uaX_zcr,0.4888888888888889,0.9097999999999999,,,,0.9735214007782101
sdq_totdiff__qbin,bin,uaX_madiff,0.37037037037037035,0.27359999999999995,,,,0.8587857142857143
sdq_totdiff__qbin,bin,uaX_domfreq,0.32592592592592595,0.1512,,,,0.8587857142857143
sdq_totdiff__qbin,bin,uaX_centroid,0.6222222222222222,0.30279999999999996,,,,0.8587857142857143
sdq_totdiff__qbin,bin,uaX_spread,0.6074074074074074,0.3668,,,,0.8587857142857143
sdq_totdiff__qbin,bin,uaX_entropy,0.6,0.402,,,,0.8587857142857143
sdq_totdiff__qbin,bin,uaX_bp_lf,0.45185185185185184,0.6746,,,,0.9322361809045225
sdq_totdiff__qbin,bin,uaX_bp_mf,0.6148148148148148,0.33220000000000005,,,,0.8587857142857143
sdq_totdiff__qbin,bin,uaX_bp_hf,0.6,0.402,,,,0.8587857142857143
sdq_totdiff__qbin,bin,uaY_mean,0.4074074074074074,0.43720000000000003,,,,0.8587857142857143
sdq_totdiff__qbin,bin,uaY_std,0.3851851851851852,0.33220000000000005,,,,0.8587857142857143
sdq_totdiff__qbin,bin,uaY_var,0.3851851851851852,0.33220000000000005,,,,0.8587857142857143
sdq_totdiff__qbin,bin,uaY_rms,0.3851851851851852,0.33220000000000005,,,,0.8587857142857143
sdq_totdiff__qbin,bin,uaY_min,0.5555555555555556,0.6334,,,,0.9322361809045225
sdq_totdiff__qbin,bin,uaY_max,0.5037037037037037,0.9766,,,,0.9801642335766423
sdq_totdiff__qbin,bin,uaY_range,0.43703703703703706,0.6106,,,,0.9322361809045225
sdq_totdiff__qbin,bin,uaY_median,0.48148148148148145,0.8588,,,,0.9718930041152264
sdq_totdiff__qbin,bin,uaY_iqr,0.37037037037037035,0.27359999999999995,,,,0.8587857142857143
sdq_totdiff__qbin,bin,uaY_mad,0.37777777777777777,0.30279999999999996,,,,0.8587857142857143
sdq_totdiff__qbin,bin,uaY_skew,0.45925925925925926,0.7203999999999999,,,,0.9344811320754717
sdq_totdiff__qbin,bin,uaY_kurt,0.4666666666666667,0.7682,,,,0.9594181034482759
sdq_totdiff__qbin,bin,uaY_zcr,0.5111111111111111,0.931,,,,0.9801642335766423
sdq_totdiff__qbin,bin,uaY_madiff,0.4,0.402,,,,0.8587857142857143
sdq_totdiff__qbin,bin,uaY_domfreq,0.4074074074074074,0.43720000000000003,,,,0.8587857142857143
sdq_totdiff__qbin,bin,uaY_centroid,0.5777777777777777,0.5258,,,,0.9209872611464968
sdq_totdiff__qbin,bin,uaY_spread,0.5037037037037037,0.9766,,,,0.9801642335766423
sdq_totdiff__qbin,bin,uaY_entropy,0.4888888888888889,0.9097999999999999,,,,0.9735214007782101
sdq_totdiff__qbin,bin,uaY_bp_lf,0.5333333333333333,0.7682,,,,0.9594181034482759
sdq_totdiff__qbin,bin,uaY_bp_mf,0.5407407407407407,0.7203999999999999,,,,0.9344811320754717
sdq_totdiff__qbin,bin,uaY_bp_hf,0.5111111111111111,0.931,,,,0.9801642335766423
sdq_totdiff__qbin,bin,uaZ_mean,0.2962962962962963,0.09199999999999997,,,,0.8587857142857143
sdq_totdiff__qbin,bin,uaZ_std,0.4074074074074074,0.43720000000000003,,,,0.8587857142857143
sdq_totdiff__qbin,bin,uaZ_var,0.4074074074074074,0.43720000000000003,,,,0.8587857142857143
sdq_totdiff__qbin,bin,uaZ_rms,0.4,0.402,,,,0.8587857142857143
sdq_totdiff__qbin,bin,uaZ_min,0.4740740740740741,0.8094,,,,0.9594181034482759
sdq_totdiff__qbin,bin,uaZ_max,0.45185185185185184,0.6746,,,,0.9322361809045225
sdq_totdiff__qbin,bin,uaZ_range,0.5037037037037037,0.9766,,,,0.9801642335766423
sdq_totdiff__qbin,bin,uaZ_median,0.4444444444444444,0.6334,,,,0.9322361809045225
sdq_totdiff__qbin,bin,uaZ_iqr,0.37037037037037035,0.27359999999999995,,,,0.8587857142857143
sdq_totdiff__qbin,bin,uaZ_mad,0.37037037037037035,0.27359999999999995,,,,0.8587857142857143
sdq_totdiff__qbin,bin,uaZ_skew,0.34814814814814815,0.21760000000000002,,,,0.8587857142857143
sdq_totdiff__qbin,bin,uaZ_kurt,0.5259259259259259,0.8094,,,,0.9594181034482759
sdq_totdiff__qbin,bin,uaZ_zcr,0.6296296296296297,0.27359999999999995,,,,0.8587857142857143
sdq_totdiff__qbin,bin,uaZ_madiff,0.4222222222222222,0.507,,,,0.8995161290322581
sdq_totdiff__qbin,bin,uaZ_domfreq,0.5111111111111111,0.931,,,,0.9801642335766423
sdq_totdiff__qbin,bin,uaZ_centroid,0.6296296296296297,0.27359999999999995,,,,0.8587857142857143
sdq_totdiff__qbin,bin,uaZ_spread,0.5407407407407407,0.7203999999999999,,,,0.9344811320754717
sdq_totdiff__qbin,bin,uaZ_entropy,0.5481481481481482,0.6746,,,,0.9322361809045225
sdq_totdiff__qbin,bin,uaZ_bp_lf,0.48148148148148145,0.8588,,,,0.9718930041152264
sdq_totdiff__qbin,bin,uaZ_bp_mf,0.5481481481481482,0.6746,,,,0.9322361809045225
sdq_totdiff__qbin,bin,uaZ_bp_hf,0.5555555555555556,0.6334,,,,0.9322361809045225
sdq_totdiff__qbin,bin,uaMag_mean,0.37037037037037035,0.27359999999999995,,,,0.8587857142857143
sdq_totdiff__qbin,bin,uaMag_std,0.35555555555555557,0.23860000000000003,,,,0.8587857142857143
sdq_totdiff__qbin,bin,uaMag_var,0.35555555555555557,0.23860000000000003,,,,0.8587857142857143
sdq_totdiff__qbin,bin,uaMag_rms,0.362962962962963,0.26259999999999994,,,,0.8587857142857143
sdq_totdiff__qbin,bin,uaMag_min,0.45185185185185184,0.6746,,,,0.9322361809045225
sdq_totdiff__qbin,bin,uaMag_max,0.34814814814814815,0.21760000000000002,,,,0.8587857142857143
sdq_totdiff__qbin,bin,uaMag_range,0.34814814814814815,0.21760000000000002,,,,0.8587857142857143
sdq_totdiff__qbin,bin,uaMag_median,0.35555555555555557,0.23860000000000003,,,,0.8587857142857143
sdq_totdiff__qbin,bin,uaMag_iqr,0.4,0.402,,,,0.8587857142857143
sdq_totdiff__qbin,bin,uaMag_mad,0.3925925925925926,0.3668,,,,0.8587857142857143
sdq_totdiff__qbin,bin,uaMag_skew,0.4666666666666667,0.7682,,,,0.9594181034482759
sdq_totdiff__qbin,bin,uaMag_kurt,0.45925925925925926,0.7203999999999999,,,,0.9344811320754717
sdq_totdiff__qbin,bin,uaMag_zcr,0.4444444444444444,0.6334,,,,0.9322361809045225
sdq_totdiff__qbin,bin,uaMag_madiff,0.3925925925925926,0.3668,,,,0.8587857142857143
sdq_totdiff__qbin,bin,uaMag_domfreq,0.45185185185185184,0.6746,,,,0.9322361809045225
sdq_totdiff__qbin,bin,uaMag_centroid,0.5555555555555556,0.6334,,,,0.9322361809045225
sdq_totdiff__qbin,bin,uaMag_spread,0.674074074074074,0.1512,,,,0.8587857142857143
sdq_totdiff__qbin,bin,uaMag_entropy,0.45185185185185184,0.6746,,,,0.9322361809045225
sdq_totdiff__qbin,bin,uaMag_bp_lf,0.4,0.402,,,,0.8587857142857143
sdq_totdiff__qbin,bin,uaMag_bp_mf,0.6222222222222222,0.30279999999999996,,,,0.8587857142857143
sdq_totdiff__qbin,bin,uaMag_bp_hf,0.5481481481481482,0.6746,,,,0.9322361809045225
sdq_totdiff__qbin,bin,gyX_mean,0.5703703703703704,0.5434,,,,0.9322361809045225
sdq_totdiff__qbin,bin,gyX_std,0.34814814814814815,0.21760000000000002,,,,0.8587857142857143
sdq_totdiff__qbin,bin,gyX_var,0.34814814814814815,0.21760000000000002,,,,0.8587857142857143
sdq_totdiff__qbin,bin,gyX_rms,0.34814814814814815,0.21760000000000002,,,,0.8587857142857143
sdq_totdiff__qbin,bin,gyX_min,0.5037037037037037,0.9766,,,,0.9801642335766423
sdq_totdiff__qbin,bin,gyX_max,0.4148148148148148,0.4718,,,,0.8886643835616439
sdq_totdiff__qbin,bin,gyX_range,0.45925925925925926,0.7203999999999999,,,,0.9344811320754717
sdq_totdiff__qbin,bin,gyX_median,0.43703703703703706,0.6106,,,,0.9322361809045225
sdq_totdiff__qbin,bin,gyX_iqr,0.3111111111111111,0.11680000000000001,,,,0.8587857142857143
sdq_totdiff__qbin,bin,gyX_mad,0.3111111111111111,0.11680000000000001,,,,0.8587857142857143
sdq_totdiff__qbin,bin,gyX_skew,0.4740740740740741,0.8094,,,,0.9594181034482759
sdq_totdiff__qbin,bin,gyX_kurt,0.5555555555555556,0.6334,,,,0.9322361809045225
sdq_totdiff__qbin,bin,gyX_zcr,0.4888888888888889,0.9097999999999999,,,,0.9735214007782101
sdq_totdiff__qbin,bin,gyX_madiff,0.34814814814814815,0.21760000000000002,,,,0.8587857142857143
sdq_totdiff__qbin,bin,gyX_domfreq,0.3333333333333333,0.16879999999999995,,,,0.8587857142857143
sdq_totdiff__qbin,bin,gyX_centroid,0.43703703703703706,0.6106,,,,0.9322361809045225
sdq_totdiff__qbin,bin,gyX_spread,0.45185185185185184,0.6746,,,,0.9322361809045225
sdq_totdiff__qbin,bin,gyX_entropy,0.5037037037037037,0.9766,,,,0.9801642335766423
sdq_totdiff__qbin,bin,gyX_bp_lf,0.4888888888888889,0.9097999999999999,,,,0.9735214007782101
sdq_totdiff__qbin,bin,gyX_bp_mf,0.4888888888888889,0.9097999999999999,,,,0.9735214007782101
sdq_totdiff__qbin,bin,gyX_bp_hf,0.4074074074074074,0.43720000000000003,,,,0.8587857142857143
sdq_totdiff__qbin,bin,gyY_mean,0.6148148148148148,0.33220000000000005,,,,0.8587857142857143
sdq_totdiff__qbin,bin,gyY_std,0.3925925925925926,0.3668,,,,0.8587857142857143
sdq_totdiff__qbin,bin,gyY_var,0.3925925925925926,0.3668,,,,0.8587857142857143
sdq_totdiff__qbin,bin,gyY_rms,0.3925925925925926,0.3668,,,,0.8587857142857143
sdq_totdiff__qbin,bin,gyY_min,0.725925925925926,0.061000000000000054,,,,0.8587857142857143
sdq_totdiff__qbin,bin,gyY_max,0.4962962962962963,0.9544,,,,0.9801642335766423
sdq_totdiff__qbin,bin,gyY_range,0.362962962962963,0.26259999999999994,,,,0.8587857142857143
sdq_totdiff__qbin,bin,gyY_median,0.674074074074074,0.1512,,,,0.8587857142857143
sdq_totdiff__qbin,bin,gyY_iqr,0.4222222222222222,0.507,,,,0.8995161290322581
sdq_totdiff__qbin,bin,gyY_mad,0.4148148148148148,0.4718,,,,0.8886643835616439
sdq_totdiff__qbin,bin,gyY_skew,0.5481481481481482,0.6746,,,,0.9322361809045225
sdq_totdiff__qbin,bin,gyY_kurt,0.4740740740740741,0.8094,,,,0.9594181034482759
sdq_totdiff__qbin,bin,gyY_zcr,0.4444444444444444,0.6334,,,,0.9322361809045225
sdq_totdiff__qbin,bin,gyY_madiff,0.2962962962962963,0.09199999999999997,,,,0.8587857142857143
sdq_totdiff__qbin,bin,gyY_domfreq,0.725925925925926,0.061000000000000054,,,,0.8587857142857143
sdq_totdiff__qbin,bin,gyY_centroid,0.42962962962962964,0.5626,,,,0.9322361809045225
sdq_totdiff__qbin,bin,gyY_spread,0.43703703703703706,0.6106,,,,0.9322361809045225
sdq_totdiff__qbin,bin,gyY_entropy,0.4222222222222222,0.507,,,,0.8995161290322581
sdq_totdiff__qbin,bin,gyY_bp_lf,0.562962962962963,0.5888,,,,0.9322361809045225
sdq_totdiff__qbin,bin,gyY_bp_mf,0.45185185185185184,0.6746,,,,0.9322361809045225
sdq_totdiff__qbin,bin,gyY_bp_hf,0.43703703703703706,0.6106,,,,0.9322361809045225
sdq_totdiff__qbin,bin,gyZ_mean,0.3111111111111111,0.11680000000000001,,,,0.8587857142857143
sdq_totdiff__qbin,bin,gyZ_std,0.34074074074074073,0.18700000000000006,,,,0.8587857142857143
sdq_totdiff__qbin,bin,gyZ_var,0.34074074074074073,0.18700000000000006,,,,0.8587857142857143
sdq_totdiff__qbin,bin,gyZ_rms,0.34074074074074073,0.18700000000000006,,,,0.8587857142857143
sdq_totdiff__qbin,bin,gyZ_min,0.5185185185185185,0.882,,,,0.9735214007782101
sdq_totdiff__qbin,bin,gyZ_max,0.32592592592592595,0.1512,,,,0.8587857142857143
sdq_totdiff__qbin,bin,gyZ_range,0.4074074074074074,0.43720000000000003,,,,0.8587857142857143
sdq_totdiff__qbin,bin,gyZ_median,0.43703703703703706,0.6106,,,,0.9322361809045225
sdq_totdiff__qbin,bin,gyZ_iqr,0.34814814814814815,0.21760000000000002,,,,0.8587857142857143
sdq_totdiff__qbin,bin,gyZ_mad,0.35555555555555557,0.23860000000000003,,,,0.8587857142857143
sdq_totdiff__qbin,bin,gyZ_skew,0.48148148148148145,0.8588,,,,0.9718930041152264
sdq_totdiff__qbin,bin,gyZ_kurt,0.4666666666666667,0.7682,,,,0.9594181034482759
sdq_totdiff__qbin,bin,gyZ_zcr,0.5037037037037037,0.9766,,,,0.9801642335766423
sdq_totdiff__qbin,bin,gyZ_madiff,0.37037037037037035,0.27359999999999995,,,,0.8587857142857143
sdq_totdiff__qbin,bin,gyZ_domfreq,0.5333333333333333,0.7682,,,,0.9594181034482759
sdq_totdiff__qbin,bin,gyZ_centroid,0.4666666666666667,0.7682,,,,0.9594181034482759
sdq_totdiff__qbin,bin,gyZ_spread,0.48148148148148145,0.8588,,,,0.9718930041152264
sdq_totdiff__qbin,bin,gyZ_entropy,0.45185185185185184,0.6746,,,,0.9322361809045225
sdq_totdiff__qbin,bin,gyZ_bp_lf,0.5555555555555556,0.6334,,,,0.9322361809045225
sdq_totdiff__qbin,bin,gyZ_bp_mf,0.4148148148148148,0.4718,,,,0.8886643835616439
sdq_totdiff__qbin,bin,gyZ_bp_hf,0.5037037037037037,0.9766,,,,0.9801642335766423
sdq_totdiff__qbin,bin,gyMag_mean,0.34814814814814815,0.21760000000000002,,,,0.8587857142857143
sdq_totdiff__qbin,bin,gyMag_std,0.3925925925925926,0.3668,,,,0.8587857142857143
sdq_totdiff__qbin,bin,gyMag_var,0.3925925925925926,0.3668,,,,0.8587857142857143
sdq_totdiff__qbin,bin,gyMag_rms,0.3333333333333333,0.16879999999999995,,,,0.8587857142857143
sdq_totdiff__qbin,bin,gyMag_min,0.4740740740740741,0.8094,,,,0.9594181034482759
sdq_totdiff__qbin,bin,gyMag_max,0.4888888888888889,0.9097999999999999,,,,0.9735214007782101
sdq_totdiff__qbin,bin,gyMag_range,0.4888888888888889,0.9097999999999999,,,,0.9735214007782101
sdq_totdiff__qbin,bin,gyMag_median,0.4,0.402,,,,0.8587857142857143
sdq_totdiff__qbin,bin,gyMag_iqr,0.3333333333333333,0.16879999999999995,,,,0.8587857142857143
sdq_totdiff__qbin,bin,gyMag_mad,0.3851851851851852,0.33220000000000005,,,,0.8587857142857143
sdq_totdiff__qbin,bin,gyMag_skew,0.5185185185185185,0.882,,,,0.9735214007782101
sdq_totdiff__qbin,bin,gyMag_kurt,0.5407407407407407,0.7203999999999999,,,,0.9344811320754717
sdq_totdiff__qbin,bin,gyMag_zcr,0.4740740740740741,0.8094,,,,0.9594181034482759
sdq_totdiff__qbin,bin,gyMag_madiff,0.3333333333333333,0.16879999999999995,,,,0.8587857142857143
sdq_totdiff__qbin,bin,gyMag_domfreq,0.4888888888888889,0.9097999999999999,,,,0.9735214007782101
sdq_totdiff__qbin,bin,gyMag_centroid,0.3851851851851852,0.33220000000000005,,,,0.8587857142857143
sdq_totdiff__qbin,bin,gyMag_spread,0.4740740740740741,0.8094,,,,0.9594181034482759
sdq_totdiff__qbin,bin,gyMag_entropy,0.37777777777777777,0.30279999999999996,,,,0.8587857142857143
sdq_totdiff__qbin,bin,gyMag_bp_lf,0.362962962962963,0.26259999999999994,,,,0.8587857142857143
sdq_totdiff__qbin,bin,gyMag_bp_mf,0.4962962962962963,0.9544,,,,0.9801642335766423
sdq_totdiff__qbin,bin,gyMag_bp_hf,0.42962962962962964,0.5626,,,,0.9322361809045225
sdq_totdiff__qbin,bin,pitch_mean,0.43703703703703706,0.6106,,,,0.9322361809045225
sdq_totdiff__qbin,bin,pitch_std,0.48148148148148145,0.8588,,,,0.9718930041152264
sdq_totdiff__qbin,bin,pitch_var,0.48148148148148145,0.8588,,,,0.9718930041152264
sdq_totdiff__qbin,bin,pitch_rms,0.5777777777777777,0.5258,,,,0.9209872611464968
sdq_totdiff__qbin,bin,pitch_min,0.6074074074074074,0.3668,,,,0.8587857142857143
sdq_totdiff__qbin,bin,pitch_max,0.45925925925925926,0.7203999999999999,,,,0.9344811320754717
sdq_totdiff__qbin,bin,pitch_range,0.4962962962962963,0.9544,,,,0.9801642335766423
sdq_totdiff__qbin,bin,pitch_median,0.45185185185185184,0.6746,,,,0.9322361809045225
sdq_totdiff__qbin,bin,pitch_iqr,0.5259259259259259,0.8094,,,,0.9594181034482759
sdq_totdiff__qbin,bin,pitch_mad,0.4740740740740741,0.8094,,,,0.9594181034482759
sdq_totdiff__qbin,bin,pitch_skew,0.43703703703703706,0.6106,,,,0.9322361809045225
sdq_totdiff__qbin,bin,pitch_kurt,0.4074074074074074,0.43720000000000003,,,,0.8587857142857143
sdq_totdiff__qbin,bin,pitch_zcr,0.4,0.402,,,,0.8587857142857143
sdq_totdiff__qbin,bin,pitch_madiff,0.3851851851851852,0.33220000000000005,,,,0.8587857142857143
sdq_totdiff__qbin,bin,pitch_domfreq,0.4074074074074074,0.43720000000000003,,,,0.8587857142857143
sdq_totdiff__qbin,bin,pitch_centroid,0.3111111111111111,0.11680000000000001,,,,0.8587857142857143
sdq_totdiff__qbin,bin,pitch_spread,0.3333333333333333,0.16879999999999995,,,,0.8587857142857143
sdq_totdiff__qbin,bin,pitch_entropy,0.37037037037037035,0.27359999999999995,,,,0.8587857142857143
sdq_totdiff__qbin,bin,pitch_bp_lf,0.34074074074074073,0.18700000000000006,,,,0.8587857142857143
sdq_totdiff__qbin,bin,pitch_bp_mf,0.37777777777777777,0.30279999999999996,,,,0.8587857142857143
sdq_totdiff__qbin,bin,pitch_bp_hf,0.32592592592592595,0.1512,,,,0.8587857142857143
sdq_totdiff__qbin,bin,roll_mean,0.6148148148148148,0.33220000000000005,,,,0.8587857142857143
sdq_totdiff__qbin,bin,roll_std,0.28888888888888886,0.08099999999999996,,,,0.8587857142857143
sdq_totdiff__qbin,bin,roll_var,0.28888888888888886,0.08099999999999996,,,,0.8587857142857143
sdq_totdiff__qbin,bin,roll_rms,0.4222222222222222,0.507,,,,0.8995161290322581
sdq_totdiff__qbin,bin,roll_min,0.6296296296296297,0.27359999999999995,,,,0.8587857142857143
sdq_totdiff__qbin,bin,roll_max,0.48148148148148145,0.8588,,,,0.9718930041152264
sdq_totdiff__qbin,bin,roll_range,0.37037037037037035,0.27359999999999995,,,,0.8587857142857143
sdq_totdiff__qbin,bin,roll_median,0.6,0.402,,,,0.8587857142857143
sdq_totdiff__qbin,bin,roll_iqr,0.2740740740740741,0.06499999999999995,,,,0.8587857142857143
sdq_totdiff__qbin,bin,roll_mad,0.3111111111111111,0.11680000000000001,,,,0.8587857142857143
sdq_totdiff__qbin,bin,roll_skew,0.362962962962963,0.26259999999999994,,,,0.8587857142857143
sdq_totdiff__qbin,bin,roll_kurt,0.6518518518518519,0.20699999999999996,,,,0.8587857142857143
sdq_totdiff__qbin,bin,roll_zcr,0.5555555555555556,0.6334,,,,0.9322361809045225
sdq_totdiff__qbin,bin,roll_madiff,0.37777777777777777,0.30279999999999996,,,,0.8587857142857143
sdq_totdiff__qbin,bin,roll_domfreq,0.26666666666666666,0.05159999999999998,,,,0.8587857142857143
sdq_totdiff__qbin,bin,roll_centroid,0.362962962962963,0.26259999999999994,,,,0.8587857142857143
sdq_totdiff__qbin,bin,roll_spread,0.3925925925925926,0.3668,,,,0.8587857142857143
sdq_totdiff__qbin,bin,roll_entropy,0.37777777777777777,0.30279999999999996,,,,0.8587857142857143
sdq_totdiff__qbin,bin,roll_bp_lf,0.362962962962963,0.26259999999999994,,,,0.8587857142857143
sdq_totdiff__qbin,bin,roll_bp_mf,0.37037037037037035,0.27359999999999995,,,,0.8587857142857143
sdq_totdiff__qbin,bin,roll_bp_hf,0.37777777777777777,0.30279999999999996,,,,0.8587857142857143
sdq_totdiff__qbin,bin,yaw_mean,0.6296296296296297,0.27359999999999995,,,,0.8587857142857143
sdq_totdiff__qbin,bin,yaw_std,0.4148148148148148,0.4718,,,,0.8886643835616439
sdq_totdiff__qbin,bin,yaw_var,0.4148148148148148,0.4718,,,,0.8886643835616439
sdq_totdiff__qbin,bin,yaw_rms,0.3851851851851852,0.33220000000000005,,,,0.8587857142857143
sdq_totdiff__qbin,bin,yaw_min,0.37037037037037035,0.27359999999999995,,,,0.8587857142857143
sdq_totdiff__qbin,bin,yaw_max,0.4148148148148148,0.4718,,,,0.8886643835616439
sdq_totdiff__qbin,bin,yaw_range,0.5333333333333333,0.7682,,,,0.9594181034482759
sdq_totdiff__qbin,bin,yaw_median,0.6074074074074074,0.3668,,,,0.8587857142857143
sdq_totdiff__qbin,bin,yaw_iqr,0.4740740740740741,0.8094,,,,0.9594181034482759
sdq_totdiff__qbin,bin,yaw_mad,0.4740740740740741,0.8094,,,,0.9594181034482759
sdq_totdiff__qbin,bin,yaw_skew,0.4,0.402,,,,0.8587857142857143
sdq_totdiff__qbin,bin,yaw_kurt,0.4666666666666667,0.7682,,,,0.9594181034482759
sdq_totdiff__qbin,bin,yaw_zcr,0.31851851851851853,0.13139999999999996,,,,0.8587857142857143
sdq_totdiff__qbin,bin,yaw_madiff,0.3111111111111111,0.11680000000000001,,,,0.8587857142857143
sdq_totdiff__qbin,bin,yaw_domfreq,0.4,0.402,,,,0.8587857142857143
sdq_totdiff__qbin,bin,yaw_centroid,0.1037037037037037,0.0006000000000000449,,,,0.055000000000001575
sdq_totdiff__qbin,bin,yaw_spread,0.11851851851851852,0.0008000000000000229,,,,0.055000000000001575
sdq_totdiff__qbin,bin,yaw_entropy,0.17037037037037037,0.0038000000000000256,,,,0.17416666666666783
sdq_totdiff__qbin,bin,yaw_bp_lf,0.17037037037037037,0.0038000000000000256,,,,0.17416666666666783
sdq_totdiff__qbin,bin,yaw_bp_mf,0.1111111111111111,0.0006000000000000449,,,,0.055000000000001575
sdq_totdiff__qbin,bin,yaw_bp_hf,0.11851851851851852,0.0008000000000000229,,,,0.055000000000001575
sdq_totdiff__qbin,bin,jerk_mean,0.45185185185185184,0.6746,,,,0.9322361809045225
sdq_totdiff__qbin,bin,jerk_std,0.4222222222222222,0.507,,,,0.8995161290322581
sdq_totdiff__qbin,bin,jerk_var,0.4222222222222222,0.507,,,,0.8995161290322581
sdq_totdiff__qbin,bin,jerk_rms,0.4222222222222222,0.507,,,,0.8995161290322581
sdq_totdiff__qbin,bin,jerk_min,0.6,0.402,,,,0.8587857142857143
sdq_totdiff__qbin,bin,jerk_max,0.362962962962963,0.26259999999999994,,,,0.8587857142857143
sdq_totdiff__qbin,bin,jerk_range,0.3851851851851852,0.33220000000000005,,,,0.8587857142857143
sdq_totdiff__qbin,bin,jerk_median,0.5,1.0,,,,1.0
sdq_totdiff__qbin,bin,jerk_iqr,0.48148148148148145,0.8588,,,,0.9718930041152264
sdq_totdiff__qbin,bin,jerk_mad,0.48148148148148145,0.8588,,,,0.9718930041152264
sdq_totdiff__qbin,bin,jerk_skew,0.6814814814814815,0.13139999999999996,,,,0.8587857142857143
sdq_totdiff__qbin,bin,jerk_kurt,0.48148148148148145,0.8588,,,,0.9718930041152264
sdq_totdiff__qbin,bin,jerk_zcr,0.45925925925925926,0.7203999999999999,,,,0.9344811320754717
sdq_totdiff__qbin,bin,jerk_madiff,0.3925925925925926,0.3668,,,,0.8587857142857143
sdq_totdiff__qbin,bin,jerk_domfreq,0.45185185185185184,0.6746,,,,0.9322361809045225
sdq_totdiff__qbin,bin,jerk_centroid,0.6444444444444445,0.22760000000000002,,,,0.8587857142857143
sdq_totdiff__qbin,bin,jerk_spread,0.5185185185185185,0.882,,,,0.9735214007782101
sdq_totdiff__qbin,bin,jerk_entropy,0.4,0.402,,,,0.8587857142857143
sdq_totdiff__qbin,bin,jerk_bp_lf,0.4222222222222222,0.507,,,,0.8995161290322581
sdq_totdiff__qbin,bin,jerk_bp_mf,0.5037037037037037,0.9766,,,,0.9801642335766423
sdq_totdiff__qbin,bin,jerk_bp_hf,0.4888888888888889,0.9097999999999999,,,,0.9735214007782101
sdq_totdiff__qbin,bin,actfrac_p50,0.3,0.10360000000000003,,,,0.8587857142857143
sdq_totdiff__qbin,bin,switchmin_p50,0.45925925925925926,0.7203999999999999,,,,0.9344811320754717
sdq_totdiff__qbin,bin,actbout_med_p50,0.44814814814814813,0.6746,,,,0.9322361809045225
sdq_totdiff__qbin,bin,actbout_cv_p50,0.5407407407407407,0.7203999999999999,,,,0.9344811320754717
sdq_totdiff__qbin,bin,actshort_p50,0.45925925925925926,0.7203999999999999,,,,0.9344811320754717
sdq_totdiff__qbin,bin,actfrac_p75,0.6444444444444445,0.22760000000000002,,,,0.8587857142857143
sdq_totdiff__qbin,bin,switchmin_p75,0.4888888888888889,0.9097999999999999,,,,0.9735214007782101
sdq_totdiff__qbin,bin,actbout_med_p75,0.5592592592592592,0.6334,,,,0.9322361809045225
sdq_totdiff__qbin,bin,actbout_cv_p75,0.5185185185185185,0.882,,,,0.9735214007782101
sdq_totdiff__qbin,bin,actshort_p75,0.5037037037037037,0.9766,,,,0.9801642335766423
sdq_totdiff__qbin,bin,actfrac_p90,0.5962962962962963,0.43720000000000003,,,,0.8587857142857143
sdq_totdiff__qbin,bin,switchmin_p90,0.5259259259259259,0.8094,,,,0.9594181034482759
sdq_totdiff__qbin,bin,actbout_med_p90,0.5481481481481482,0.6746,,,,0.9322361809045225
sdq_totdiff__qbin,bin,actbout_cv_p90,0.45925925925925926,0.7203999999999999,,,,0.9344811320754717
sdq_totdiff__qbin,bin,actshort_p90,0.4074074074074074,0.43720000000000003,,,,0.8587857142857143
sdq_totdiff__qbin,bin,switch_per_min,0.5074074074074074,0.9544,,,,0.9801642335766423
sdq_totdiff__qbin,bin,act_bout_median,0.43703703703703706,0.6106,,,,0.9322361809045225
sdq_totdiff__qbin,bin,stl_bout_median,0.43333333333333335,0.5888,,,,0.9322361809045225
sdq_totdiff__qbin,bin,act_bout_cv,0.48148148148148145,0.8588,,,,0.9718930041152264
sdq_totdiff__qbin,bin,stl_bout_cv,0.5111111111111111,0.931,,,,0.9801642335766423
sdq_totdiff__qbin,bin,frac_act_short,0.43703703703703706,0.6106,,,,0.9322361809045225
sdq_totdiff__qbin,bin,within_win_sd,0.4074074074074074,0.43720000000000003,,,,0.8587857142857143
sdq_totdiff__qbin,bin,mag_median,0.35555555555555557,0.23860000000000003,,,,0.8587857142857143
snap_total__normT55,bin,uaX_mean,0.44537815126050423,0.6856,,,,0.9345338983050848
snap_total__normT55,bin,uaX_std,0.2689075630252101,0.07120000000000004,,,,0.6840624999999997
snap_total__normT55,bin,uaX_var,0.2689075630252101,0.07120000000000004,,,,0.6840624999999997
snap_total__normT55,bin,uaX_rms,0.2689075630252101,0.07120000000000004,,,,0.6840624999999997
snap_total__normT55,bin,uaX_min,0.4957983193277311,0.9524,,,,0.9558759124087592
snap_total__normT55,bin,uaX_max,0.5798319327731093,0.5238,,,,0.9293225806451614
snap_total__normT55,bin,uaX_range,0.5630252100840336,0.616,,,,0.9345338983050848
snap_total__normT55,bin,uaX_median,0.46218487394957986,0.7554,,,,0.9345338983050848
snap_total__normT55,bin,uaX_iqr,0.453781512605042,0.71,,,,0.9345338983050848
snap_total__normT55,bin,uaX_mad,0.47058823529411764,0.802,,,,0.9345338983050848
snap_total__normT55,bin,uaX_skew,0.6890756302521008,0.14100000000000001,,,,0.7602941176470589
snap_total__normT55,bin,uaX_kurt,0.6638655462184874,0.19820000000000004,,,,0.801544117647059
snap_total__normT55,bin,uaX_zcr,0.4957983193277311,0.9524,,,,0.9558759124087592
snap_total__normT55,bin,uaX_madiff,0.29411764705882354,0.11240000000000006,,,,0.6840624999999997
snap_total__normT55,bin,uaX_domfreq,0.3697478991596639,0.3056,,,,0.8159223300970873
snap_total__normT55,bin,uaX_centroid,0.6218487394957983,0.33940000000000003,,,,0.8562844036697248
snap_total__normT55,bin,uaX_spread,0.680672268907563,0.15759999999999996,,,,0.801544117647059
snap_total__normT55,bin,uaX_entropy,0.6638655462184874,0.19820000000000004,,,,0.801544117647059
snap_total__normT55,bin,uaX_bp_lf,0.31932773109243695,0.15759999999999996,,,,0.801544117647059
snap_total__normT55,bin,uaX_bp_mf,0.6134453781512605,0.3702,,,,0.8657553956834533
snap_total__normT55,bin,uaX_bp_hf,0.6638655462184874,0.19820000000000004,,,,0.801544117647059
snap_total__normT55,bin,uaY_mean,0.36134453781512604,0.27559999999999996,,,,0.8159223300970873
snap_total__normT55,bin,uaY_std,0.31092436974789917,0.14100000000000001,,,,0.7602941176470589
snap_total__normT55,bin,uaY_var,0.31092436974789917,0.14100000000000001,,,,0.7602941176470589
snap_total__normT55,bin,uaY_rms,0.3025210084033613,0.11939999999999995,,,,0.6840624999999997
snap_total__normT55,bin,uaY_min,0.6638655462184874,0.19820000000000004,,,,0.801544117647059
snap_total__normT55,bin,uaY_max,0.5630252100840336,0.616,,,,0.9345338983050848
snap_total__normT55,bin,uaY_range,0.40336134453781514,0.4376,,,,0.8657553956834533
snap_total__normT55,bin,uaY_median,0.5714285714285714,0.5928,,,,0.9345338983050848
snap_total__normT55,bin,uaY_iqr,0.46218487394957986,0.7554,,,,0.9345338983050848
snap_total__normT55,bin,uaY_mad,0.48739495798319327,0.9028,,,,0.9558759124087592
snap_total__normT55,bin,uaY_skew,0.47058823529411764,0.802,,,,0.9345338983050848
snap_total__normT55,bin,uaY_kurt,0.5210084033613446,0.8548,,,,0.9558759124087592
snap_total__normT55,bin,uaY_zcr,0.5630252100840336,0.616,,,,0.9345338983050848
snap_total__normT55,bin,uaY_madiff,0.3949579831932773,0.40159999999999996,,,,0.8657553956834533
snap_total__normT55,bin,uaY_domfreq,0.5294117647058824,0.802,,,,0.9345338983050848
snap_total__normT55,bin,uaY_centroid,0.6722689075630253,0.17600000000000005,,,,0.801544117647059
snap_total__normT55,bin,uaY_spread,0.6386554621848739,0.29159999999999997,,,,0.8159223300970873
snap_total__normT55,bin,uaY_entropy,0.6302521008403361,0.3056,,,,0.8159223300970873
snap_total__normT55,bin,uaY_bp_lf,0.4789915966386555,0.8815999999999999,,,,0.9558759124087592
snap_total__normT55,bin,uaY_bp_mf,0.6470588235294118,0.24780000000000002,,,,0.8159223300970873
snap_total__normT55,bin,uaY_bp_hf,0.6554621848739496,0.22160000000000002,,,,0.8125333333333334
snap_total__normT55,bin,uaZ_mean,0.2857142857142857,0.09179999999999999,,,,0.6840624999999997
snap_total__normT55,bin,uaZ_std,0.2689075630252101,0.07120000000000004,,,,0.6840624999999997
snap_total__normT55,bin,uaZ_var,0.2689075630252101,0.07120000000000004,,,,0.6840624999999997
snap_total__normT55,bin,uaZ_rms,0.2689075630252101,0.07120000000000004,,,,0.6840624999999997
snap_total__normT55,bin,uaZ_min,0.42857142857142855,0.5711999999999999,,,,0.9345338983050848
snap_total__normT55,bin,uaZ_max,0.5882352941176471,0.482,,,,0.8895973154362415
snap_total__normT55,bin,uaZ_range,0.5714285714285714,0.5928,,,,0.9345338983050848
snap_total__normT55,bin,uaZ_median,0.5042016806722689,0.9524,,,,0.9558759124087592
snap_total__normT55,bin,uaZ_iqr,0.46218487394957986,0.7554,,,,0.9345338983050848
snap_total__normT55,bin,uaZ_mad,0.47058823529411764,0.802,,,,0.9345338983050848
snap_total__normT55,bin,uaZ_skew,0.2857142857142857,0.09179999999999999,,,,0.6840624999999997
snap_total__normT55,bin,uaZ_kurt,0.6302521008403361,0.3056,,,,0.8159223300970873
snap_total__normT55,bin,uaZ_zcr,0.6722689075630253,0.17600000000000005,,,,0.801544117647059
snap_total__normT55,bin,uaZ_madiff,0.3445378151260504,0.22160000000000002,,,,0.8125333333333334
snap_total__normT55,bin,uaZ_domfreq,0.47058823529411764,0.802,,,,0.9345338983050848
snap_total__normT55,bin,uaZ_centroid,0.7394957983193278,0.062000000000000055,,,,0.6840624999999997
snap_total__normT55,bin,uaZ_spread,0.7563025210084033,0.04259999999999997,,,,0.6840624999999997
snap_total__normT55,bin,uaZ_entropy,0.8067226890756303,0.014800000000000035,,,,0.6840624999999997
snap_total__normT55,bin,uaZ_bp_lf,0.29411764705882354,0.11240000000000006,,,,0.6840624999999997
snap_total__normT55,bin,uaZ_bp_mf,0.7310924369747899,0.07599999999999996,,,,0.6840624999999997
snap_total__normT55,bin,uaZ_bp_hf,0.773109243697479,0.030200000000000005,,,,0.6840624999999997
snap_total__normT55,bin,uaMag_mean,0.3445378151260504,0.22160000000000002,,,,0.8125333333333334
snap_total__normT55,bin,uaMag_std,0.29411764705882354,0.11240000000000006,,,,0.6840624999999997
snap_total__normT55,bin,uaMag_var,0.29411764705882354,0.11240000000000006,,,,0.6840624999999997
snap_total__normT55,bin,uaMag_rms,0.2689075630252101,0.07120000000000004,,,,0.6840624999999997
snap_total__normT55,bin,uaMag_min,0.6302521008403361,0.3056,,,,0.8159223300970873
snap_total__normT55,bin,uaMag_max,0.4789915966386555,0.8815999999999999,,,,0.9558759124087592
snap_total__normT55,bin,uaMag_range,0.4789915966386555,0.8815999999999999,,,,0.9558759124087592
snap_total__normT55,bin,uaMag_median,0.42857142857142855,0.5711999999999999,,,,0.9345338983050848
snap_total__normT55,bin,uaMag_iqr,0.25210084033613445,0.052000000000000046,,,,0.6840624999999997
snap_total__normT55,bin,uaMag_mad,0.35294117647058826,0.26280000000000003,,,,0.8159223300970873
snap_total__normT55,bin,uaMag_skew,0.6470588235294118,0.24780000000000002,,,,0.8159223300970873
snap_total__normT55,bin,uaMag_kurt,0.6050420168067226,0.41859999999999997,,,,0.8657553956834533
snap_total__normT55,bin,uaMag_zcr,0.5798319327731093,0.5238,,,,0.9293225806451614
snap_total__normT55,bin,uaMag_madiff,0.35294117647058826,0.26280000000000003,,,,0.8159223300970873
snap_total__normT55,bin,uaMag_domfreq,0.46218487394957986,0.7554,,,,0.9345338983050848
snap_total__normT55,bin,uaMag_centroid,0.7647058823529411,0.03920000000000001,,,,0.6840624999999997
snap_total__normT55,bin,uaMag_spread,0.8319327731092437,0.008000000000000007,,,,0.6840624999999997
snap_total__normT55,bin,uaMag_entropy,0.6554621848739496,0.22160000000000002,,,,0.8125333333333334
snap_total__normT55,bin,uaMag_bp_lf,0.5882352941176471,0.482,,,,0.8895973154362415
snap_total__normT55,bin,uaMag_bp_mf,0.7142857142857143,0.09179999999999999,,,,0.6840624999999997
snap_total__normT55,bin,uaMag_bp_hf,0.7983193277310925,0.016800000000000037,,,,0.6840624999999997
snap_total__normT55,bin,gyX_mean,0.46218487394957986,0.7554,,,,0.9345338983050848
snap_total__normT55,bin,gyX_std,0.5882352941176471,0.482,,,,0.8895973154362415
snap_total__normT55,bin,gyX_var,0.5882352941176471,0.482,,,,0.8895973154362415
snap_total__normT55,bin,gyX_rms,0.5882352941176471,0.482,,,,0.8895973154362415
snap_total__normT55,bin,gyX_min,0.36134453781512604,0.27559999999999996,,,,0.8159223300970873
snap_total__normT55,bin,gyX_max,0.33613445378151263,0.19820000000000004,,,,0.801544117647059
snap_total__normT55,bin,gyX_range,0.5378151260504201,0.7554,,,,0.9345338983050848
snap_total__normT55,bin,gyX_median,0.36134453781512604,0.27559999999999996,,,,0.8159223300970873
snap_total__normT55,bin,gyX_iqr,0.5294117647058824,0.802,,,,0.9345338983050848
snap_total__normT55,bin,gyX_mad,0.5294117647058824,0.802,,,,0.9345338983050848
snap_total__normT55,bin,gyX_skew,0.42857142857142855,0.5711999999999999,,,,0.9345338983050848
snap_total__normT55,bin,gyX_kurt,0.5378151260504201,0.7554,,,,0.9345338983050848
snap_total__normT55,bin,gyX_zcr,0.6722689075630253,0.17600000000000005,,,,0.801544117647059
snap_total__normT55,bin,gyX_madiff,0.5882352941176471,0.482,,,,0.8895973154362415
snap_total__normT55,bin,gyX_domfreq,0.42857142857142855,0.5711999999999999,,,,0.9345338983050848
snap_total__normT55,bin,gyX_centroid,0.5714285714285714,0.5928,,,,0.9345338983050848
snap_total__normT55,bin,gyX_spread,0.5546218487394958,0.6597999999999999,,,,0.9345338983050848
snap_total__normT55,bin,gyX_entropy,0.6050420168067226,0.41859999999999997,,,,0.8657553956834533
snap_total__normT55,bin,gyX_bp_lf,0.3697478991596639,0.3056,,,,0.8159223300970873
snap_total__normT55,bin,gyX_bp_mf,0.6638655462184874,0.19820000000000004,,,,0.801544117647059
snap_total__normT55,bin,gyX_bp_hf,0.47058823529411764,0.802,,,,0.9345338983050848
snap_total__normT55,bin,gyY_mean,0.5630252100840336,0.616,,,,0.9345338983050848
snap_total__normT55,bin,gyY_std,0.3949579831932773,0.40159999999999996,,,,0.8657553956834533
snap_total__normT55,bin,gyY_var,0.3949579831932773,0.40159999999999996,,,,0.8657553956834533
snap_total__normT55,bin,gyY_rms,0.3949579831932773,0.40159999999999996,,,,0.8657553956834533
snap_total__normT55,bin,gyY_min,0.3865546218487395,0.38639999999999997,,,,0.8657553956834533
snap_total__normT55,bin,gyY_max,0.4789915966386555,0.8815999999999999,,,,0.9558759124087592
snap_total__normT55,bin,gyY_range,0.5462184873949579,0.734,,,,0.9345338983050848
snap_total__normT55,bin,gyY_median,0.6470588235294118,0.24780000000000002,,,,0.8159223300970873
snap_total__normT55,bin,gyY_iqr,0.5042016806722689,0.9524,,,,0.9558759124087592
snap_total__normT55,bin,gyY_mad,0.5042016806722689,0.9524,,,,0.9558759124087592
snap_total__normT55,bin,gyY_skew,0.3949579831932773,0.40159999999999996,,,,0.8657553956834533
snap_total__normT55,bin,gyY_kurt,0.5294117647058824,0.802,,,,0.9345338983050848
snap_total__normT55,bin,gyY_zcr,0.5378151260504201,0.7554,,,,0.9345338983050848
snap_total__normT55,bin,gyY_madiff,0.3865546218487395,0.38639999999999997,,,,0.8657553956834533
snap_total__normT55,bin,gyY_domfreq,0.46218487394957986,0.7554,,,,0.9345338983050848
snap_total__normT55,bin,gyY_centroid,0.4369747899159664,0.616,,,,0.9345338983050848
snap_total__normT55,bin,gyY_spread,0.48739495798319327,0.9028,,,,0.9558759124087592
snap_total__normT55,bin,gyY_entropy,0.42857142857142855,0.5711999999999999,,,,0.9345338983050848
snap_total__normT55,bin,gyY_bp_lf,0.4369747899159664,0.616,,,,0.9345338983050848
snap_total__normT55,bin,gyY_bp_mf,0.44537815126050423,0.6856,,,,0.9345338983050848
snap_total__normT55,bin,gyY_bp_hf,0.5042016806722689,0.9524,,,,0.9558759124087592
snap_total__normT55,bin,gyZ_mean,0.2184873949579832,0.025399999999999978,,,,0.6840624999999997
snap_total__normT55,bin,gyZ_std,0.37815126050420167,0.33940000000000003,,,,0.8562844036697248
snap_total__normT55,bin,gyZ_var,0.37815126050420167,0.33940000000000003,,,,0.8562844036697248
snap_total__normT55,bin,gyZ_rms,0.37815126050420167,0.33940000000000003,,,,0.8562844036697248
snap_total__normT55,bin,gyZ_min,0.4789915966386555,0.8815999999999999,,,,0.9558759124087592
snap_total__normT55,bin,gyZ_max,0.5798319327731093,0.5238,,,,0.9293225806451614
snap_total__normT55,bin,gyZ_range,0.5546218487394958,0.6597999999999999,,,,0.9345338983050848
snap_total__normT55,bin,gyZ_median,0.3697478991596639,0.3056,,,,0.8159223300970873
snap_total__normT55,bin,gyZ_iqr,0.4957983193277311,0.9524,,,,0.9558759124087592
snap_total__normT55,bin,gyZ_mad,0.4957983193277311,0.9524,,,,0.9558759124087592
snap_total__normT55,bin,gyZ_skew,0.3865546218487395,0.38639999999999997,,,,0.8657553956834533
snap_total__normT55,bin,gyZ_kurt,0.46218487394957986,0.7554,,,,0.9345338983050848
snap_total__normT55,bin,gyZ_zcr,0.5462184873949579,0.734,,,,0.9345338983050848
snap_total__normT55,bin,gyZ_madiff,0.36134453781512604,0.27559999999999996,,,,0.8159223300970873
snap_total__normT55,bin,gyZ_domfreq,0.2605042016806723,0.06679999999999997,,,,0.6840624999999997
snap_total__normT55,bin,gyZ_centroid,0.40336134453781514,0.4376,,,,0.8657553956834533
snap_total__normT55,bin,gyZ_spread,0.4789915966386555,0.8815999999999999,,,,0.9558759124087592
snap_total__normT55,bin,gyZ_entropy,0.40336134453781514,0.4376,,,,0.8657553956834533
snap_total__normT55,bin,gyZ_bp_lf,0.42857142857142855,0.5711999999999999,,,,0.9345338983050848
snap_total__normT55,bin,gyZ_bp_mf,0.40336134453781514,0.4376,,,,0.8657553956834533
snap_total__normT55,bin,gyZ_bp_hf,0.4957983193277311,0.9524,,,,0.9558759124087592
snap_total__normT55,bin,gyMag_mean,0.47058823529411764,0.802,,,,0.9345338983050848
snap_total__normT55,bin,gyMag_std,0.5378151260504201,0.7554,,,,0.9345338983050848
snap_total__normT55,bin,gyMag_var,0.5378151260504201,0.7554,,,,0.9345338983050848
snap_total__normT55,bin,gyMag_rms,0.4957983193277311,0.9524,,,,0.9558759124087592
snap_total__normT55,bin,gyMag_min,0.5462184873949579,0.734,,,,0.9345338983050848
snap_total__normT55,bin,gyMag_max,0.42857142857142855,0.5711999999999999,,,,0.9345338983050848
snap_total__normT55,bin,gyMag_range,0.42857142857142855,0.5711999999999999,,,,0.9345338983050848
snap_total__normT55,bin,gyMag_median,0.5126050420168067,0.9292,,,,0.9558759124087592
snap_total__normT55,bin,gyMag_iqr,0.36134453781512604,0.27559999999999996,,,,0.8159223300970873
snap_total__normT55,bin,gyMag_mad,0.36134453781512604,0.27559999999999996,,,,0.8159223300970873
snap_total__normT55,bin,gyMag_skew,0.5798319327731093,0.5238,,,,0.9293225806451614
snap_total__normT55,bin,gyMag_kurt,0.5966386554621849,0.4376,,,,0.8657553956834533
snap_total__normT55,bin,gyMag_zcr,0.5966386554621849,0.4376,,,,0.8657553956834533
snap_total__normT55,bin,gyMag_madiff,0.5462184873949579,0.734,,,,0.9345338983050848
snap_total__normT55,bin,gyMag_domfreq,0.48739495798319327,0.9028,,,,0.9558759124087592
snap_total__normT55,bin,gyMag_centroid,0.6470588235294118,0.24780000000000002,,,,0.8159223300970873
snap_total__normT55,bin,gyMag_spread,0.7142857142857143,0.09179999999999999,,,,0.6840624999999997
snap_total__normT55,bin,gyMag_entropy,0.6302521008403361,0.3056,,,,0.8159223300970873
snap_total__normT55,bin,gyMag_bp_lf,0.5210084033613446,0.8548,,,,0.9558759124087592
snap_total__normT55,bin,gyMag_bp_mf,0.7478991596638656,0.052000000000000046,,,,0.6840624999999997
snap_total__normT55,bin,gyMag_bp_hf,0.7058823529411765,0.10319999999999996,,,,0.6840624999999997
snap_total__normT55,bin,pitch_mean,0.5126050420168067,0.9292,,,,0.9558759124087592
snap_total__normT55,bin,pitch_std,0.7142857142857143,0.09179999999999999,,,,0.6840624999999997
snap_total__normT55,bin,pitch_var,0.7142857142857143,0.09179999999999999,,,,0.6840624999999997
snap_total__normT55,bin,pitch_rms,0.5294117647058824,0.802,,,,0.9345338983050848
snap_total__normT55,bin,pitch_min,0.6554621848739496,0.22160000000000002,,,,0.8125333333333334
snap_total__normT55,bin,pitch_max,0.4957983193277311,0.9524,,,,0.9558759124087592
snap_total__normT55,bin,pitch_range,0.5042016806722689,0.9524,,,,0.9558759124087592
snap_total__normT55,bin,pitch_median,0.5294117647058824,0.802,,,,0.9345338983050848
snap_total__normT55,bin,pitch_iqr,0.6386554621848739,0.29159999999999997,,,,0.8159223300970873
snap_total__normT55,bin,pitch_mad,0.5966386554621849,0.4376,,,,0.8657553956834533
snap_total__normT55,bin,pitch_skew,0.44537815126050423,0.6856,,,,0.9345338983050848
snap_total__normT55,bin,pitch_kurt,0.2605042016806723,0.06679999999999997,,,,0.6840624999999997
snap_total__normT55,bin,pitch_zcr,0.46218487394957986,0.7554,,,,0.9345338983050848
snap_total__normT55,bin,pitch_madiff,0.5126050420168067,0.9292,,,,0.9558759124087592
snap_total__normT55,bin,pitch_domfreq,0.31932773109243695,0.15759999999999996,,,,0.801544117647059
snap_total__normT55,bin,pitch_centroid,0.3949579831932773,0.40159999999999996,,,,0.8657553956834533
snap_total__normT55,bin,pitch_spread,0.3697478991596639,0.3056,,,,0.8159223300970873
snap_total__normT55,bin,pitch_entropy,0.40336134453781514,0.4376,,,,0.8657553956834533
snap_total__normT55,bin,pitch_bp_lf,0.44537815126050423,0.6856,,,,0.9345338983050848
snap_total__normT55,bin,pitch_bp_mf,0.3697478991596639,0.3056,,,,0.8159223300970873
snap_total__normT55,bin,pitch_bp_hf,0.3949579831932773,0.40159999999999996,,,,0.8657553956834533
snap_total__normT55,bin,roll_mean,0.7142857142857143,0.09179999999999999,,,,0.6840624999999997
snap_total__normT55,bin,roll_std,0.40336134453781514,0.4376,,,,0.8657553956834533
snap_total__normT55,bin,roll_var,0.40336134453781514,0.4376,,,,0.8657553956834533
snap_total__normT55,bin,roll_rms,0.5378151260504201,0.7554,,,,0.9345338983050848
snap_total__normT55,bin,roll_min,0.5630252100840336,0.616,,,,0.9345338983050848
snap_total__normT55,bin,roll_max,0.24369747899159663,0.04259999999999997,,,,0.6840624999999997
snap_total__normT55,bin,roll_range,0.2857142857142857,0.09179999999999999,,,,0.6840624999999997
snap_total__normT55,bin,roll_median,0.6638655462184874,0.19820000000000004,,,,0.801544117647059
snap_total__normT55,bin,roll_iqr,0.2689075630252101,0.07120000000000004,,,,0.6840624999999997
snap_total__normT55,bin,roll_mad,0.35294117647058826,0.26280000000000003,,,,0.8159223300970873
snap_total__normT55,bin,roll_skew,0.3277310924369748,0.18820000000000003,,,,0.801544117647059
snap_total__normT55,bin,roll_kurt,0.6386554621848739,0.29159999999999997,,,,0.8159223300970873
snap_total__normT55,bin,roll_zcr,0.5798319327731093,0.5238,,,,0.9293225806451614
snap_total__normT55,bin,roll_madiff,0.5126050420168067,0.9292,,,,0.9558759124087592
snap_total__normT55,bin,roll_domfreq,0.453781512605042,0.71,,,,0.9345338983050848
snap_total__normT55,bin,roll_centroid,0.5210084033613446,0.8548,,,,0.9558759124087592
snap_total__normT55,bin,roll_spread,0.5714285714285714,0.5928,,,,0.9345338983050848
snap_total__normT55,bin,roll_entropy,0.5378151260504201,0.7554,,,,0.9345338983050848
snap_total__normT55,bin,roll_bp_lf,0.5294117647058824,0.802,,,,0.9345338983050848
snap_total__normT55,bin,roll_bp_mf,0.5546218487394958,0.6597999999999999,,,,0.9345338983050848
snap_total__normT55,bin,roll_bp_hf,0.5462184873949579,0.734,,,,0.9345338983050848
snap_total__normT55,bin,yaw_mean,0.4957983193277311,0.9524,,,,0.9558759124087592
snap_total__normT55,bin,yaw_std,0.3025210084033613,0.11939999999999995,,,,0.6840624999999997
snap_total__normT55,bin,yaw_var,0.3025210084033613,0.11939999999999995,,,,0.6840624999999997
snap_total__normT55,bin,yaw_rms,0.33613445378151263,0.19820000000000004,,,,0.801544117647059
snap_total__normT55,bin,yaw_min,0.5798319327731093,0.5238,,,,0.9293225806451614
snap_total__normT55,bin,yaw_max,0.44537815126050423,0.6856,,,,0.9345338983050848
snap_total__normT55,bin,yaw_range,0.42016806722689076,0.5476,,,,0.9345338983050848
snap_total__normT55,bin,yaw_median,0.4789915966386555,0.8815999999999999,,,,0.9558759124087592
snap_total__normT55,bin,yaw_iqr,0.33613445378151263,0.19820000000000004,,,,0.801544117647059
snap_total__normT55,bin,yaw_mad,0.3025210084033613,0.11939999999999995,,,,0.6840624999999997
snap_total__normT55,bin,yaw_skew,0.5294117647058824,0.802,,,,0.9345338983050848
snap_total__normT55,bin,yaw_kurt,0.6554621848739496,0.22160000000000002,,,,0.8125333333333334
snap_total__normT55,bin,yaw_zcr,0.4957983193277311,0.9524,,,,0.9558759124087592
snap_total__normT55,bin,yaw_madiff,0.4117647058823529,0.482,,,,0.8895973154362415
snap_total__normT55,bin,yaw_domfreq,0.4789915966386555,0.8815999999999999,,,,0.9558759124087592
snap_total__normT55,bin,yaw_centroid,0.46218487394957986,0.7554,,,,0.9345338983050848
snap_total__normT55,bin,yaw_spread,0.46218487394957986,0.7554,,,,0.9345338983050848
snap_total__normT55,bin,yaw_entropy,0.5126050420168067,0.9292,,,,0.9558759124087592
snap_total__normT55,bin,yaw_bp_lf,0.3865546218487395,0.38639999999999997,,,,0.8657553956834533
snap_total__normT55,bin,yaw_bp_mf,0.46218487394957986,0.7554,,,,0.9345338983050848
snap_total__normT55,bin,yaw_bp_hf,0.47058823529411764,0.802,,,,0.9345338983050848
snap_total__normT55,bin,jerk_mean,0.37815126050420167,0.33940000000000003,,,,0.8562844036697248
snap_total__normT55,bin,jerk_std,0.4117647058823529,0.482,,,,0.8895973154362415
snap_total__normT55,bin,jerk_var,0.4117647058823529,0.482,,,,0.8895973154362415
snap_total__normT55,bin,jerk_rms,0.4117647058823529,0.482,,,,0.8895973154362415
snap_total__normT55,bin,jerk_min,0.5042016806722689,0.9524,,,,0.9558759124087592
snap_total__normT55,bin,jerk_max,0.5462184873949579,0.734,,,,0.9345338983050848
snap_total__normT55,bin,jerk_range,0.5378151260504201,0.7554,,,,0.9345338983050848
snap_total__normT55,bin,jerk_median,0.5,1.0,,,,1.0
snap_total__normT55,bin,jerk_iqr,0.5546218487394958,0.6597999999999999,,,,0.9345338983050848
snap_total__normT55,bin,jerk_mad,0.5546218487394958,0.6597999999999999,,,,0.9345338983050848
snap_total__normT55,bin,jerk_skew,0.7310924369747899,0.07599999999999996,,,,0.6840624999999997
snap_total__normT55,bin,jerk_kurt,0.6050420168067226,0.41859999999999997,,,,0.8657553956834533
snap_total__normT55,bin,jerk_zcr,0.46218487394957986,0.7554,,,,0.9345338983050848
snap_total__normT55,bin,jerk_madiff,0.35294117647058826,0.26280000000000003,,,,0.8159223300970873
snap_total__normT55,bin,jerk_domfreq,0.5966386554621849,0.4376,,,,0.8657553956834533
snap_total__normT55,bin,jerk_centroid,0.6470588235294118,0.24780000000000002,,,,0.8159223300970873
snap_total__normT55,bin,jerk_spread,0.3949579831932773,0.40159999999999996,,,,0.8657553956834533
snap_total__normT55,bin,jerk_entropy,0.48739495798319327,0.9028,,,,0.9558759124087592
snap_total__normT55,bin,jerk_bp_lf,0.5294117647058824,0.802,,,,0.9345338983050848
snap_total__normT55,bin,jerk_bp_mf,0.29411764705882354,0.11240000000000006,,,,0.6840624999999997
snap_total__normT55,bin,jerk_bp_hf,0.7058823529411765,0.10319999999999996,,,,0.6840624999999997
snap_total__normT55,bin,actfrac_p50,0.23529411764705882,0.03480000000000005,,,,0.6840624999999997
snap_total__normT55,bin,switchmin_p50,0.6050420168067226,0.41859999999999997,,,,0.8657553956834533
snap_total__normT55,bin,actbout_med_p50,0.49159663865546216,0.9524,,,,0.9558759124087592
snap_total__normT55,bin,actbout_cv_p50,0.48739495798319327,0.9028,,,,0.9558759124087592
snap_total__normT55,bin,actshort_p50,0.5714285714285714,0.5928,,,,0.9345338983050848
snap_total__normT55,bin,actfrac_p75,0.7352941176470589,0.07120000000000004,,,,0.6840624999999997
snap_total__normT55,bin,switchmin_p75,0.6218487394957983,0.33940000000000003,,,,0.8562844036697248
snap_total__normT55,bin,actbout_med_p75,0.3865546218487395,0.38639999999999997,,,,0.8657553956834533
snap_total__normT55,bin,actbout_cv_p75,0.5378151260504201,0.7554,,,,0.9345338983050848
snap_total__normT55,bin,actshort_p75,0.5714285714285714,0.5928,,,,0.9345338983050848
snap_total__normT55,bin,actfrac_p90,0.5714285714285714,0.5928,,,,0.9345338983050848
snap_total__normT55,bin,switchmin_p90,0.5378151260504201,0.7554,,,,0.9345338983050848
snap_total__normT55,bin,actbout_med_p90,0.5210084033613446,0.8548,,,,0.9558759124087592
snap_total__normT55,bin,actbout_cv_p90,0.6050420168067226,0.41859999999999997,,,,0.8657553956834533
snap_total__normT55,bin,actshort_p90,0.3277310924369748,0.18820000000000003,,,,0.801544117647059
snap_total__normT55,bin,switch_per_min,0.7100840336134454,0.10319999999999996,,,,0.6840624999999997
snap_total__normT55,bin,act_bout_median,0.16806722689075632,0.009000000000000008,,,,0.6840624999999997
snap_total__normT55,bin,stl_bout_median,0.5504201680672269,0.71,,,,0.9345338983050848
snap_total__normT55,bin,act_bout_cv,0.7226890756302521,0.0816,,,,0.6840624999999997
snap_total__normT55,bin,stl_bout_cv,0.2689075630252101,0.07120000000000004,,,,0.6840624999999997
snap_total__normT55,bin,frac_act_short,0.6386554621848739,0.29159999999999997,,,,0.8159223300970873
snap_total__normT55,bin,within_win_sd,0.3445378151260504,0.22160000000000002,,,,0.8125333333333334
snap_total__normT55,bin,mag_median,0.42857142857142855,0.5711999999999999,,,,0.9345338983050848
