target,fold,step,feature
snap_inatt__qbin,0,1,frac_act_short_w10_p20
snap_inatt__qbin,0,2,yaw_range
snap_inatt__qbin,0,3,uaZ_std
snap_inatt__qbin,0,4,stl_bout_median_w5_p70
snap_inatt__qbin,0,5,uaZ_max
snap_inatt__qbin,0,6,uaY_domfreq
snap_inatt__qbin,0,7,gyZ_median
snap_inatt__qbin,0,8,uaMag_max
snap_inatt__qbin,0,9,stl_bout_cv_w5_p10
snap_inatt__qbin,0,10,uaY_mean
snap_inatt__qbin,0,11,uaX_centroid
snap_inatt__qbin,0,12,stl_bout_median_w5_p60
snap_inatt__qbin,0,13,jerk_max
snap_inatt__qbin,0,14,yaw_max
snap_inatt__qbin,0,15,gyZ_mean
snap_inatt__qbin,0,16,roll_skew
snap_inatt__qbin,0,17,frac_act_short_w10_p40
snap_inatt__qbin,0,18,uaX_bp_hf
snap_inatt__qbin,0,19,pitch_bp_mf
snap_inatt__qbin,0,20,gyX_skew
snap_inatt__qbin,1,1,frac_act_short_w10_p20
snap_inatt__qbin,1,2,yaw_range
snap_inatt__qbin,1,3,gyX_skew
snap_inatt__qbin,1,4,gyMag_max
snap_inatt__qbin,1,5,uaY_domfreq
snap_inatt__qbin,1,6,gyY_std
snap_inatt__qbin,1,7,roll_skew
snap_inatt__qbin,1,8,act_bout_cv_w10_p60
snap_inatt__qbin,1,9,yaw_max
snap_inatt__qbin,1,10,stl_bout_median_w5_p10
snap_inatt__qbin,1,11,uaX_max
snap_inatt__qbin,1,12,yaw_min
snap_inatt__qbin,1,13,frac_act_short_w2_p70
snap_inatt__qbin,1,14,roll_mean
snap_inatt__qbin,1,15,act_bout_median_w1_p90
snap_inatt__qbin,1,16,uaZ_kurt
snap_inatt__qbin,1,17,gyY_mean
snap_inatt__qbin,1,18,act_bout_median_w0.5_p90
snap_inatt__qbin,1,19,uaY_median
snap_inatt__qbin,1,20,frac_act_short_w10_p40
snap_inatt__qbin,2,1,frac_act_short_w10_p20
snap_inatt__qbin,2,2,gyY_std
snap_inatt__qbin,2,3,act_bout_cv_w10_p70
snap_inatt__qbin,2,4,yaw_range
snap_inatt__qbin,2,5,gyX_skew
snap_inatt__qbin,2,6,uaY_median
snap_inatt__qbin,2,7,act_bout_median_w0.5_p90
snap_inatt__qbin,2,8,gyX_iqr
snap_inatt__qbin,2,9,gyY_mean
snap_inatt__qbin,2,10,gyMag_mean
snap_inatt__qbin,2,11,jerk_acf_dom_period_s
snap_inatt__qbin,2,12,frac_act_short_w10_p40
snap_inatt__qbin,2,13,act_bout_median_w5_p80
snap_inatt__qbin,2,14,roll_skew
snap_inatt__qbin,2,15,roll_domfreq
snap_inatt__qbin,2,16,yaw_max
snap_inatt__qbin,2,17,actshort_p80
snap_inatt__qbin,2,18,roll_median
snap_inatt__qbin,2,19,stl_bout_median_w5_p70
snap_inatt__qbin,2,20,yaw_min
snap_inatt__qbin,3,1,frac_act_short_w10_p20
snap_inatt__qbin,3,2,gyY_std
snap_inatt__qbin,3,3,jerk_peak_ipi_med_s
snap_inatt__qbin,3,4,jerk_acf_dom_period_s
snap_inatt__qbin,3,5,uaMag_max
snap_inatt__qbin,3,6,act_bout_median_w0.5_p90
snap_inatt__qbin,3,7,gyY_mean
snap_inatt__qbin,3,8,gyMag_peak_ipi_cv
snap_inatt__qbin,3,9,act_bout_median_w5_p70
snap_inatt__qbin,3,10,yaw_max
snap_inatt__qbin,3,11,stl_bout_cv_w0.5_p70
snap_inatt__qbin,3,12,uaMag_rms
snap_inatt__qbin,3,13,act_bout_median_w2_p50
snap_inatt__qbin,3,14,uaY_median
snap_inatt__qbin,3,15,uaZ_max
snap_inatt__qbin,3,16,yaw_range
snap_inatt__qbin,3,17,gyX_skew
snap_inatt__qbin,3,18,stl_bout_cv_w0.5_p10
snap_inatt__qbin,3,19,roll_skew
snap_inatt__qbin,3,20,stl_bout_median_w5_p60
snap_inatt__qbin,4,1,uaMag_peak_amp_med
snap_inatt__qbin,4,2,frac_act_short_w10_p20
snap_inatt__qbin,4,3,yaw_range
snap_inatt__qbin,4,4,gyX_skew
snap_inatt__qbin,4,5,act_bout_cv_w10_p70
snap_inatt__qbin,4,6,roll_skew
snap_inatt__qbin,4,7,uaY_median
snap_inatt__qbin,4,8,gyY_mean
snap_inatt__qbin,4,9,gyMag_mad
snap_inatt__qbin,4,10,act_bout_median_w0.5_p90
snap_inatt__qbin,4,11,act_bout_median_w2_p50
snap_inatt__qbin,4,12,uaX_centroid
snap_inatt__qbin,4,13,frac_act_short_w10_p40
snap_inatt__qbin,4,14,uaZ_std
snap_inatt__qbin,4,15,yaw_max
snap_inatt__qbin,4,16,yaw_min
snap_inatt__qbin,4,17,stl_bout_median_w5_p60
snap_inatt__qbin,4,18,pitch_bp_mf
snap_inatt__qbin,4,19,stl_bout_cv_w0.5_p20
snap_inatt__qbin,4,20,act_bout_median_w5_p60
snap_inatt__qbin,5,1,frac_act_short_w10_p20
snap_inatt__qbin,5,2,gyY_std
snap_inatt__qbin,5,3,act_bout_median_w0.5_p60
snap_inatt__qbin,5,4,gyX_skew
snap_inatt__qbin,5,5,uaY_median
snap_inatt__qbin,5,6,yaw_range
snap_inatt__qbin,5,7,act_bout_cv_w10_p70
snap_inatt__qbin,5,8,stl_bout_median_w0.5_p80
snap_inatt__qbin,5,9,uaZ_skew
snap_inatt__qbin,5,10,act_bout_median_w0.5_p90
snap_inatt__qbin,5,11,gyMag_mean
snap_inatt__qbin,5,12,jerk_peak_ipi_med_s
snap_inatt__qbin,5,13,uaX_max
snap_inatt__qbin,5,14,yaw_max
snap_inatt__qbin,5,15,gyY_mean
snap_inatt__qbin,5,16,act_bout_median_w1_p90
snap_inatt__qbin,5,17,jerk_acf_dom_period_s
snap_inatt__qbin,5,18,uaZ_madiff
snap_inatt__qbin,5,19,act_bout_median_w2_p50
snap_inatt__qbin,5,20,actshort_p80
snap_inatt__qbin,6,1,frac_act_short_w10_p20
snap_inatt__qbin,6,2,gyY_std
snap_inatt__qbin,6,3,act_bout_median_w5_p70
snap_inatt__qbin,6,4,yaw_range
snap_inatt__qbin,6,5,stl_bout_cv_w0.5_p60
snap_inatt__qbin,6,6,roll_domfreq
snap_inatt__qbin,6,7,gyX_skew
snap_inatt__qbin,6,8,yaw_entropy
snap_inatt__qbin,6,9,uaY_median
snap_inatt__qbin,6,10,yaw_min
snap_inatt__qbin,6,11,act_bout_median_w0.5_p90
snap_inatt__qbin,6,12,gyMag_domfreq
snap_inatt__qbin,6,13,frac_act_short_w10_p40
snap_inatt__qbin,6,14,act_bout_median_w5_p60
snap_inatt__qbin,6,15,gyMag_mean
snap_inatt__qbin,6,16,stl_bout_cv_w10_p50
snap_inatt__qbin,6,17,actshort_p80
snap_inatt__qbin,6,18,jerk_acf_dom_period_s
snap_inatt__qbin,6,19,pitch_bp_hf
snap_inatt__qbin,6,20,gyY_mean
snap_inatt__qbin,7,1,frac_act_short_w10_p20
snap_inatt__qbin,7,2,gyY_std
snap_inatt__qbin,7,3,uaY_domfreq
snap_inatt__qbin,7,4,yaw_max
snap_inatt__qbin,7,5,stl_bout_median_w5_p70
snap_inatt__qbin,7,6,uaY_range
snap_inatt__qbin,7,7,roll_skew
snap_inatt__qbin,7,8,jerk_centroid
snap_inatt__qbin,7,9,yaw_range
snap_inatt__qbin,7,10,frac_act_short_w2_p70
snap_inatt__qbin,7,11,roll_kurt
snap_inatt__qbin,7,12,uaY_median
snap_inatt__qbin,7,13,uaZ_max
snap_inatt__qbin,7,14,act_bout_median_w5_p70
snap_inatt__qbin,7,15,stl_bout_cv_w0.5_p70
snap_inatt__qbin,7,16,roll_domfreq
snap_inatt__qbin,7,17,pitch_bp_mf
snap_inatt__qbin,7,18,yaw_domfreq
snap_inatt__qbin,7,19,jerk_acf_dom_period_s
snap_inatt__qbin,7,20,frac_act_short_w0.5_p70
snap_inatt__qbin,8,1,frac_act_short_w10_p20
snap_inatt__qbin,8,2,yaw_range
snap_inatt__qbin,8,3,act_bout_cv_w10_p70
snap_inatt__qbin,8,4,uaZ_std
snap_inatt__qbin,8,5,stl_bout_median_w1_p50
snap_inatt__qbin,8,6,roll_kurt
snap_inatt__qbin,8,7,gyX_skew
snap_inatt__qbin,8,8,gyMag_mean
snap_inatt__qbin,8,9,uaY_median
snap_inatt__qbin,8,10,gyZ_median
snap_inatt__qbin,8,11,frac_act_short_w10_p90
snap_inatt__qbin,8,12,uaZ_max
snap_inatt__qbin,8,13,act_bout_median_w0.5_p90
snap_inatt__qbin,8,14,act_bout_median_w2_p50
snap_inatt__qbin,8,15,yaw_max
snap_inatt__qbin,8,16,yaw_domfreq
snap_inatt__qbin,8,17,uaMag_std
snap_inatt__qbin,8,18,act_bout_cv_w0.5_p90
snap_inatt__qbin,8,19,act_bout_median_w5_p70
snap_inatt__qbin,8,20,jerk_peak_ipi_cv
snap_inatt__qbin,9,1,frac_act_short_w10_p20
snap_inatt__qbin,9,2,gyY_std
snap_inatt__qbin,9,3,frac_act_short_w10_p40
snap_inatt__qbin,9,4,actshort_p80
snap_inatt__qbin,9,5,roll_domfreq
snap_inatt__qbin,9,6,uaY_median
snap_inatt__qbin,9,7,yaw_range
snap_inatt__qbin,9,8,actshort_p90
snap_inatt__qbin,9,9,frac_act_short_w10_p90
snap_inatt__qbin,9,10,gyMag_mean
snap_inatt__qbin,9,11,gyX_skew
snap_inatt__qbin,9,12,act_bout_cv_w0.5_p90
snap_inatt__qbin,9,13,gyX_max
snap_inatt__qbin,9,14,act_bout_median_w0.5_p90
snap_inatt__qbin,9,15,gyX_iqr
snap_inatt__qbin,9,16,yaw_min
snap_inatt__qbin,9,17,stl_bout_median_w5_p70
snap_inatt__qbin,9,18,uaZ_madiff
snap_inatt__qbin,9,19,actbout_cv_p70
snap_inatt__qbin,9,20,pitch_madiff
snap_inatt__qbin,10,1,frac_act_short_w10_p20
snap_inatt__qbin,10,2,gyY_std
snap_inatt__qbin,10,3,uaY_domfreq
snap_inatt__qbin,10,4,yaw_max
snap_inatt__qbin,10,5,stl_bout_median_w5_p70
snap_inatt__qbin,10,6,uaY_range
snap_inatt__qbin,10,7,roll_skew
snap_inatt__qbin,10,8,yaw_range
snap_inatt__qbin,10,9,jerk_bp_hf
snap_inatt__qbin,10,10,gyZ_median
snap_inatt__qbin,10,11,frac_act_short_w10_p40
snap_inatt__qbin,10,12,uaX_bp_hf
snap_inatt__qbin,10,13,roll_kurt
snap_inatt__qbin,10,14,roll_domfreq
snap_inatt__qbin,10,15,uaMag_max
snap_inatt__qbin,10,16,uaY_median
snap_inatt__qbin,10,17,uaX_centroid
snap_inatt__qbin,10,18,roll_iqr
snap_inatt__qbin,10,19,gyX_skew
snap_inatt__qbin,10,20,stl_bout_cv_w0.5_p10
snap_inatt__qbin,11,1,frac_act_short_w10_p20
snap_inatt__qbin,11,2,gyY_std
snap_inatt__qbin,11,3,stl_bout_median_w2_p90
snap_inatt__qbin,11,4,jerk_peak_ipi_med_s
snap_inatt__qbin,11,5,yaw_range
snap_inatt__qbin,11,6,gyX_skew
snap_inatt__qbin,11,7,uaY_median
snap_inatt__qbin,11,8,uaZ_skew
snap_inatt__qbin,11,9,roll_skew
snap_inatt__qbin,11,10,stl_bout_cv_w0.5_p20
snap_inatt__qbin,11,11,act_bout_cv_w10_p50
snap_inatt__qbin,11,12,yaw_domfreq
snap_inatt__qbin,11,13,yaw_max
snap_inatt__qbin,11,14,yaw_min
snap_inatt__qbin,11,15,act_bout_median_w2_p50
snap_inatt__qbin,11,16,act_bout_median_w5_p70
snap_inatt__qbin,11,17,uaZ_std
snap_inatt__qbin,11,18,uaX_max
snap_inatt__qbin,11,19,stl_bout_median_w5_p70
snap_inatt__qbin,11,20,pitch_bp_mf
snap_inatt__qbin,12,1,frac_act_short_w10_p20
snap_inatt__qbin,12,2,gyY_std
snap_inatt__qbin,12,3,act_bout_cv_w10_p70
snap_inatt__qbin,12,4,yaw_range
snap_inatt__qbin,12,5,gyX_skew
snap_inatt__qbin,12,6,uaY_median
snap_inatt__qbin,12,7,act_bout_median_w0.5_p90
snap_inatt__qbin,12,8,uaY_min
snap_inatt__qbin,12,9,stl_bout_cv_w1_p10
snap_inatt__qbin,12,10,gyZ_domfreq
snap_inatt__qbin,12,11,jerk_centroid
snap_inatt__qbin,12,12,gyY_median
snap_inatt__qbin,12,13,uaZ_max
snap_inatt__qbin,12,14,stl_bout_median_w2_p90
snap_inatt__qbin,12,15,yaw_max
snap_inatt__qbin,12,16,yaw_min
snap_inatt__qbin,12,17,stl_bout_cv_w0.5_p20
snap_inatt__qbin,12,18,uaZ_kurt
snap_inatt__qbin,12,19,act_bout_median_w1_p90
snap_inatt__qbin,12,20,roll_skew
snap_inatt__qbin,13,1,frac_act_short_w10_p20
snap_inatt__qbin,13,2,gyY_std
snap_inatt__qbin,13,3,uaY_domfreq
snap_inatt__qbin,13,4,stl_bout_cv_w0.5_p20
snap_inatt__qbin,13,5,yaw_range
snap_inatt__qbin,13,6,stl_bout_median_w5_p60
snap_inatt__qbin,13,7,uaZ_max
snap_inatt__qbin,13,8,uaX_madiff
snap_inatt__qbin,13,9,stl_bout_median_w2_p90
snap_inatt__qbin,13,10,gyX_skew
snap_inatt__qbin,13,11,uaY_median
snap_inatt__qbin,13,12,gyZ_median
snap_inatt__qbin,13,13,pitch_kurt
snap_inatt__qbin,13,14,act_bout_median_w2_p50
snap_inatt__qbin,13,15,uaZ_skew
snap_inatt__qbin,13,16,yaw_max
snap_inatt__qbin,13,17,stl_bout_median_w0.5_p10
snap_inatt__qbin,13,18,gyMag_rms
snap_inatt__qbin,13,19,stl_bout_median_w10_p40
snap_inatt__qbin,13,20,yaw_min
snap_inatt__qbin,14,1,frac_act_short_w10_p20
snap_inatt__qbin,14,2,gyY_std
snap_inatt__qbin,14,3,roll_domfreq
snap_inatt__qbin,14,4,yaw_range
snap_inatt__qbin,14,5,gyX_skew
snap_inatt__qbin,14,6,jerk_centroid
snap_inatt__qbin,14,7,frac_act_short_w10_p40
snap_inatt__qbin,14,8,act_bout_median_w1_p20
snap_inatt__qbin,14,9,uaY_median
snap_inatt__qbin,14,10,act_bout_median_w0.5_p90
snap_inatt__qbin,14,11,uaZ_skew
snap_inatt__qbin,14,12,jerk_peak_ipi_cv
snap_inatt__qbin,14,13,yaw_min
snap_inatt__qbin,14,14,yaw_max
snap_inatt__qbin,14,15,act_bout_median_w1_p90
snap_inatt__qbin,14,16,gyY_mean
snap_inatt__qbin,14,17,jerk_dfa_alpha
snap_inatt__qbin,14,18,roll_skew
snap_inatt__qbin,14,19,actshort_p80
snap_inatt__qbin,14,20,uaMag_min
snap_inatt__qbin,15,1,frac_act_short_w10_p20
snap_inatt__qbin,15,2,gyY_std
snap_inatt__qbin,15,3,stl_bout_median_w1_p50
snap_inatt__qbin,15,4,gyX_max
snap_inatt__qbin,15,5,yaw_range
snap_inatt__qbin,15,6,stl_bout_median_w5_p70
snap_inatt__qbin,15,7,uaZ_std
snap_inatt__qbin,15,8,uaY_domfreq
snap_inatt__qbin,15,9,roll_skew
snap_inatt__qbin,15,10,roll_domfreq
snap_inatt__qbin,15,11,uaX_max
snap_inatt__qbin,15,12,yaw_domfreq
snap_inatt__qbin,15,13,yaw_max
snap_inatt__qbin,15,14,roll_kurt
snap_inatt__qbin,15,15,jerk_centroid
snap_inatt__qbin,15,16,uaMag_max
snap_inatt__qbin,15,17,frac_act_short_w0.5_p70
snap_inatt__qbin,15,18,uaMag_min
snap_inatt__qbin,15,19,pitch_bp_mf
snap_inatt__qbin,15,20,roll_median
snap_inatt__qbin,16,1,frac_act_short_w10_p20
snap_inatt__qbin,16,2,gyY_std
snap_inatt__qbin,16,3,yaw_range
snap_inatt__qbin,16,4,gyX_skew
snap_inatt__qbin,16,5,act_bout_cv_w0.5_p90
snap_inatt__qbin,16,6,act_bout_median_w5_p70
snap_inatt__qbin,16,7,stl_bout_median_w1_p40
snap_inatt__qbin,16,8,uaY_median
snap_inatt__qbin,16,9,stl_bout_median_w2_p90
snap_inatt__qbin,16,10,stl_bout_cv_w0.5_p20
snap_inatt__qbin,16,11,gyMag_max
snap_inatt__qbin,16,12,roll_skew
snap_inatt__qbin,16,13,actbout_med_p30
snap_inatt__qbin,16,14,frac_act_short_w0.5_p70
snap_inatt__qbin,16,15,yaw_max
snap_inatt__qbin,16,16,yaw_min
snap_inatt__qbin,16,17,jerk_centroid
snap_inatt__qbin,16,18,frac_act_short_w2_p70
snap_inatt__qbin,16,19,uaZ_max
snap_inatt__qbin,16,20,stl_bout_cv_w0.5_p30
snap_inatt__qbin,17,1,frac_act_short_w10_p20
snap_inatt__qbin,17,2,gyY_std
snap_inatt__qbin,17,3,act_bout_median_w5_p70
snap_inatt__qbin,17,4,uaZ_max
snap_inatt__qbin,17,5,yaw_range
snap_inatt__qbin,17,6,gyMag_peak_ipi_cv
snap_inatt__qbin,17,7,frac_act_short_w1_p70
snap_inatt__qbin,17,8,jerk_peak_ipi_cv
snap_inatt__qbin,17,9,roll_skew
snap_inatt__qbin,17,10,gyX_skew
snap_inatt__qbin,17,11,gyX_max
snap_inatt__qbin,17,12,jerk_acf_dom_period_s
snap_inatt__qbin,17,13,uaY_median
snap_inatt__qbin,17,14,stl_bout_cv_w0.5_p10
snap_inatt__qbin,17,15,stl_bout_median_w2_p90
snap_inatt__qbin,17,16,gyMag_domfreq
snap_inatt__qbin,17,17,actshort_p80
snap_inatt__qbin,17,18,act_bout_median_w10_p10
snap_inatt__qbin,17,19,act_bout_median_w5_p60
snap_inatt__qbin,17,20,gyMag_max
snap_inatt__qbin,18,1,frac_act_short_w10_p20
snap_inatt__qbin,18,2,yaw_range
snap_inatt__qbin,18,3,gyX_skew
snap_inatt__qbin,18,4,uaY_median
snap_inatt__qbin,18,5,stl_bout_cv_w0.5_p10
snap_inatt__qbin,18,6,act_bout_median_w5_p70
snap_inatt__qbin,18,7,gyMag_peak_ipi_cv
snap_inatt__qbin,18,8,gyMag_rms
snap_inatt__qbin,18,9,gyMag_min
snap_inatt__qbin,18,10,yaw_max
snap_inatt__qbin,18,11,yaw_min
snap_inatt__qbin,18,12,stl_bout_cv_w2_p30
snap_inatt__qbin,18,13,frac_act_short_w2_p70
snap_inatt__qbin,18,14,uaX_max
snap_inatt__qbin,18,15,uaZ_kurt
snap_inatt__qbin,18,16,gyMag_domfreq
snap_inatt__qbin,18,17,roll_skew
snap_inatt__qbin,18,18,stl_bout_median_w5_p70
snap_inatt__qbin,18,19,uaY_domfreq
snap_inatt__qbin,18,20,frac_act_short_w10_p40
snap_inatt__qbin,19,1,frac_act_short_w10_p20
snap_inatt__qbin,19,2,gyY_std
snap_inatt__qbin,19,3,act_bout_cv_w10_p70
snap_inatt__qbin,19,4,yaw_range
snap_inatt__qbin,19,5,gyX_skew
snap_inatt__qbin,19,6,uaY_median
snap_inatt__qbin,19,7,act_bout_median_w0.5_p90
snap_inatt__qbin,19,8,uaY_min
snap_inatt__qbin,19,9,gyY_median
snap_inatt__qbin,19,10,actshort_p30
snap_inatt__qbin,19,11,stl_bout_median_w10_p30
snap_inatt__qbin,19,12,yaw_min
snap_inatt__qbin,19,13,uaZ_madiff
snap_inatt__qbin,19,14,uaX_max
snap_inatt__qbin,19,15,frac_act_short_w10_p40
snap_inatt__qbin,19,16,stl_bout_cv_w0.5_p20
snap_inatt__qbin,19,17,act_bout_median_w5_p70
snap_inatt__qbin,19,18,pitch_kurt
snap_inatt__qbin,19,19,act_bout_cv_w2_p10
snap_inatt__qbin,19,20,gyMag_mean
snap_inatt__qbin,20,1,frac_act_short_w10_p20
snap_inatt__qbin,20,2,yaw_range
snap_inatt__qbin,20,3,act_bout_cv_w10_p70
snap_inatt__qbin,20,4,uaZ_std
snap_inatt__qbin,20,5,gyX_skew
snap_inatt__qbin,20,6,act_bout_cv_w0.5_p90
snap_inatt__qbin,20,7,yaw_min
snap_inatt__qbin,20,8,uaMag_min
snap_inatt__qbin,20,9,pitch_kurt
snap_inatt__qbin,20,10,uaY_median
snap_inatt__qbin,20,11,stl_bout_median_w5_p70
snap_inatt__qbin,20,12,gyMag_std
snap_inatt__qbin,20,13,roll_kurt
snap_inatt__qbin,20,14,yaw_max
snap_inatt__qbin,20,15,act_bout_median_w0.5_p90
snap_inatt__qbin,20,16,frac_act_short_w10_p40
snap_inatt__qbin,20,17,uaZ_skew
snap_inatt__qbin,20,18,gyX_std
snap_inatt__qbin,20,19,stl_bout_median_w5_p60
snap_inatt__qbin,20,20,jerk_peak_ipi_cv
snap_inatt__qbin,21,1,frac_act_short_w10_p20
snap_inatt__qbin,21,2,gyY_std
snap_inatt__qbin,21,3,uaY_domfreq
snap_inatt__qbin,21,4,stl_bout_median_w1_p40
snap_inatt__qbin,21,5,act_bout_median_w0.5_p90
snap_inatt__qbin,21,6,yaw_range
snap_inatt__qbin,21,7,gyX_skew
snap_inatt__qbin,21,8,act_bout_cv_w10_p70
snap_inatt__qbin,21,9,gyMag_mean
snap_inatt__qbin,21,10,gyY_mean
snap_inatt__qbin,21,11,uaY_median
snap_inatt__qbin,21,12,roll_kurt
snap_inatt__qbin,21,13,stl_bout_cv_w0.5_p10
snap_inatt__qbin,21,14,yaw_max
snap_inatt__qbin,21,15,uaZ_skew
snap_inatt__qbin,21,16,yaw_min
snap_inatt__qbin,21,17,frac_act_short_w2_p70
snap_inatt__qbin,21,18,uaX_max
snap_inatt__qbin,21,19,yaw_domfreq
snap_inatt__qbin,21,20,stl_bout_median_w5_p70
snap_inatt__qbin,22,1,frac_act_short_w10_p20
snap_inatt__qbin,22,2,gyY_std
snap_inatt__qbin,22,3,uaY_domfreq
snap_inatt__qbin,22,4,yaw_max
snap_inatt__qbin,22,5,stl_bout_median_w5_p70
snap_inatt__qbin,22,6,uaY_range
snap_inatt__qbin,22,7,roll_skew
snap_inatt__qbin,22,8,yaw_range
snap_inatt__qbin,22,9,act_bout_median_w5_p70
snap_inatt__qbin,22,10,jerk_centroid
snap_inatt__qbin,22,11,act_bout_cv_w10_p80
snap_inatt__qbin,22,12,roll_kurt
snap_inatt__qbin,22,13,uaY_median
snap_inatt__qbin,22,14,gyX_skew
snap_inatt__qbin,22,15,uaZ_skew
snap_inatt__qbin,22,16,stl_bout_cv_w0.5_p20
snap_inatt__qbin,22,17,uaMag_max
snap_inatt__qbin,22,18,stl_bout_median_w5_p60
snap_inatt__qbin,22,19,frac_act_short_w10_p10
snap_inatt__qbin,22,20,gyMag_rms
snap_inatt__qbin,23,1,gyY_madiff
snap_inatt__qbin,23,2,frac_act_short_w10_p20
snap_inatt__qbin,23,3,yaw_range
snap_inatt__qbin,23,4,gyX_skew
snap_inatt__qbin,23,5,stl_bout_cv_w5_p30
snap_inatt__qbin,23,6,gyMag_rms
snap_inatt__qbin,23,7,roll_skew
snap_inatt__qbin,23,8,uaY_median
snap_inatt__qbin,23,9,act_bout_median_w10_p10
snap_inatt__qbin,23,10,uaMag_max
snap_inatt__qbin,23,11,stl_bout_cv_w0.5_p20
snap_inatt__qbin,23,12,act_bout_median_w5_p70
snap_inatt__qbin,23,13,yaw_max
snap_inatt__qbin,23,14,yaw_min
snap_inatt__qbin,23,15,uaZ_madiff
snap_inatt__qbin,23,16,frac_act_short_w10_p40
snap_inatt__qbin,23,17,frac_act_short_w2_p70
snap_inatt__qbin,23,18,jerk_max
snap_inatt__qbin,23,19,uaZ_kurt
snap_inatt__qbin,23,20,jerk_acf_dom_period_s
snap_hyper__qbin,0,1,uaMag_bp_lf
snap_hyper__qbin,0,2,pitch_kurt
snap_hyper__qbin,0,3,frac_act_short_w10_p20
snap_hyper__qbin,0,4,frac_act_short_w10_p40
snap_hyper__qbin,0,5,gyZ_mean
snap_hyper__qbin,0,6,stl_bout_median_w5_p20
snap_hyper__qbin,0,7,gyMag_domfreq
snap_hyper__qbin,0,8,gyX_range
snap_hyper__qbin,0,9,frac_act_short_w0.5_p70
snap_hyper__qbin,0,10,stl_bout_cv_w5_p10
snap_hyper__qbin,0,11,uaMag_entropy
snap_hyper__qbin,0,12,act_bout_median_w2_p90
snap_hyper__qbin,0,13,uaZ_max
snap_hyper__qbin,0,14,act_bout_cv_w2_p10
snap_hyper__qbin,0,15,stl_bout_median_w5_p30
snap_hyper__qbin,0,16,gyY_max
snap_hyper__qbin,0,17,frac_act_short_w5_p90
snap_hyper__qbin,0,18,roll_mean
snap_hyper__qbin,0,19,stl_bout_cv_w1_p10
snap_hyper__qbin,0,20,gyY_range
snap_hyper__qbin,1,1,stl_bout_median_w0.5_p30
snap_hyper__qbin,1,2,frac_act_short_w10_p20
snap_hyper__qbin,1,3,gyY_mean
snap_hyper__qbin,1,4,roll_median
snap_hyper__qbin,1,5,act_bout_cv_w0.5_p20
snap_hyper__qbin,1,6,gyX_range
snap_hyper__qbin,1,7,gyY_range
snap_hyper__qbin,1,8,act_bout_median_w0.5_p90
snap_hyper__qbin,1,9,stl_bout_median_w5_p30
snap_hyper__qbin,1,10,switch_per_min_w2_p80
snap_hyper__qbin,1,11,pitch_kurt
snap_hyper__qbin,1,12,act_bout_median_w5_p70
snap_hyper__qbin,1,13,jerk_zcr
snap_hyper__qbin,1,14,gyMag_max
snap_hyper__qbin,1,15,jerk_acf_dom_period_s
snap_hyper__qbin,1,16,gyY_min
snap_hyper__qbin,1,17,roll_mean
snap_hyper__qbin,1,18,stl_bout_cv_w2_p10
snap_hyper__qbin,1,19,stl_bout_median_w10_p30
snap_hyper__qbin,1,20,gyX_max
snap_hyper__qbin,2,1,uaMag_entropy
snap_hyper__qbin,2,2,stl_bout_cv_w5_p30
snap_hyper__qbin,2,3,gyY_range
snap_hyper__qbin,2,4,frac_act_short_w2_p80
snap_hyper__qbin,2,5,gyMag_min
snap_hyper__qbin,2,6,pitch_bp_mf
snap_hyper__qbin,2,7,act_bout_cv_w0.5_p20
snap_hyper__qbin,2,8,frac_act_short_w10_p20
snap_hyper__qbin,2,9,jerk_peak_ipi_cv
snap_hyper__qbin,2,10,gyY_max
snap_hyper__qbin,2,11,stl_bout_cv_w2_p90
snap_hyper__qbin,2,12,act_bout_median_w0.5_p90
snap_hyper__qbin,2,13,switch_per_min_w2_p80
snap_hyper__qbin,2,14,gyMag_acf_dom_period_s
snap_hyper__qbin,2,15,pitch_kurt
snap_hyper__qbin,2,16,gyX_range
snap_hyper__qbin,2,17,gyY_std
snap_hyper__qbin,2,18,act_bout_median_w5_p60
snap_hyper__qbin,2,19,roll_median
snap_hyper__qbin,2,20,act_bout_cv_w1_p80
snap_hyper__qbin,3,1,pitch_kurt
snap_hyper__qbin,3,2,actshort_p80
snap_hyper__qbin,3,3,gyMag_domfreq
snap_hyper__qbin,3,4,frac_act_short_w10_p40
snap_hyper__qbin,3,5,uaY_domfreq
snap_hyper__qbin,3,6,frac_act_short_w0.5_p70
snap_hyper__qbin,3,7,jerk_peak_ipi_cv
snap_hyper__qbin,3,8,gyMag_centroid
snap_hyper__qbin,3,9,stl_bout_median_w10_p10
snap_hyper__qbin,3,10,roll_median
snap_hyper__qbin,3,11,uaMag_entropy
snap_hyper__qbin,3,12,stl_bout_median_w0.5_p30
snap_hyper__qbin,3,13,gyX_max
snap_hyper__qbin,3,14,stl_bout_median_w5_p30
snap_hyper__qbin,3,15,gyY_std
snap_hyper__qbin,3,16,act_bout_cv_w10_p70
snap_hyper__qbin,3,17,roll_mean
snap_hyper__qbin,3,18,uaY_median
snap_hyper__qbin,3,19,act_bout_median_w5_p60
snap_hyper__qbin,3,20,stl_bout_cv_w1_p10
snap_hyper__qbin,4,1,pitch_kurt
snap_hyper__qbin,4,2,uaMag_entropy
snap_hyper__qbin,4,3,frac_act_short_w10_p20
snap_hyper__qbin,4,4,frac_act_short_w10_p40
snap_hyper__qbin,4,5,pitch_min
snap_hyper__qbin,4,6,stl_bout_cv_w1_p10
snap_hyper__qbin,4,7,switch_per_min_w2_p80
snap_hyper__qbin,4,8,roll_mean
snap_hyper__qbin,4,9,uaMag_std
snap_hyper__qbin,4,10,stl_bout_median_w10_p30
snap_hyper__qbin,4,11,gyY_range
snap_hyper__qbin,4,12,stl_bout_median_w5_p70
snap_hyper__qbin,4,13,roll_skew
snap_hyper__qbin,4,14,stl_bout_cv_w2_p10
snap_hyper__qbin,4,15,switch_per_min_w2_p90
snap_hyper__qbin,4,16,gyMag_std
snap_hyper__qbin,4,17,roll_median
snap_hyper__qbin,4,18,stl_bout_cv_w0.5_p20
snap_hyper__qbin,4,19,stl_bout_median_w0.5_p30
snap_hyper__qbin,4,20,frac_act_short_w0.5_p70
snap_hyper__qbin,5,1,pitch_kurt
snap_hyper__qbin,5,2,frac_act_short_w5_p90
snap_hyper__qbin,5,3,gyMag_acf_dom_period_s
snap_hyper__qbin,5,4,uaY_median
snap_hyper__qbin,5,5,act_bout_cv_w2_p30
snap_hyper__qbin,5,6,gyMag_domfreq
snap_hyper__qbin,5,7,act_bout_median_w10_p90
snap_hyper__qbin,5,8,uaZ_madiff
snap_hyper__qbin,5,9,pitch_min
snap_hyper__qbin,5,10,act_bout_median_w5_p60
snap_hyper__qbin,5,11,uaX_range
snap_hyper__qbin,5,12,stl_bout_cv_w0.5_p20
snap_hyper__qbin,5,13,gyY_range
snap_hyper__qbin,5,14,act_bout_median_w5_p70
snap_hyper__qbin,5,15,stl_bout_median_w2_p40
snap_hyper__qbin,5,16,frac_act_short_w10_p90
snap_hyper__qbin,5,17,stl_bout_cv_w2_p10
snap_hyper__qbin,5,18,stl_bout_median_w10_p30
snap_hyper__qbin,5,19,frac_act_short_w10_p20
snap_hyper__qbin,5,20,roll_skew
snap_hyper__qbin,6,1,uaMag_entropy
snap_hyper__qbin,6,2,gyY_madiff
snap_hyper__qbin,6,3,act_bout_median_w0.5_p90
snap_hyper__qbin,6,4,gyY_mean
snap_hyper__qbin,6,5,stl_bout_median_w2_p80
snap_hyper__qbin,6,6,act_bout_cv_w1_p10
snap_hyper__qbin,6,7,roll_median
snap_hyper__qbin,6,8,act_bout_median_w2_p90
snap_hyper__qbin,6,9,jerk_skew
snap_hyper__qbin,6,10,gyMag_acf_dom_period_s
snap_hyper__qbin,6,11,act_bout_median_w5_p60
snap_hyper__qbin,6,12,roll_range
snap_hyper__qbin,6,13,frac_act_short_w10_p20
snap_hyper__qbin,6,14,stl_bout_median_w10_p30
snap_hyper__qbin,6,15,gyY_std
snap_hyper__qbin,6,16,frac_act_short_w10_p90
snap_hyper__qbin,6,17,roll_mean
snap_hyper__qbin,6,18,jerk_peak_ipi_cv
snap_hyper__qbin,6,19,gyMag_max
snap_hyper__qbin,6,20,act_bout_median_w5_p70
snap_hyper__qbin,7,1,pitch_kurt
snap_hyper__qbin,7,2,frac_act_short_w10_p20
snap_hyper__qbin,7,3,act_bout_cv_w0.5_p20
snap_hyper__qbin,7,4,uaY_min
snap_hyper__qbin,7,5,gyMag_min
snap_hyper__qbin,7,6,gyZ_max
snap_hyper__qbin,7,7,act_bout_cv_w1_p10
snap_hyper__qbin,7,8,stl_bout_median_w2_p80
snap_hyper__qbin,7,9,act_bout_median_w0.5_p90
snap_hyper__qbin,7,10,gyY_max
snap_hyper__qbin,7,11,jerk_peak_ipi_cv
snap_hyper__qbin,7,12,act_bout_median_w5_p70
snap_hyper__qbin,7,13,gyY_range
snap_hyper__qbin,7,14,gyMag_acf_dom_period_s
snap_hyper__qbin,7,15,act_bout_median_w5_p60
snap_hyper__qbin,7,16,roll_median
snap_hyper__qbin,7,17,stl_bout_cv_w2_p10
snap_hyper__qbin,7,18,frac_act_short_w2_p70
snap_hyper__qbin,7,19,gyX_range
snap_hyper__qbin,7,20,stl_bout_median_w10_p30
snap_hyper__qbin,8,1,act_bout_median_w0.5_p90
snap_hyper__qbin,8,2,gyY_madiff
snap_hyper__qbin,8,3,frac_act_short_w5_p90
snap_hyper__qbin,8,4,gyY_max
snap_hyper__qbin,8,5,stl_bout_cv_w1_p10
snap_hyper__qbin,8,6,act_bout_median_w5_p70
snap_hyper__qbin,8,7,uaX_range
snap_hyper__qbin,8,8,gyMag_domfreq
snap_hyper__qbin,8,9,frac_act_short_w2_p70
snap_hyper__qbin,8,10,stl_bout_cv_w0.5_p10
snap_hyper__qbin,8,11,jerk_acf_dom_period_s
snap_hyper__qbin,8,12,pitch_kurt
snap_hyper__qbin,8,13,gyX_range
snap_hyper__qbin,8,14,jerk_peak_ipi_cv
snap_hyper__qbin,8,15,gyY_range
snap_hyper__qbin,8,16,uaY_skew
snap_hyper__qbin,8,17,stl_bout_cv_w2_p10
snap_hyper__qbin,8,18,gyMag_max
snap_hyper__qbin,8,19,stl_bout_median_w10_p30
snap_hyper__qbin,8,20,roll_median
snap_hyper__qbin,9,1,uaMag_entropy
snap_hyper__qbin,9,2,frac_act_short_w10_p40
snap_hyper__qbin,9,3,stl_bout_cv_w1_p10
snap_hyper__qbin,9,4,roll_mean
snap_hyper__qbin,9,5,frac_act_short_w0.5_p70
snap_hyper__qbin,9,6,gyY_zcr
snap_hyper__qbin,9,7,actshort_p80
snap_hyper__qbin,9,8,act_bout_cv_w1_p10
snap_hyper__qbin,9,9,gyY_madiff
snap_hyper__qbin,9,10,frac_act_short_w2_p70
snap_hyper__qbin,9,11,roll_median
snap_hyper__qbin,9,12,gyY_max
snap_hyper__qbin,9,13,act_bout_median_w1_p10
snap_hyper__qbin,9,14,jerk_peak_ipi_cv
snap_hyper__qbin,9,15,act_bout_median_w2_p90
snap_hyper__qbin,9,16,act_bout_median_w5_p70
snap_hyper__qbin,9,17,gyMag_acf_dom_period_s
snap_hyper__qbin,9,18,act_bout_cv_w2_p10
snap_hyper__qbin,9,19,gyY_mean
snap_hyper__qbin,9,20,pitch_kurt
snap_hyper__qbin,10,1,pitch_kurt
snap_hyper__qbin,10,2,uaMag_entropy
snap_hyper__qbin,10,3,frac_act_short_w10_p40
snap_hyper__qbin,10,4,stl_bout_cv_w1_p10
snap_hyper__qbin,10,5,roll_skew
snap_hyper__qbin,10,6,stl_bout_median_w10_p10
snap_hyper__qbin,10,7,act_bout_median_w1_p10
snap_hyper__qbin,10,8,gyMag_max
snap_hyper__qbin,10,9,roll_iqr
snap_hyper__qbin,10,10,stl_bout_median_w5_p30
snap_hyper__qbin,10,11,gyMag_acf_dom_period_s
snap_hyper__qbin,10,12,frac_act_short_w0.5_p70
snap_hyper__qbin,10,13,roll_mean
snap_hyper__qbin,10,14,gyX_range
snap_hyper__qbin,10,15,stl_bout_cv_w5_p30
snap_hyper__qbin,10,16,act_bout_median_w5_p60
snap_hyper__qbin,10,17,gyY_madiff
snap_hyper__qbin,10,18,switch_per_min_w2_p80
snap_hyper__qbin,10,19,roll_median
snap_hyper__qbin,10,20,stl_bout_cv_w2_p10
snap_hyper__qbin,11,1,act_bout_median_w0.5_p90
snap_hyper__qbin,11,2,gyY_madiff
snap_hyper__qbin,11,3,gyY_max
snap_hyper__qbin,11,4,gyY_mean
snap_hyper__qbin,11,5,stl_bout_cv_w0.5_p10
snap_hyper__qbin,11,6,jerk_zcr
snap_hyper__qbin,11,7,act_bout_median_w5_p70
snap_hyper__qbin,11,8,stl_bout_median_w2_p80
snap_hyper__qbin,11,9,uaZ_madiff
snap_hyper__qbin,11,10,gyY_range
snap_hyper__qbin,11,11,act_bout_median_w2_p90
snap_hyper__qbin,11,12,act_bout_cv_w0.5_p20
snap_hyper__qbin,11,13,frac_act_short_w10_p20
snap_hyper__qbin,11,14,stl_bout_median_w5_p30
snap_hyper__qbin,11,15,roll_skew
snap_hyper__qbin,11,16,gyMag_max
snap_hyper__qbin,11,17,stl_bout_cv_w1_p10
snap_hyper__qbin,11,18,stl_bout_median_w10_p30
snap_hyper__qbin,11,19,jerk_acf_dom_period_s
snap_hyper__qbin,11,20,gyX_skew
snap_hyper__qbin,12,1,stl_bout_median_w1_p20
snap_hyper__qbin,12,2,gyMag_min
snap_hyper__qbin,12,3,gyY_max
snap_hyper__qbin,12,4,act_bout_median_w5_p70
snap_hyper__qbin,12,5,stl_bout_cv_w1_p10
snap_hyper__qbin,12,6,gyMag_domfreq
snap_hyper__qbin,12,7,roll_mean
snap_hyper__qbin,12,8,frac_act_short_w10_p40
snap_hyper__qbin,12,9,uaMag_entropy
snap_hyper__qbin,12,10,gyY_mean
snap_hyper__qbin,12,11,act_bout_median_w0.5_p90
snap_hyper__qbin,12,12,roll_median
snap_hyper__qbin,12,13,act_bout_cv_w0.5_p20
snap_hyper__qbin,12,14,stl_bout_cv_w0.5_p10
snap_hyper__qbin,12,15,gyX_range
snap_hyper__qbin,12,16,gyY_median
snap_hyper__qbin,12,17,act_bout_median_w0.5_p60
snap_hyper__qbin,12,18,stl_bout_median_w10_p30
snap_hyper__qbin,12,19,gyY_range
snap_hyper__qbin,12,20,stl_bout_cv_w0.5_p20
snap_hyper__qbin,13,1,pitch_kurt
snap_hyper__qbin,13,2,frac_act_short_w10_p20
snap_hyper__qbin,13,3,act_bout_median_w10_p50
snap_hyper__qbin,13,4,frac_act_short_w10_p40
snap_hyper__qbin,13,5,stl_bout_cv_w1_p10
snap_hyper__qbin,13,6,gyY_max
snap_hyper__qbin,13,7,act_bout_median_w5_p70
snap_hyper__qbin,13,8,gyMag_domfreq
snap_hyper__qbin,13,9,uaMag_entropy
snap_hyper__qbin,13,10,gyY_madiff
snap_hyper__qbin,13,11,act_bout_median_w2_p90
snap_hyper__qbin,13,12,jerk_zcr
snap_hyper__qbin,13,13,stl_bout_cv_w0.5_p10
snap_hyper__qbin,13,14,uaMag_bp_hf
snap_hyper__qbin,13,15,stl_bout_cv_w0.5_p90
snap_hyper__qbin,13,16,stl_bout_cv_w10_p10
snap_hyper__qbin,13,17,frac_act_short_w2_p70
snap_hyper__qbin,13,18,gyY_range
snap_hyper__qbin,13,19,uaY_domfreq
snap_hyper__qbin,13,20,stl_bout_median_w10_p40
snap_hyper__qbin,14,1,stl_bout_median_w5_p30
snap_hyper__qbin,14,2,gyY_madiff
snap_hyper__qbin,14,3,frac_act_short_w10_p20
snap_hyper__qbin,14,4,pitch_min
snap_hyper__qbin,14,5,frac_act_short_w10_p90
snap_hyper__qbin,14,6,gyY_max
snap_hyper__qbin,14,7,act_bout_median_w1_p10
snap_hyper__qbin,14,8,roll_median
snap_hyper__qbin,14,9,frac_act_short_w10_p40
snap_hyper__qbin,14,10,act_bout_cv_w2_p20
snap_hyper__qbin,14,11,jerk_peak_ipi_cv
snap_hyper__qbin,14,12,act_bout_median_w5_p60
snap_hyper__qbin,14,13,roll_mean
snap_hyper__qbin,14,14,gyZ_bp_mf
snap_hyper__qbin,14,15,jerk_dfa_alpha
snap_hyper__qbin,14,16,act_bout_median_w5_p70
snap_hyper__qbin,14,17,stl_bout_cv_w2_p10
snap_hyper__qbin,14,18,gyY_range
snap_hyper__qbin,14,19,uaX_max
snap_hyper__qbin,14,20,frac_act_short_w0.5_p70
snap_hyper__qbin,15,1,pitch_kurt
snap_hyper__qbin,15,2,frac_act_short_w10_p20
snap_hyper__qbin,15,3,act_bout_cv_w0.5_p20
snap_hyper__qbin,15,4,uaY_min
snap_hyper__qbin,15,5,gyMag_min
snap_hyper__qbin,15,6,gyZ_max
snap_hyper__qbin,15,7,jerk_peak_ipi_cv
snap_hyper__qbin,15,8,gyY_max
snap_hyper__qbin,15,9,act_bout_median_w5_p70
snap_hyper__qbin,15,10,act_bout_median_w2_p90
snap_hyper__qbin,15,11,gyY_range
snap_hyper__qbin,15,12,stl_bout_median_w5_p30
snap_hyper__qbin,15,13,act_bout_median_w0.5_p90
snap_hyper__qbin,15,14,stl_bout_median_w2_p80
snap_hyper__qbin,15,15,uaZ_skew
snap_hyper__qbin,15,16,roll_zcr
snap_hyper__qbin,15,17,gyMag_acf_dom_period_s
snap_hyper__qbin,15,18,act_bout_median_w5_p60
snap_hyper__qbin,15,19,stl_bout_cv_w5_p30
snap_hyper__qbin,15,20,gyMag_max
snap_hyper__qbin,16,1,gyY_max
snap_hyper__qbin,16,2,act_bout_median_w0.5_p90
snap_hyper__qbin,16,3,stl_bout_cv_w1_p10
snap_hyper__qbin,16,4,gyY_mean
snap_hyper__qbin,16,5,stl_bout_cv_w10_p90
snap_hyper__qbin,16,6,frac_act_short_w10_p20
snap_hyper__qbin,16,7,act_bout_median_w2_p90
snap_hyper__qbin,16,8,act_bout_cv_w0.5_p20
snap_hyper__qbin,16,9,roll_median
snap_hyper__qbin,16,10,act_bout_cv_w2_p10
snap_hyper__qbin,16,11,uaZ_max
snap_hyper__qbin,16,12,roll_mean
snap_hyper__qbin,16,13,stl_bout_cv_w0.5_p10
snap_hyper__qbin,16,14,gyY_range
snap_hyper__qbin,16,15,frac_act_short_w2_p70
snap_hyper__qbin,16,16,frac_act_short_w10_p40
snap_hyper__qbin,16,17,act_bout_cv_w2_p20
snap_hyper__qbin,16,18,stl_bout_median_w2_p60
snap_hyper__qbin,16,19,act_bout_median_w5_p60
snap_hyper__qbin,16,20,gyY_madiff
snap_hyper__qbin,17,1,pitch_kurt
snap_hyper__qbin,17,2,frac_act_short_w10_p20
snap_hyper__qbin,17,3,act_bout_cv_w2_p30
snap_hyper__qbin,17,4,frac_act_short_w10_p40
snap_hyper__qbin,17,5,stl_bout_cv_w0.5_p10
snap_hyper__qbin,17,6,roll_skew
snap_hyper__qbin,17,7,uaMag_entropy
snap_hyper__qbin,17,8,gyY_mean
snap_hyper__qbin,17,9,act_bout_cv_w2_p10
snap_hyper__qbin,17,10,gyY_range
snap_hyper__qbin,17,11,stl_bout_median_w10_p30
snap_hyper__qbin,17,12,roll_mean
snap_hyper__qbin,17,13,frac_act_short_w10_p90
snap_hyper__qbin,17,14,gyX_range
snap_hyper__qbin,17,15,stl_bout_cv_w0.5_p20
snap_hyper__qbin,17,16,roll_median
snap_hyper__qbin,17,17,gyMag_max
snap_hyper__qbin,17,18,uaX_range
snap_hyper__qbin,17,19,stl_bout_cv_w1_p10
snap_hyper__qbin,17,20,frac_act_short_w2_p70
snap_hyper__qbin,18,1,stl_bout_median_w5_p30
snap_hyper__qbin,18,2,frac_act_short_w10_p20
snap_hyper__qbin,18,3,act_bout_median_w2_p90
snap_hyper__qbin,18,4,roll_median
snap_hyper__qbin,18,5,act_bout_median_w1_p10
snap_hyper__qbin,18,6,stl_bout_cv_w10_p90
snap_hyper__qbin,18,7,gyY_max
snap_hyper__qbin,18,8,gyY_mean
snap_hyper__qbin,18,9,stl_bout_cv_w0.5_p10
snap_hyper__qbin,18,10,roll_mean
snap_hyper__qbin,18,11,act_bout_cv_w0.5_p20
snap_hyper__qbin,18,12,uaX_range
snap_hyper__qbin,18,13,frac_act_short_w10_p90
snap_hyper__qbin,18,14,stl_bout_median_w10_p30
snap_hyper__qbin,18,15,roll_skew
snap_hyper__qbin,18,16,gyMag_max
snap_hyper__qbin,18,17,stl_bout_cv_w2_p10
snap_hyper__qbin,18,18,stl_bout_median_w2_p80
snap_hyper__qbin,18,19,act_bout_median_w5_p70
snap_hyper__qbin,18,20,gyMag_domfreq
snap_hyper__qbin,19,1,frac_act_short_w10_p20
snap_hyper__qbin,19,2,gyY_max
snap_hyper__qbin,19,3,pitch_min
snap_hyper__qbin,19,4,gyMag_min
snap_hyper__qbin,19,5,stl_bout_median_w10_p30
snap_hyper__qbin,19,6,uaY_min
snap_hyper__qbin,19,7,roll_median
snap_hyper__qbin,19,8,act_bout_median_w1_p10
snap_hyper__qbin,19,9,pitch_kurt
snap_hyper__qbin,19,10,gyZ_max
snap_hyper__qbin,19,11,stl_bout_median_w5_p70
snap_hyper__qbin,19,12,roll_mean
snap_hyper__qbin,19,13,uaMag_max
snap_hyper__qbin,19,14,gyY_mean
snap_hyper__qbin,19,15,jerk_kurt
snap_hyper__qbin,19,16,stl_bout_cv_w1_p10
snap_hyper__qbin,19,17,gyY_range
snap_hyper__qbin,19,18,switch_per_min_w2_p80
snap_hyper__qbin,19,19,roll_skew
snap_hyper__qbin,19,20,gyMag_acf_dom_period_s
snap_hyper__qbin,20,1,pitch_kurt
snap_hyper__qbin,20,2,actbout_cv_p70
snap_hyper__qbin,20,3,gyY_zcr
snap_hyper__qbin,20,4,jerk_peak_ipi_cv
snap_hyper__qbin,20,5,act_bout_median_w5_p70
snap_hyper__qbin,20,6,gyY_max
snap_hyper__qbin,20,7,roll_mean
snap_hyper__qbin,20,8,act_bout_cv_w2_p10
snap_hyper__qbin,20,9,frac_act_short_w10_p90
snap_hyper__qbin,20,10,gyY_mean
snap_hyper__qbin,20,11,actbout_cv_p90
snap_hyper__qbin,20,12,roll_skew
snap_hyper__qbin,20,13,act_bout_cv_w1_p10
snap_hyper__qbin,20,14,frac_act_short_w10_p40
snap_hyper__qbin,20,15,stl_bout_median_w2_p80
snap_hyper__qbin,20,16,stl_bout_cv_w0.5_p10
snap_hyper__qbin,20,17,frac_act_short_w2_p70
snap_hyper__qbin,20,18,roll_median
snap_hyper__qbin,20,19,gyY_range
snap_hyper__qbin,20,20,stl_bout_cv_w1_p80
snap_hyper__qbin,21,1,roll_mean
snap_hyper__qbin,21,2,gyZ_mean
snap_hyper__qbin,21,3,act_bout_median_w5_p70
snap_hyper__qbin,21,4,jerk_peak_ipi_cv
snap_hyper__qbin,21,5,gyY_range
snap_hyper__qbin,21,6,stl_bout_cv_w10_p10
snap_hyper__qbin,21,7,stl_bout_median_w2_p60
snap_hyper__qbin,21,8,uaX_range
snap_hyper__qbin,21,9,act_bout_median_w5_p60
snap_hyper__qbin,21,10,roll_median
snap_hyper__qbin,21,11,stl_bout_cv_w1_p10
snap_hyper__qbin,21,12,frac_act_short_w10_p40
snap_hyper__qbin,21,13,act_bout_cv_w0.5_p20
snap_hyper__qbin,21,14,roll_skew
snap_hyper__qbin,21,15,gyMag_acf_dom_period_s
snap_hyper__qbin,21,16,frac_act_short_w2_p70
snap_hyper__qbin,21,17,stl_bout_cv_w2_p10
snap_hyper__qbin,21,18,stl_bout_median_w10_p10
snap_hyper__qbin,21,19,stl_bout_median_w10_p30
snap_hyper__qbin,21,20,gyMag_max
snap_hyper__qbin,22,1,stl_bout_median_w5_p30
snap_hyper__qbin,22,2,act_bout_median_w2_p90
snap_hyper__qbin,22,3,gyY_madiff
snap_hyper__qbin,22,4,act_bout_median_w5_p70
snap_hyper__qbin,22,5,jerk_peak_ipi_cv
snap_hyper__qbin,22,6,stl_bout_median_w0.5_p30
snap_hyper__qbin,22,7,frac_act_short_w10_p20
snap_hyper__qbin,22,8,gyY_range
snap_hyper__qbin,22,9,roll_skew
snap_hyper__qbin,22,10,frac_act_short_w5_p90
snap_hyper__qbin,22,11,act_bout_cv_w0.5_p20
snap_hyper__qbin,22,12,stl_bout_cv_w2_p10
snap_hyper__qbin,22,13,uaMag_max
snap_hyper__qbin,22,14,switch_per_min_w2_p80
snap_hyper__qbin,22,15,roll_mean
snap_hyper__qbin,22,16,gyMag_max
snap_hyper__qbin,22,17,stl_bout_median_w10_p30
snap_hyper__qbin,22,18,stl_bout_cv_w1_p10
snap_hyper__qbin,22,19,uaX_max
snap_hyper__qbin,22,20,stl_bout_median_w5_p70
snap_hyper__qbin,23,1,pitch_kurt
snap_hyper__qbin,23,2,frac_act_short_w10_p20
snap_hyper__qbin,23,3,pitch_min
snap_hyper__qbin,23,4,stl_bout_median_w5_p30
snap_hyper__qbin,23,5,gyY_madiff
snap_hyper__qbin,23,6,act_bout_median_w2_p90
snap_hyper__qbin,23,7,frac_act_short_w10_p40
snap_hyper__qbin,23,8,act_bout_median_w1_p10
snap_hyper__qbin,23,9,roll_mean
snap_hyper__qbin,23,10,yaw_kurt
snap_hyper__qbin,23,11,frac_act_short_w0.5_p70
snap_hyper__qbin,23,12,roll_median
snap_hyper__qbin,23,13,stl_bout_median_w10_p30
snap_hyper__qbin,23,14,uaY_min
snap_hyper__qbin,23,15,jerk_peak_ipi_cv
snap_hyper__qbin,23,16,gyMag_max
snap_hyper__qbin,23,17,act_bout_cv_w0.5_p20
snap_hyper__qbin,23,18,frac_act_short_w5_p90
snap_hyper__qbin,23,19,gyX_range
snap_hyper__qbin,23,20,jerk_acf_dom_period_s
snap_odd__qbin,0,1,stl_bout_median_w5_p30
snap_odd__qbin,0,2,gyY_max
snap_odd__qbin,0,3,stl_bout_cv_w0.5_p10
snap_odd__qbin,0,4,gyMag_centroid
snap_odd__qbin,0,5,frac_act_short_w10_p20
snap_odd__qbin,0,6,stl_bout_cv_w5_p30
snap_odd__qbin,0,7,gyMag_bp_mf
snap_odd__qbin,0,8,yaw_bp_hf
snap_odd__qbin,0,9,stl_bout_median_w2_p80
snap_odd__qbin,0,10,frac_act_short_w10_p10
snap_odd__qbin,0,11,act_bout_cv_w2_p20
snap_odd__qbin,0,12,act_bout_median_w0.5_p50
snap_odd__qbin,0,13,gyY_range
snap_odd__qbin,0,14,stl_bout_cv_w0.5_p20
snap_odd__qbin,0,15,actbout_med_p10
snap_odd__qbin,0,16,gyX_domfreq
snap_odd__qbin,0,17,gyMag_bp_hf
snap_odd__qbin,0,18,act_bout_median_w10_p10
snap_odd__qbin,0,19,stl_bout_median_w2_p60
snap_odd__qbin,0,20,gyMag_acf_dom_period_s
snap_odd__qbin,1,1,gyY_max
snap_odd__qbin,1,2,stl_bout_median_w5_p30
snap_odd__qbin,1,3,jerk_zcr
snap_odd__qbin,1,4,gyMag_bp_mf
snap_odd__qbin,1,5,act_bout_median_w10_p10
snap_odd__qbin,1,6,gyY_range
snap_odd__qbin,1,7,jerk_acf_dom_period_s
snap_odd__qbin,1,8,stl_bout_median_w1_p50
snap_odd__qbin,1,9,gyMag_centroid
snap_odd__qbin,1,10,pitch_kurt
snap_odd__qbin,1,11,gyMag_max
snap_odd__qbin,1,12,uaMag_permen_m3
snap_odd__qbin,1,13,frac_act_short_w10_p20
snap_odd__qbin,1,14,pitch_skew
snap_odd__qbin,1,15,act_bout_cv_w10_p40
snap_odd__qbin,1,16,stl_bout_median_w10_p30
snap_odd__qbin,1,17,stl_bout_median_w0.5_p30
snap_odd__qbin,1,18,act_bout_median_w0.5_p60
snap_odd__qbin,1,19,actbout_med_p10
snap_odd__qbin,1,20,act_bout_median_w0.5_p50
snap_odd__qbin,2,1,stl_bout_median_w5_p30
snap_odd__qbin,2,2,gyY_max
snap_odd__qbin,2,3,jerk_peak_ipi_cv
snap_odd__qbin,2,4,frac_act_short_w10_p20
snap_odd__qbin,2,5,gyMag_bp_mf
snap_odd__qbin,2,6,act_bout_cv_w10_p10
snap_odd__qbin,2,7,stl_bout_cv_w5_p30
snap_odd__qbin,2,8,gyMag_centroid
snap_odd__qbin,2,9,gyMag_min
snap_odd__qbin,2,10,act_bout_cv_w2_p10
snap_odd__qbin,2,11,act_bout_median_w5_p50
snap_odd__qbin,2,12,gyMag_domfreq
snap_odd__qbin,2,13,gyMag_bp_hf
snap_odd__qbin,2,14,gyY_range
snap_odd__qbin,2,15,act_bout_median_w2_p20
snap_odd__qbin,2,16,stl_bout_median_w2_p80
snap_odd__qbin,2,17,uaZ_kurt
snap_odd__qbin,2,18,stl_bout_median_w2_p60
snap_odd__qbin,2,19,act_bout_cv_w0.5_p20
snap_odd__qbin,2,20,gyMag_acf_dom_period_s
snap_odd__qbin,3,1,stl_bout_median_w5_p30
snap_odd__qbin,3,2,gyY_std
snap_odd__qbin,3,3,frac_act_short_w10_p20
snap_odd__qbin,3,4,roll_median
snap_odd__qbin,3,5,jerk_skew
snap_odd__qbin,3,6,jerk_mean
snap_odd__qbin,3,7,gyX_zcr
snap_odd__qbin,3,8,frac_act_short_w10_p40
snap_odd__qbin,3,9,uaMag_bp_hf
snap_odd__qbin,3,10,stl_bout_cv_w10_p90
snap_odd__qbin,3,11,act_bout_median_w5_p40
snap_odd__qbin,3,12,jerk_peak_ipi_cv
snap_odd__qbin,3,13,gyMag_bp_mf
snap_odd__qbin,3,14,pitch_kurt
snap_odd__qbin,3,15,act_bout_median_w10_p10
snap_odd__qbin,3,16,gyMag_bp_hf
snap_odd__qbin,3,17,gyMag_domfreq
snap_odd__qbin,3,18,gyMag_centroid
snap_odd__qbin,3,19,uaY_median
snap_odd__qbin,3,20,stl_bout_cv_w0.5_p30
snap_odd__qbin,4,1,stl_bout_median_w5_p30
snap_odd__qbin,4,2,gyY_max
snap_odd__qbin,4,3,stl_bout_cv_w0.5_p10
snap_odd__qbin,4,4,roll_median
snap_odd__qbin,4,5,jerk_bp_mf
snap_odd__qbin,4,6,gyMag_peak_rate_min
snap_odd__qbin,4,7,gyY_range
snap_odd__qbin,4,8,frac_act_short_w10_p40
snap_odd__qbin,4,9,gyMag_centroid
snap_odd__qbin,4,10,jerk_peak_ipi_cv
snap_odd__qbin,4,11,act_bout_median_w10_p10
snap_odd__qbin,4,12,roll_mean
snap_odd__qbin,4,13,jerk_acf_dom_period_s
snap_odd__qbin,4,14,yaw_kurt
snap_odd__qbin,4,15,act_bout_median_w10_p40
snap_odd__qbin,4,16,gyMag_bp_hf
snap_odd__qbin,4,17,gyMag_domfreq
snap_odd__qbin,4,18,stl_bout_cv_w0.5_p20
snap_odd__qbin,4,19,gyMag_bp_mf
snap_odd__qbin,4,20,stl_bout_median_w2_p80
snap_odd__qbin,5,1,stl_bout_median_w5_p30
snap_odd__qbin,5,2,gyY_max
snap_odd__qbin,5,3,stl_bout_cv_w0.5_p10
snap_odd__qbin,5,4,frac_act_short_w10_p20
snap_odd__qbin,5,5,uaMag_permen_m3
snap_odd__qbin,5,6,pitch_skew
snap_odd__qbin,5,7,jerk_acf_dom_period_s
snap_odd__qbin,5,8,act_bout_cv_w2_p20
snap_odd__qbin,5,9,stl_bout_cv_w10_p90
snap_odd__qbin,5,10,gyMag_bp_mf
snap_odd__qbin,5,11,jerk_zcr
snap_odd__qbin,5,12,stl_bout_cv_w0.5_p20
snap_odd__qbin,5,13,jerk_peak_ipi_cv
snap_odd__qbin,5,14,gyMag_max
snap_odd__qbin,5,15,act_bout_median_w10_p10
snap_odd__qbin,5,16,gyMag_centroid
snap_odd__qbin,5,17,stl_bout_cv_w0.5_p30
snap_odd__qbin,5,18,gyY_range
snap_odd__qbin,5,19,gyMag_bp_hf
snap_odd__qbin,5,20,gyMag_acf_dom_period_s
snap_odd__qbin,6,1,stl_bout_median_w5_p30
snap_odd__qbin,6,2,gyY_max
snap_odd__qbin,6,3,stl_bout_cv_w0.5_p10
snap_odd__qbin,6,4,frac_act_short_w10_p20
snap_odd__qbin,6,5,uaMag_permen_m3
snap_odd__qbin,6,6,roll_range
snap_odd__qbin,6,7,gyMag_bp_mf
snap_odd__qbin,6,8,frac_act_short_w2_p20
snap_odd__qbin,6,9,gyMag_domfreq
snap_odd__qbin,6,10,gyMag_centroid
snap_odd__qbin,6,11,gyZ_madiff
snap_odd__qbin,6,12,gyY_range
snap_odd__qbin,6,13,stl_bout_cv_w0.5_p20
snap_odd__qbin,6,14,act_bout_median_w0.5_p50
snap_odd__qbin,6,15,act_bout_median_w10_p10
snap_odd__qbin,6,16,actbout_med_p90
snap_odd__qbin,6,17,act_bout_median_w2_p20
snap_odd__qbin,6,18,gyMag_max
snap_odd__qbin,6,19,stl_bout_cv_w0.5_p30
snap_odd__qbin,6,20,gyMag_bp_hf
snap_odd__qbin,7,1,stl_bout_median_w5_p30
snap_odd__qbin,7,2,gyY_max
snap_odd__qbin,7,3,stl_bout_cv_w0.5_p10
snap_odd__qbin,7,4,jerk_zcr
snap_odd__qbin,7,5,stl_bout_cv_w10_p90
snap_odd__qbin,7,6,gyMag_bp_mf
snap_odd__qbin,7,7,pitch_skew
snap_odd__qbin,7,8,pitch_domfreq
snap_odd__qbin,7,9,stl_bout_cv_w0.5_p20
snap_odd__qbin,7,10,gyMag_centroid
snap_odd__qbin,7,11,jerk_acf_dom_period_s
snap_odd__qbin,7,12,frac_act_short_w10_p20
snap_odd__qbin,7,13,uaMag_permen_m3
snap_odd__qbin,7,14,act_bout_median_w10_p10
snap_odd__qbin,7,15,jerk_peak_ipi_cv
snap_odd__qbin,7,16,gyMag_max
snap_odd__qbin,7,17,stl_bout_cv_w0.5_p30
snap_odd__qbin,7,18,gyY_range
snap_odd__qbin,7,19,gyMag_bp_hf
snap_odd__qbin,7,20,act_bout_cv_w10_p10
snap_odd__qbin,8,1,stl_bout_median_w5_p30
snap_odd__qbin,8,2,gyY_max
snap_odd__qbin,8,3,stl_bout_cv_w0.5_p10
snap_odd__qbin,8,4,stl_bout_cv_w10_p90
snap_odd__qbin,8,5,jerk_zcr
snap_odd__qbin,8,6,actbout_med_p90
snap_odd__qbin,8,7,stl_bout_cv_w0.5_p20
snap_odd__qbin,8,8,roll_median
snap_odd__qbin,8,9,gyMag_centroid
snap_odd__qbin,8,10,act_bout_cv_w10_p10
snap_odd__qbin,8,11,frac_act_short_w10_p40
snap_odd__qbin,8,12,yaw_madiff
snap_odd__qbin,8,13,gyMag_bp_hf
snap_odd__qbin,8,14,gyMag_domfreq
snap_odd__qbin,8,15,gyMag_bp_mf
snap_odd__qbin,8,16,yaw_zcr
snap_odd__qbin,8,17,stl_bout_median_w5_p90
snap_odd__qbin,8,18,stl_bout_cv_w0.5_p30
snap_odd__qbin,8,19,jerk_peak_ipi_cv
snap_odd__qbin,8,20,roll_mean
snap_odd__qbin,9,1,stl_bout_median_w5_p30
snap_odd__qbin,9,2,gyY_max
snap_odd__qbin,9,3,stl_bout_cv_w0.5_p10
snap_odd__qbin,9,4,gyMag_bp_mf
snap_odd__qbin,9,5,frac_act_short_w10_p40
snap_odd__qbin,9,6,frac_act_short_w10_p20
snap_odd__qbin,9,7,pitch_skew
snap_odd__qbin,9,8,gyMag_centroid
snap_odd__qbin,9,9,stl_bout_cv_w1_p10
snap_odd__qbin,9,10,stl_bout_cv_w10_p90
snap_odd__qbin,9,11,pitch_bp_lf
snap_odd__qbin,9,12,jerk_acf_dom_period_s
snap_odd__qbin,9,13,jerk_zcr
snap_odd__qbin,9,14,stl_bout_cv_w0.5_p20
snap_odd__qbin,9,15,yaw_madiff
snap_odd__qbin,9,16,gyMag_bp_hf
snap_odd__qbin,9,17,act_bout_median_w10_p10
snap_odd__qbin,9,18,gyMag_acf_dom_period_s
snap_odd__qbin,9,19,stl_bout_cv_w0.5_p30
snap_odd__qbin,9,20,act_bout_median_w10_p90
snap_odd__qbin,10,1,stl_bout_median_w5_p30
snap_odd__qbin,10,2,gyY_max
snap_odd__qbin,10,3,stl_bout_cv_w0.5_p10
snap_odd__qbin,10,4,stl_bout_cv_w10_p90
snap_odd__qbin,10,5,jerk_zcr
snap_odd__qbin,10,6,gyMag_bp_mf
snap_odd__qbin,10,7,gyZ_median
snap_odd__qbin,10,8,stl_bout_median_w10_p70
snap_odd__qbin,10,9,jerk_acf_dom_period_s
snap_odd__qbin,10,10,jerk_peak_ipi_cv
snap_odd__qbin,10,11,stl_bout_cv_w1_p10
snap_odd__qbin,10,12,gyMag_max
snap_odd__qbin,10,13,roll_median
snap_odd__qbin,10,14,gyMag_centroid
snap_odd__qbin,10,15,jerk_skew
snap_odd__qbin,10,16,stl_bout_cv_w0.5_p20
snap_odd__qbin,10,17,gyX_max
snap_odd__qbin,10,18,gyMag_bp_hf
snap_odd__qbin,10,19,gyMag_domfreq
snap_odd__qbin,10,20,act_bout_median_w10_p10
snap_odd__qbin,11,1,stl_bout_median_w5_p30
snap_odd__qbin,11,2,gyY_max
snap_odd__qbin,11,3,stl_bout_cv_w0.5_p10
snap_odd__qbin,11,4,jerk_zcr
snap_odd__qbin,11,5,gyMag_bp_mf
snap_odd__qbin,11,6,gyY_std
snap_odd__qbin,11,7,stl_bout_cv_w0.5_p30
snap_odd__qbin,11,8,jerk_acf_dom_period_s
snap_odd__qbin,11,9,uaMag_permen_m3
snap_odd__qbin,11,10,roll_mean
snap_odd__qbin,11,11,stl_bout_median_w2_p80
snap_odd__qbin,11,12,gyMag_acf_dom_period_s
snap_odd__qbin,11,13,gyMag_bp_hf
snap_odd__qbin,11,14,frac_act_short_w10_p40
snap_odd__qbin,11,15,stl_bout_cv_w1_p10
snap_odd__qbin,11,16,gyMag_domfreq
snap_odd__qbin,11,17,gyMag_centroid
snap_odd__qbin,11,18,actbout_med_p90
snap_odd__qbin,11,19,roll_median
snap_odd__qbin,11,20,stl_bout_cv_w2_p10
snap_odd__qbin,12,1,stl_bout_median_w5_p30
snap_odd__qbin,12,2,gyY_max
snap_odd__qbin,12,3,stl_bout_cv_w0.5_p10
snap_odd__qbin,12,4,gyMag_bp_mf
snap_odd__qbin,12,5,act_bout_cv_w10_p10
snap_odd__qbin,12,6,pitch_median
snap_odd__qbin,12,7,frac_act_short_w10_p20
snap_odd__qbin,12,8,frac_act_short_w10_p40
snap_odd__qbin,12,9,gyMag_centroid
snap_odd__qbin,12,10,jerk_acf_dom_period_s
snap_odd__qbin,12,11,gyMag_domfreq
snap_odd__qbin,12,12,act_bout_median_w5_p70
snap_odd__qbin,12,13,stl_bout_cv_w0.5_p20
snap_odd__qbin,12,14,pitch_skew
snap_odd__qbin,12,15,uaMag_permen_m3
snap_odd__qbin,12,16,gyMag_bp_hf
snap_odd__qbin,12,17,gyMag_acf_dom_period_s
snap_odd__qbin,12,18,stl_bout_cv_w1_p10
snap_odd__qbin,12,19,gyY_range
snap_odd__qbin,12,20,act_bout_median_w1_p40
snap_odd__qbin,13,1,stl_bout_median_w5_p30
snap_odd__qbin,13,2,gyY_max
snap_odd__qbin,13,3,stl_bout_cv_w1_p10
snap_odd__qbin,13,4,frac_act_short_w10_p20
snap_odd__qbin,13,5,gyMag_bp_mf
snap_odd__qbin,13,6,stl_bout_cv_w5_p30
snap_odd__qbin,13,7,stl_bout_median_w10_p40
snap_odd__qbin,13,8,stl_bout_median_w10_p70
snap_odd__qbin,13,9,gyMag_centroid
snap_odd__qbin,13,10,gyY_madiff
snap_odd__qbin,13,11,gyMag_domfreq
snap_odd__qbin,13,12,act_bout_median_w2_p20
snap_odd__qbin,13,13,jerk_skew
snap_odd__qbin,13,14,uaY_median
snap_odd__qbin,13,15,act_bout_cv_w10_p50
snap_odd__qbin,13,16,frac_act_short_w10_p90
snap_odd__qbin,13,17,stl_bout_median_w1_p60
snap_odd__qbin,13,18,gyMag_bp_hf
snap_odd__qbin,13,19,gyY_range
snap_odd__qbin,13,20,gyMag_acf_dom_period_s
snap_odd__qbin,14,1,stl_bout_median_w5_p30
snap_odd__qbin,14,2,gyY_max
snap_odd__qbin,14,3,stl_bout_cv_w0.5_p10
snap_odd__qbin,14,4,stl_bout_cv_w10_p90
snap_odd__qbin,14,5,frac_act_short_w10_p20
snap_odd__qbin,14,6,roll_skew
snap_odd__qbin,14,7,gyMag_max
snap_odd__qbin,14,8,act_bout_median_w2_p20
snap_odd__qbin,14,9,frac_act_short_w10_p90
snap_odd__qbin,14,10,pitch_skew
snap_odd__qbin,14,11,stl_bout_median_w10_p30
snap_odd__qbin,14,12,yaw_zcr
snap_odd__qbin,14,13,gyMag_bp_mf
snap_odd__qbin,14,14,frac_act_short_w10_p40
snap_odd__qbin,14,15,jerk_skew
snap_odd__qbin,14,16,stl_bout_cv_w0.5_p20
snap_odd__qbin,14,17,roll_mean
snap_odd__qbin,14,18,frac_act_short_w2_p70
snap_odd__qbin,14,19,stl_bout_median_w2_p60
snap_odd__qbin,14,20,gyMag_domfreq
snap_odd__qbin,15,1,stl_bout_median_w5_p30
snap_odd__qbin,15,2,gyY_max
snap_odd__qbin,15,3,act_bout_median_w2_p20
snap_odd__qbin,15,4,frac_act_short_w10_p20
snap_odd__qbin,15,5,pitch_median
snap_odd__qbin,15,6,jerk_skew
snap_odd__qbin,15,7,gyX_skew
snap_odd__qbin,15,8,jerk_acf_dom_period_s
snap_odd__qbin,15,9,gyMag_domfreq
snap_odd__qbin,15,10,roll_median
snap_odd__qbin,15,11,gyMag_bp_hf
snap_odd__qbin,15,12,frac_act_short_w10_p40
snap_odd__qbin,15,13,yaw_kurt
snap_odd__qbin,15,14,yaw_zcr
snap_odd__qbin,15,15,act_bout_median_w2_p70
snap_odd__qbin,15,16,stl_bout_median_w2_p80
snap_odd__qbin,15,17,gyMag_acf_dom_period_s
snap_odd__qbin,15,18,act_bout_median_w10_p90
snap_odd__qbin,15,19,uaMag_bp_hf
snap_odd__qbin,15,20,stl_bout_cv_w5_p30
snap_odd__qbin,16,1,stl_bout_median_w5_p30
snap_odd__qbin,16,2,gyY_max
snap_odd__qbin,16,3,stl_bout_cv_w1_p10
snap_odd__qbin,16,4,frac_act_short_w10_p20
snap_odd__qbin,16,5,gyY_range
snap_odd__qbin,16,6,switch_per_min_w2_p80
snap_odd__qbin,16,7,act_bout_median_w10_p10
snap_odd__qbin,16,8,act_bout_cv_w2_p20
snap_odd__qbin,16,9,stl_bout_cv_w0.5_p10
snap_odd__qbin,16,10,jerk_zcr
snap_odd__qbin,16,11,jerk_centroid
snap_odd__qbin,16,12,roll_median
snap_odd__qbin,16,13,gyY_mean
snap_odd__qbin,16,14,act_bout_cv_w1_p10
snap_odd__qbin,16,15,jerk_acf_dom_period_s
snap_odd__qbin,16,16,gyX_skew
snap_odd__qbin,16,17,stl_bout_cv_w2_p10
snap_odd__qbin,16,18,gyZ_bp_mf
snap_odd__qbin,16,19,act_bout_cv_w10_p40
snap_odd__qbin,16,20,jerk_peak_ipi_cv
snap_odd__qbin,17,1,stl_bout_median_w5_p30
snap_odd__qbin,17,2,gyY_max
snap_odd__qbin,17,3,frac_act_short_w2_p20
snap_odd__qbin,17,4,frac_act_short_w10_p20
snap_odd__qbin,17,5,pitch_median
snap_odd__qbin,17,6,jerk_skew
snap_odd__qbin,17,7,jerk_acf_dom_period_s
snap_odd__qbin,17,8,frac_act_short_w10_p40
snap_odd__qbin,17,9,gyZ_mean
snap_odd__qbin,17,10,act_bout_median_w0.5_p90
snap_odd__qbin,17,11,jerk_centroid
snap_odd__qbin,17,12,act_bout_median_w10_p10
snap_odd__qbin,17,13,yaw_zcr
snap_odd__qbin,17,14,actbout_med_p10
snap_odd__qbin,17,15,frac_act_short_w0.5_p20
snap_odd__qbin,17,16,act_bout_median_w0.5_p50
snap_odd__qbin,17,17,frac_act_short_w10_p50
snap_odd__qbin,17,18,act_bout_median_w10_p90
snap_odd__qbin,17,19,gyMag_domfreq
snap_odd__qbin,17,20,uaY_median
snap_odd__qbin,18,1,stl_bout_median_w5_p30
snap_odd__qbin,18,2,frac_act_short_w10_p20
snap_odd__qbin,18,3,pitch_skew
snap_odd__qbin,18,4,jerk_acf_dom_period_s
snap_odd__qbin,18,5,uaMag_permen_m3
snap_odd__qbin,18,6,stl_bout_median_w10_p60
snap_odd__qbin,18,7,stl_bout_median_w10_p40
snap_odd__qbin,18,8,gyMag_acf_dom_period_s
snap_odd__qbin,18,9,act_bout_median_w10_p90
snap_odd__qbin,18,10,jerk_peak_ipi_cv
snap_odd__qbin,18,11,gyY_max
snap_odd__qbin,18,12,gyMag_bp_mf
snap_odd__qbin,18,13,gyMag_domfreq
snap_odd__qbin,18,14,act_bout_median_w2_p20
snap_odd__qbin,18,15,uaY_median
snap_odd__qbin,18,16,gyMag_centroid
snap_odd__qbin,18,17,stl_bout_median_w1_p50
snap_odd__qbin,18,18,jerk_skew
snap_odd__qbin,18,19,actbout_med_p90
snap_odd__qbin,18,20,stl_bout_median_w0.5_p30
snap_odd__qbin,19,1,stl_bout_median_w5_p30
snap_odd__qbin,19,2,gyY_max
snap_odd__qbin,19,3,jerk_peak_ipi_cv
snap_odd__qbin,19,4,frac_act_short_w10_p20
snap_odd__qbin,19,5,gyMag_bp_mf
snap_odd__qbin,19,6,act_bout_cv_w10_p10
snap_odd__qbin,19,7,pitch_median
snap_odd__qbin,19,8,gyMag_max
snap_odd__qbin,19,9,jerk_acf_dom_period_s
snap_odd__qbin,19,10,jerk_skew
snap_odd__qbin,19,11,uaY_median
snap_odd__qbin,19,12,pitch_mean
snap_odd__qbin,19,13,gyX_max
snap_odd__qbin,19,14,gyMag_centroid
snap_odd__qbin,19,15,jerk_centroid
snap_odd__qbin,19,16,stl_bout_median_w2_p80
snap_odd__qbin,19,17,pitch_rms
snap_odd__qbin,19,18,stl_bout_cv_w5_p30
snap_odd__qbin,19,19,act_bout_median_w10_p10
snap_odd__qbin,19,20,gyMag_bp_hf
snap_odd__qbin,20,1,stl_bout_median_w5_p30
snap_odd__qbin,20,2,gyY_max
snap_odd__qbin,20,3,jerk_peak_ipi_cv
snap_odd__qbin,20,4,frac_act_short_w10_p20
snap_odd__qbin,20,5,gyMag_bp_mf
snap_odd__qbin,20,6,act_bout_cv_w10_p10
snap_odd__qbin,20,7,stl_bout_cv_w5_p30
snap_odd__qbin,20,8,stl_bout_median_w0.5_p30
snap_odd__qbin,20,9,gyMag_centroid
snap_odd__qbin,20,10,uaMag_min
snap_odd__qbin,20,11,pitch_median
snap_odd__qbin,20,12,gyMag_max
snap_odd__qbin,20,13,stl_bout_median_w2_p80
snap_odd__qbin,20,14,actbout_med_p10
snap_odd__qbin,20,15,act_bout_cv_w2_p20
snap_odd__qbin,20,16,uaY_median
snap_odd__qbin,20,17,jerk_skew
snap_odd__qbin,20,18,roll_mean
snap_odd__qbin,20,19,act_bout_cv_w0.5_p10
snap_odd__qbin,20,20,pitch_rms
snap_odd__qbin,21,1,stl_bout_median_w5_p30
snap_odd__qbin,21,2,gyY_max
snap_odd__qbin,21,3,stl_bout_cv_w0.5_p10
snap_odd__qbin,21,4,frac_act_short_w10_p20
snap_odd__qbin,21,5,gyMag_bp_mf
snap_odd__qbin,21,6,frac_act_short_w0.5_p20
snap_odd__qbin,21,7,pitch_skew
snap_odd__qbin,21,8,jerk_skew
snap_odd__qbin,21,9,frac_act_short_w1_p20
snap_odd__qbin,21,10,gyMag_centroid
snap_odd__qbin,21,11,roll_median
snap_odd__qbin,21,12,frac_act_short_w10_p40
snap_odd__qbin,21,13,stl_bout_cv_w1_p10
snap_odd__qbin,21,14,frac_act_short_w1_p90
snap_odd__qbin,21,15,act_bout_median_w2_p20
snap_odd__qbin,21,16,roll_mean
snap_odd__qbin,21,17,stl_bout_cv_w2_p10
snap_odd__qbin,21,18,act_bout_median_w10_p10
snap_odd__qbin,21,19,gyMag_bp_hf
snap_odd__qbin,21,20,jerk_dfa_alpha
snap_odd__qbin,22,1,stl_bout_median_w5_p30
snap_odd__qbin,22,2,gyY_max
snap_odd__qbin,22,3,stl_bout_cv_w0.5_p10
snap_odd__qbin,22,4,frac_act_short_w10_p20
snap_odd__qbin,22,5,pitch_median
snap_odd__qbin,22,6,act_bout_median_w5_p70
snap_odd__qbin,22,7,jerk_skew
snap_odd__qbin,22,8,act_bout_median_w2_p20
snap_odd__qbin,22,9,gyY_std
snap_odd__qbin,22,10,act_bout_median_w10_p90
snap_odd__qbin,22,11,pitch_skew
snap_odd__qbin,22,12,gyMag_bp_hf
snap_odd__qbin,22,13,frac_act_short_w10_p40
snap_odd__qbin,22,14,jerk_zcr
snap_odd__qbin,22,15,pitch_kurt
snap_odd__qbin,22,16,frac_act_short_w2_p70
snap_odd__qbin,22,17,gyX_bp_mf
snap_odd__qbin,22,18,gyY_range
snap_odd__qbin,22,19,stl_bout_cv_w0.5_p20
snap_odd__qbin,22,20,gyMag_bp_mf
snap_odd__qbin,23,1,stl_bout_median_w5_p30
snap_odd__qbin,23,2,gyY_max
snap_odd__qbin,23,3,stl_bout_cv_w5_p30
snap_odd__qbin,23,4,gyMag_bp_mf
snap_odd__qbin,23,5,gyY_madiff
snap_odd__qbin,23,6,pitch_skew
snap_odd__qbin,23,7,frac_act_short_w10_p20
snap_odd__qbin,23,8,jerk_skew
snap_odd__qbin,23,9,jerk_peak_ipi_cv
snap_odd__qbin,23,10,frac_act_short_w10_p40
snap_odd__qbin,23,11,gyMag_centroid
snap_odd__qbin,23,12,stl_bout_median_w0.5_p30
snap_odd__qbin,23,13,gyMag_domfreq
snap_odd__qbin,23,14,act_bout_median_w2_p20
snap_odd__qbin,23,15,stl_bout_median_w10_p70
snap_odd__qbin,23,16,act_bout_median_w10_p10
snap_odd__qbin,23,17,stl_bout_median_w2_p60
snap_odd__qbin,23,18,act_bout_median_w5_p80
snap_odd__qbin,23,19,jerk_dfa_alpha
snap_odd__qbin,23,20,act_bout_median_w0.5_p50
snap_adhd_total__qbin,0,1,frac_act_short_w10_p20
snap_adhd_total__qbin,0,2,gyY_max
snap_adhd_total__qbin,0,3,act_bout_median_w0.5_p90
snap_adhd_total__qbin,0,4,gyY_mean
snap_adhd_total__qbin,0,5,stl_bout_cv_w0.5_p10
snap_adhd_total__qbin,0,6,gyMag_max
snap_adhd_total__qbin,0,7,act_bout_median_w2_p30
snap_adhd_total__qbin,0,8,stl_bout_cv_w2_p10
snap_adhd_total__qbin,0,9,uaX_mean
snap_adhd_total__qbin,0,10,gyY_range
snap_adhd_total__qbin,0,11,stl_bout_median_w5_p70
snap_adhd_total__qbin,0,12,roll_median
snap_adhd_total__qbin,0,13,gyX_range
snap_adhd_total__qbin,0,14,gyZ_mean
snap_adhd_total__qbin,0,15,jerk_skew
snap_adhd_total__qbin,0,16,frac_act_short_w1_p80
snap_adhd_total__qbin,0,17,roll_mean
snap_adhd_total__qbin,0,18,stl_bout_cv_w5_p10
snap_adhd_total__qbin,0,19,frac_act_short_w10_p90
snap_adhd_total__qbin,0,20,act_bout_cv_w2_p10
snap_adhd_total__qbin,1,1,frac_act_short_w10_p20
snap_adhd_total__qbin,1,2,gyY_range
snap_adhd_total__qbin,1,3,act_bout_median_w5_p60
snap_adhd_total__qbin,1,4,gyMag_min
snap_adhd_total__qbin,1,5,act_bout_median_w0.5_p30
snap_adhd_total__qbin,1,6,roll_median
snap_adhd_total__qbin,1,7,frac_act_short_w10_p90
snap_adhd_total__qbin,1,8,uaZ_max
snap_adhd_total__qbin,1,9,gyMag_max
snap_adhd_total__qbin,1,10,jerk_mean
snap_adhd_total__qbin,1,11,act_bout_median_w10_p10
snap_adhd_total__qbin,1,12,jerk_acf_dom_period_s
snap_adhd_total__qbin,1,13,gyMag_domfreq
snap_adhd_total__qbin,1,14,gyX_range
snap_adhd_total__qbin,1,15,frac_act_short_w5_p90
snap_adhd_total__qbin,1,16,roll_mean
snap_adhd_total__qbin,1,17,frac_act_short_w2_p70
snap_adhd_total__qbin,1,18,jerk_zcr
snap_adhd_total__qbin,1,19,stl_bout_cv_w2_p10
snap_adhd_total__qbin,1,20,gyX_skew
snap_adhd_total__qbin,2,1,frac_act_short_w10_p20
snap_adhd_total__qbin,2,2,gyY_max
snap_adhd_total__qbin,2,3,pitch_min
snap_adhd_total__qbin,2,4,gyMag_min
snap_adhd_total__qbin,2,5,frac_act_short_w10_p90
snap_adhd_total__qbin,2,6,stl_bout_cv_w2_p10
snap_adhd_total__qbin,2,7,gyY_range
snap_adhd_total__qbin,2,8,roll_skew
snap_adhd_total__qbin,2,9,gyMag_max
snap_adhd_total__qbin,2,10,act_bout_median_w1_p10
snap_adhd_total__qbin,2,11,frac_act_short_w2_p80
snap_adhd_total__qbin,2,12,uaZ_max
snap_adhd_total__qbin,2,13,stl_bout_cv_w0.5_p20
snap_adhd_total__qbin,2,14,roll_mean
snap_adhd_total__qbin,2,15,switch_per_min_w2_p80
snap_adhd_total__qbin,2,16,roll_median
snap_adhd_total__qbin,2,17,gyY_mean
snap_adhd_total__qbin,2,18,act_bout_cv_w2_p10
snap_adhd_total__qbin,2,19,gyX_max
snap_adhd_total__qbin,2,20,act_bout_median_w10_p10
snap_adhd_total__qbin,3,1,frac_act_short_w10_p20
snap_adhd_total__qbin,3,2,uaZ_max
snap_adhd_total__qbin,3,3,roll_iqr
snap_adhd_total__qbin,3,4,frac_act_short_w10_p90
snap_adhd_total__qbin,3,5,gyY_std
snap_adhd_total__qbin,3,6,stl_bout_median_w5_p30
snap_adhd_total__qbin,3,7,roll_skew
snap_adhd_total__qbin,3,8,act_bout_median_w1_p10
snap_adhd_total__qbin,3,9,stl_bout_median_w5_p70
snap_adhd_total__qbin,3,10,gyY_zcr
snap_adhd_total__qbin,3,11,gyX_max
snap_adhd_total__qbin,3,12,roll_median
snap_adhd_total__qbin,3,13,gyY_madiff
snap_adhd_total__qbin,3,14,frac_act_short_w5_p90
snap_adhd_total__qbin,3,15,jerk_peak_ipi_cv
snap_adhd_total__qbin,3,16,gyMag_max
snap_adhd_total__qbin,3,17,roll_mean
snap_adhd_total__qbin,3,18,frac_act_short_w0.5_p70
snap_adhd_total__qbin,3,19,stl_bout_cv_w2_p10
snap_adhd_total__qbin,3,20,gyY_range
snap_adhd_total__qbin,4,1,frac_act_short_w10_p20
snap_adhd_total__qbin,4,2,gyY_max
snap_adhd_total__qbin,4,3,roll_iqr
snap_adhd_total__qbin,4,4,switch_per_min_w2_p80
snap_adhd_total__qbin,4,5,stl_bout_cv_w0.5_p10
snap_adhd_total__qbin,4,6,roll_median
snap_adhd_total__qbin,4,7,gyY_range
snap_adhd_total__qbin,4,8,stl_bout_median_w1_p20
snap_adhd_total__qbin,4,9,gyY_mean
snap_adhd_total__qbin,4,10,uaZ_domfreq
snap_adhd_total__qbin,4,11,stl_bout_median_w5_p70
snap_adhd_total__qbin,4,12,gyMag_rms
snap_adhd_total__qbin,4,13,roll_skew
snap_adhd_total__qbin,4,14,frac_act_short_w10_p30
snap_adhd_total__qbin,4,15,stl_bout_cv_w0.5_p20
snap_adhd_total__qbin,4,16,gyMag_max
snap_adhd_total__qbin,4,17,switch_per_min_w1_p80
snap_adhd_total__qbin,4,18,gyMag_domfreq
snap_adhd_total__qbin,4,19,roll_mean
snap_adhd_total__qbin,4,20,jerk_centroid
snap_adhd_total__qbin,5,1,frac_act_short_w10_p20
snap_adhd_total__qbin,5,2,jerk_skew
snap_adhd_total__qbin,5,3,gyY_mean
snap_adhd_total__qbin,5,4,roll_skew
snap_adhd_total__qbin,5,5,frac_act_short_w5_p20
snap_adhd_total__qbin,5,6,stl_bout_median_w5_p70
snap_adhd_total__qbin,5,7,gyY_max
snap_adhd_total__qbin,5,8,stl_bout_cv_w0.5_p10
snap_adhd_total__qbin,5,9,gyY_range
snap_adhd_total__qbin,5,10,act_bout_median_w1_p10
snap_adhd_total__qbin,5,11,stl_bout_cv_w10_p90
snap_adhd_total__qbin,5,12,roll_mean
snap_adhd_total__qbin,5,13,frac_act_short_w5_p90
snap_adhd_total__qbin,5,14,gyMag_max
snap_adhd_total__qbin,5,15,stl_bout_cv_w2_p10
snap_adhd_total__qbin,5,16,roll_median
snap_adhd_total__qbin,5,17,frac_act_short_w0.5_p70
snap_adhd_total__qbin,5,18,gyX_range
snap_adhd_total__qbin,5,19,act_bout_median_w10_p10
snap_adhd_total__qbin,5,20,stl_bout_cv_w0.5_p20
snap_adhd_total__qbin,6,1,frac_act_short_w10_p20
snap_adhd_total__qbin,6,2,gyY_std
snap_adhd_total__qbin,6,3,frac_act_short_w10_p90
snap_adhd_total__qbin,6,4,pitch_min
snap_adhd_total__qbin,6,5,pitch_kurt
snap_adhd_total__qbin,6,6,gyX_max
snap_adhd_total__qbin,6,7,stl_bout_cv_w2_p10
snap_adhd_total__qbin,6,8,gyMag_min
snap_adhd_total__qbin,6,9,gyX_skew
snap_adhd_total__qbin,6,10,jerk_zcr
snap_adhd_total__qbin,6,11,gyMag_max
snap_adhd_total__qbin,6,12,stl_bout_cv_w0.5_p20
snap_adhd_total__qbin,6,13,gyY_range
snap_adhd_total__qbin,6,14,roll_skew
snap_adhd_total__qbin,6,15,switch_per_min_w2_p80
snap_adhd_total__qbin,6,16,act_bout_median_w1_p10
snap_adhd_total__qbin,6,17,roll_mean
snap_adhd_total__qbin,6,18,yaw_madiff
snap_adhd_total__qbin,6,19,jerk_acf_dom_period_s
snap_adhd_total__qbin,6,20,stl_bout_median_w5_p70
snap_adhd_total__qbin,7,1,frac_act_short_w10_p20
snap_adhd_total__qbin,7,2,gyY_max
snap_adhd_total__qbin,7,3,pitch_min
snap_adhd_total__qbin,7,4,gyMag_min
snap_adhd_total__qbin,7,5,frac_act_short_w10_p90
snap_adhd_total__qbin,7,6,stl_bout_cv_w2_p10
snap_adhd_total__qbin,7,7,gyY_range
snap_adhd_total__qbin,7,8,roll_skew
snap_adhd_total__qbin,7,9,gyMag_max
snap_adhd_total__qbin,7,10,act_bout_median_w1_p10
snap_adhd_total__qbin,7,11,stl_bout_cv_w0.5_p10
snap_adhd_total__qbin,7,12,gyX_skew
snap_adhd_total__qbin,7,13,uaZ_max
snap_adhd_total__qbin,7,14,roll_mean
snap_adhd_total__qbin,7,15,switch_per_min_w2_p80
snap_adhd_total__qbin,7,16,gyX_range
snap_adhd_total__qbin,7,17,stl_bout_cv_w1_p10
snap_adhd_total__qbin,7,18,stl_bout_median_w5_p70
snap_adhd_total__qbin,7,19,act_bout_median_w10_p10
snap_adhd_total__qbin,7,20,roll_median
snap_adhd_total__qbin,8,1,frac_act_short_w10_p20
snap_adhd_total__qbin,8,2,gyZ_range
snap_adhd_total__qbin,8,3,gyMag_domfreq
snap_adhd_total__qbin,8,4,act_bout_median_w0.5_p50
snap_adhd_total__qbin,8,5,actshort_p80
snap_adhd_total__qbin,8,6,uaY_min
snap_adhd_total__qbin,8,7,roll_skew
snap_adhd_total__qbin,8,8,frac_act_short_w5_p90
snap_adhd_total__qbin,8,9,gyY_madiff
snap_adhd_total__qbin,8,10,act_bout_median_w1_p10
snap_adhd_total__qbin,8,11,gyY_max
snap_adhd_total__qbin,8,12,roll_median
snap_adhd_total__qbin,8,13,stl_bout_median_w5_p70
snap_adhd_total__qbin,8,14,roll_mean
snap_adhd_total__qbin,8,15,frac_act_short_w10_p40
snap_adhd_total__qbin,8,16,stl_bout_cv_w1_p10
snap_adhd_total__qbin,8,17,frac_act_short_w0.5_p70
snap_adhd_total__qbin,8,18,gyX_range
snap_adhd_total__qbin,8,19,gyY_mean
snap_adhd_total__qbin,8,20,jerk_acf_dom_period_s
snap_adhd_total__qbin,9,1,frac_act_short_w10_p20
snap_adhd_total__qbin,9,2,gyY_max
snap_adhd_total__qbin,9,3,act_bout_cv_w10_p70
snap_adhd_total__qbin,9,4,roll_iqr
snap_adhd_total__qbin,9,5,act_bout_median_w1_p10
snap_adhd_total__qbin,9,6,roll_kurt
snap_adhd_total__qbin,9,7,gyMag_domfreq
snap_adhd_total__qbin,9,8,jerk_acf_dom_period_s
snap_adhd_total__qbin,9,9,roll_mean
snap_adhd_total__qbin,9,10,gyZ_mean
snap_adhd_total__qbin,9,11,frac_act_short_w10_p90
snap_adhd_total__qbin,9,12,uaX_max
snap_adhd_total__qbin,9,13,actshort_p80
snap_adhd_total__qbin,9,14,stl_bout_cv_w1_p10
snap_adhd_total__qbin,9,15,gyY_range
snap_adhd_total__qbin,9,16,roll_skew
snap_adhd_total__qbin,9,17,stl_bout_median_w5_p70
snap_adhd_total__qbin,9,18,frac_act_short_w10_p40
snap_adhd_total__qbin,9,19,yaw_kurt
snap_adhd_total__qbin,9,20,gyX_max
snap_adhd_total__qbin,10,1,frac_act_short_w10_p20
snap_adhd_total__qbin,10,2,gyY_max
snap_adhd_total__qbin,10,3,pitch_min
snap_adhd_total__qbin,10,4,gyMag_min
snap_adhd_total__qbin,10,5,frac_act_short_w10_p90
snap_adhd_total__qbin,10,6,stl_bout_cv_w2_p10
snap_adhd_total__qbin,10,7,gyY_range
snap_adhd_total__qbin,10,8,act_bout_median_w0.5_p90
snap_adhd_total__qbin,10,9,gyMag_max
snap_adhd_total__qbin,10,10,roll_skew
snap_adhd_total__qbin,10,11,act_bout_median_w1_p10
snap_adhd_total__qbin,10,12,stl_bout_cv_w0.5_p20
snap_adhd_total__qbin,10,13,gyY_mean
snap_adhd_total__qbin,10,14,uaZ_max
snap_adhd_total__qbin,10,15,roll_iqr
snap_adhd_total__qbin,10,16,act_bout_cv_w2_p10
snap_adhd_total__qbin,10,17,roll_median
snap_adhd_total__qbin,10,18,gyX_max
snap_adhd_total__qbin,10,19,jerk_skew
snap_adhd_total__qbin,10,20,gyX_skew
snap_adhd_total__qbin,11,1,frac_act_short_w10_p20
snap_adhd_total__qbin,11,2,gyY_max
snap_adhd_total__qbin,11,3,stl_bout_cv_w0.5_p10
snap_adhd_total__qbin,11,4,gyY_median
snap_adhd_total__qbin,11,5,act_bout_median_w0.5_p90
snap_adhd_total__qbin,11,6,gyY_range
snap_adhd_total__qbin,11,7,jerk_zcr
snap_adhd_total__qbin,11,8,gyMag_min
snap_adhd_total__qbin,11,9,stl_bout_median_w5_p70
snap_adhd_total__qbin,11,10,pitch_bp_mf
snap_adhd_total__qbin,11,11,roll_mean
snap_adhd_total__qbin,11,12,frac_act_short_w10_p90
snap_adhd_total__qbin,11,13,gyMag_max
snap_adhd_total__qbin,11,14,act_bout_cv_w2_p10
snap_adhd_total__qbin,11,15,uaZ_madiff
snap_adhd_total__qbin,11,16,stl_bout_cv_w1_p10
snap_adhd_total__qbin,11,17,roll_median
snap_adhd_total__qbin,11,18,uaZ_max
snap_adhd_total__qbin,11,19,gyY_mean
snap_adhd_total__qbin,11,20,act_bout_median_w10_p90
snap_adhd_total__qbin,12,1,frac_act_short_w10_p20
snap_adhd_total__qbin,12,2,gyY_max
snap_adhd_total__qbin,12,3,pitch_min
snap_adhd_total__qbin,12,4,gyMag_min
snap_adhd_total__qbin,12,5,frac_act_short_w10_p90
snap_adhd_total__qbin,12,6,stl_bout_cv_w2_p10
snap_adhd_total__qbin,12,7,gyY_range
snap_adhd_total__qbin,12,8,act_bout_median_w0.5_p90
snap_adhd_total__qbin,12,9,gyMag_max
snap_adhd_total__qbin,12,10,roll_skew
snap_adhd_total__qbin,12,11,gyY_mean
snap_adhd_total__qbin,12,12,stl_bout_cv_w1_p10
snap_adhd_total__qbin,12,13,gyMag_domfreq
snap_adhd_total__qbin,12,14,stl_bout_median_w2_p30
snap_adhd_total__qbin,12,15,gyX_skew
snap_adhd_total__qbin,12,16,gyX_max
snap_adhd_total__qbin,12,17,stl_bout_cv_w0.5_p10
snap_adhd_total__qbin,12,18,roll_median
snap_adhd_total__qbin,12,19,stl_bout_median_w5_p70
snap_adhd_total__qbin,12,20,act_bout_cv_w10_p10
snap_adhd_total__qbin,13,1,frac_act_short_w10_p20
snap_adhd_total__qbin,13,2,gyY_madiff
snap_adhd_total__qbin,13,3,uaMag_peak_rate_min
snap_adhd_total__qbin,13,4,switch_per_min_w5_p60
snap_adhd_total__qbin,13,5,roll_median
snap_adhd_total__qbin,13,6,stl_bout_median_w0.5_p20
snap_adhd_total__qbin,13,7,act_bout_cv_w10_p70
snap_adhd_total__qbin,13,8,uaY_median
snap_adhd_total__qbin,13,9,stl_bout_cv_w1_p10
snap_adhd_total__qbin,13,10,gyY_range
snap_adhd_total__qbin,13,11,frac_act_short_w2_p70
snap_adhd_total__qbin,13,12,roll_mean
snap_adhd_total__qbin,13,13,frac_act_short_w10_p90
snap_adhd_total__qbin,13,14,uaMag_bp_mf
snap_adhd_total__qbin,13,15,stl_bout_cv_w2_p10
snap_adhd_total__qbin,13,16,gyMag_domfreq
snap_adhd_total__qbin,13,17,gyMag_max
snap_adhd_total__qbin,13,18,frac_act_short_w0.5_p70
snap_adhd_total__qbin,13,19,uaX_range
snap_adhd_total__qbin,13,20,roll_skew
snap_adhd_total__qbin,14,1,frac_act_short_w10_p20
snap_adhd_total__qbin,14,2,uaZ_skew
snap_adhd_total__qbin,14,3,gyY_max
snap_adhd_total__qbin,14,4,gyMag_min
snap_adhd_total__qbin,14,5,act_bout_median_w0.5_p90
snap_adhd_total__qbin,14,6,frac_act_short_w10_p90
snap_adhd_total__qbin,14,7,uaY_min
snap_adhd_total__qbin,14,8,gyMag_domfreq
snap_adhd_total__qbin,14,9,actshort_p80
snap_adhd_total__qbin,14,10,roll_skew
snap_adhd_total__qbin,14,11,jerk_peak_ipi_cv
snap_adhd_total__qbin,14,12,gyY_range
snap_adhd_total__qbin,14,13,act_bout_median_w1_p10
snap_adhd_total__qbin,14,14,gyY_mean
snap_adhd_total__qbin,14,15,gyMag_max
snap_adhd_total__qbin,14,16,roll_mean
snap_adhd_total__qbin,14,17,act_bout_median_w10_p90
snap_adhd_total__qbin,14,18,uaZ_madiff
snap_adhd_total__qbin,14,19,stl_bout_median_w5_p70
snap_adhd_total__qbin,14,20,roll_median
snap_adhd_total__qbin,15,1,frac_act_short_w10_p20
snap_adhd_total__qbin,15,2,gyY_max
snap_adhd_total__qbin,15,3,gyMag_min
snap_adhd_total__qbin,15,4,actshort_p90
snap_adhd_total__qbin,15,5,gyMag_domfreq
snap_adhd_total__qbin,15,6,stl_bout_cv_w1_p10
snap_adhd_total__qbin,15,7,roll_skew
snap_adhd_total__qbin,15,8,gyY_mean
snap_adhd_total__qbin,15,9,gyX_max
snap_adhd_total__qbin,15,10,act_bout_cv_w2_p10
snap_adhd_total__qbin,15,11,jerk_skew
snap_adhd_total__qbin,15,12,roll_median
snap_adhd_total__qbin,15,13,stl_bout_cv_w2_p10
snap_adhd_total__qbin,15,14,switch_per_min_w2_p80
snap_adhd_total__qbin,15,15,gyMag_max
snap_adhd_total__qbin,15,16,roll_mean
snap_adhd_total__qbin,15,17,stl_bout_cv_w5_p10
snap_adhd_total__qbin,15,18,gyY_range
snap_adhd_total__qbin,15,19,frac_act_short_w10_p90
snap_adhd_total__qbin,15,20,uaY_median
snap_adhd_total__qbin,16,1,frac_act_short_w10_p20
snap_adhd_total__qbin,16,2,gyY_max
snap_adhd_total__qbin,16,3,stl_bout_cv_w0.5_p10
snap_adhd_total__qbin,16,4,uaX_mean
snap_adhd_total__qbin,16,5,gyX_skew
snap_adhd_total__qbin,16,6,gyMag_max
snap_adhd_total__qbin,16,7,roll_median
snap_adhd_total__qbin,16,8,stl_bout_median_w5_p70
snap_adhd_total__qbin,16,9,stl_bout_cv_w1_p10
snap_adhd_total__qbin,16,10,gyY_range
snap_adhd_total__qbin,16,11,stl_bout_cv_w10_p90
snap_adhd_total__qbin,16,12,roll_mean
snap_adhd_total__qbin,16,13,act_bout_median_w10_p10
snap_adhd_total__qbin,16,14,gyX_range
snap_adhd_total__qbin,16,15,stl_bout_cv_w2_p10
snap_adhd_total__qbin,16,16,switch_per_min_w2_p80
snap_adhd_total__qbin,16,17,roll_skew
snap_adhd_total__qbin,16,18,jerk_skew
snap_adhd_total__qbin,16,19,gyX_max
snap_adhd_total__qbin,16,20,stl_bout_cv_w0.5_p20
snap_adhd_total__qbin,17,1,frac_act_short_w10_p20
snap_adhd_total__qbin,17,2,gyY_std
snap_adhd_total__qbin,17,3,frac_act_short_w10_p90
snap_adhd_total__qbin,17,4,roll_skew
snap_adhd_total__qbin,17,5,uaZ_max
snap_adhd_total__qbin,17,6,stl_bout_cv_w2_p10
snap_adhd_total__qbin,17,7,gyY_mean
snap_adhd_total__qbin,17,8,gyMag_max
snap_adhd_total__qbin,17,9,act_bout_median_w0.5_p90
snap_adhd_total__qbin,17,10,frac_act_short_w10_p40
snap_adhd_total__qbin,17,11,roll_mean
snap_adhd_total__qbin,17,12,stl_bout_median_w5_p70
snap_adhd_total__qbin,17,13,uaX_range
snap_adhd_total__qbin,17,14,stl_bout_median_w5_p80
snap_adhd_total__qbin,17,15,roll_median
snap_adhd_total__qbin,17,16,stl_bout_cv_w0.5_p20
snap_adhd_total__qbin,17,17,gyX_range
snap_adhd_total__qbin,17,18,act_bout_median_w10_p10
snap_adhd_total__qbin,17,19,stl_bout_median_w10_p40
snap_adhd_total__qbin,17,20,switch_per_min_w2_p80
snap_adhd_total__qbin,18,1,frac_act_short_w10_p20
snap_adhd_total__qbin,18,2,gyMag_min
snap_adhd_total__qbin,18,3,gyY_max
snap_adhd_total__qbin,18,4,act_bout_median_w0.5_p90
snap_adhd_total__qbin,18,5,gyMag_domfreq
snap_adhd_total__qbin,18,6,uaY_min
snap_adhd_total__qbin,18,7,frac_act_short_w10_p90
snap_adhd_total__qbin,18,8,actshort_p80
snap_adhd_total__qbin,18,9,roll_skew
snap_adhd_total__qbin,18,10,act_bout_median_w1_p10
snap_adhd_total__qbin,18,11,jerk_peak_ipi_cv
snap_adhd_total__qbin,18,12,gyMag_max
snap_adhd_total__qbin,18,13,roll_mean
snap_adhd_total__qbin,18,14,gyY_mean
snap_adhd_total__qbin,18,15,frac_act_short_w5_p90
snap_adhd_total__qbin,18,16,gyY_madiff
snap_adhd_total__qbin,18,17,gyX_max
snap_adhd_total__qbin,18,18,roll_median
snap_adhd_total__qbin,18,19,frac_act_short_w0.5_p70
snap_adhd_total__qbin,18,20,stl_bout_cv_w2_p10
snap_adhd_total__qbin,19,1,frac_act_short_w10_p20
snap_adhd_total__qbin,19,2,gyY_max
snap_adhd_total__qbin,19,3,pitch_min
snap_adhd_total__qbin,19,4,gyMag_min
snap_adhd_total__qbin,19,5,stl_bout_median_w10_p30
snap_adhd_total__qbin,19,6,uaY_min
snap_adhd_total__qbin,19,7,roll_median
snap_adhd_total__qbin,19,8,act_bout_median_w1_p10
snap_adhd_total__qbin,19,9,pitch_kurt
snap_adhd_total__qbin,19,10,gyZ_max
snap_adhd_total__qbin,19,11,stl_bout_median_w5_p70
snap_adhd_total__qbin,19,12,roll_mean
snap_adhd_total__qbin,19,13,uaMag_max
snap_adhd_total__qbin,19,14,gyY_mean
snap_adhd_total__qbin,19,15,jerk_kurt
snap_adhd_total__qbin,19,16,stl_bout_cv_w1_p10
snap_adhd_total__qbin,19,17,gyY_range
snap_adhd_total__qbin,19,18,switch_per_min_w2_p80
snap_adhd_total__qbin,19,19,roll_skew
snap_adhd_total__qbin,19,20,gyMag_acf_dom_period_s
snap_adhd_total__qbin,20,1,frac_act_short_w10_p20
snap_adhd_total__qbin,20,2,gyY_max
snap_adhd_total__qbin,20,3,pitch_min
snap_adhd_total__qbin,20,4,gyMag_min
snap_adhd_total__qbin,20,5,frac_act_short_w10_p90
snap_adhd_total__qbin,20,6,stl_bout_cv_w2_p10
snap_adhd_total__qbin,20,7,gyY_range
snap_adhd_total__qbin,20,8,roll_skew
snap_adhd_total__qbin,20,9,act_bout_median_w1_p10
snap_adhd_total__qbin,20,10,gyMag_max
snap_adhd_total__qbin,20,11,stl_bout_cv_w0.5_p20
snap_adhd_total__qbin,20,12,gyX_skew
snap_adhd_total__qbin,20,13,pitch_kurt
snap_adhd_total__qbin,20,14,actbout_med_p50
snap_adhd_total__qbin,20,15,gyX_range
snap_adhd_total__qbin,20,16,stl_bout_median_w5_p70
snap_adhd_total__qbin,20,17,roll_mean
snap_adhd_total__qbin,20,18,gyY_madiff
snap_adhd_total__qbin,20,19,uaX_range
snap_adhd_total__qbin,20,20,stl_bout_cv_w1_p10
snap_adhd_total__qbin,21,1,frac_act_short_w10_p20
snap_adhd_total__qbin,21,2,gyY_max
snap_adhd_total__qbin,21,3,pitch_min
snap_adhd_total__qbin,21,4,gyMag_min
snap_adhd_total__qbin,21,5,frac_act_short_w10_p90
snap_adhd_total__qbin,21,6,stl_bout_cv_w2_p10
snap_adhd_total__qbin,21,7,gyY_range
snap_adhd_total__qbin,21,8,roll_skew
snap_adhd_total__qbin,21,9,gyMag_max
snap_adhd_total__qbin,21,10,act_bout_median_w1_p10
snap_adhd_total__qbin,21,11,stl_bout_cv_w0.5_p10
snap_adhd_total__qbin,21,12,gyX_skew
snap_adhd_total__qbin,21,13,uaY_domfreq
snap_adhd_total__qbin,21,14,jerk_skew
snap_adhd_total__qbin,21,15,stl_bout_cv_w5_p10
snap_adhd_total__qbin,21,16,uaX_range
snap_adhd_total__qbin,21,17,roll_mean
snap_adhd_total__qbin,21,18,stl_bout_median_w5_p70
snap_adhd_total__qbin,21,19,gyX_max
snap_adhd_total__qbin,21,20,act_bout_median_w10_p10
snap_adhd_total__qbin,22,1,frac_act_short_w10_p20
snap_adhd_total__qbin,22,2,gyY_max
snap_adhd_total__qbin,22,3,pitch_min
snap_adhd_total__qbin,22,4,gyMag_min
snap_adhd_total__qbin,22,5,frac_act_short_w10_p90
snap_adhd_total__qbin,22,6,stl_bout_cv_w2_p10
snap_adhd_total__qbin,22,7,gyY_range
snap_adhd_total__qbin,22,8,act_bout_median_w0.5_p90
snap_adhd_total__qbin,22,9,gyMag_max
snap_adhd_total__qbin,22,10,roll_skew
snap_adhd_total__qbin,22,11,stl_bout_cv_w1_p10
snap_adhd_total__qbin,22,12,switch_per_min_w2_p80
snap_adhd_total__qbin,22,13,act_bout_median_w10_p10
snap_adhd_total__qbin,22,14,gyX_max
snap_adhd_total__qbin,22,15,stl_bout_cv_w5_p10
snap_adhd_total__qbin,22,16,roll_median
snap_adhd_total__qbin,22,17,jerk_skew
snap_adhd_total__qbin,22,18,frac_act_short_w0.5_p70
snap_adhd_total__qbin,22,19,stl_bout_cv_w0.5_p10
snap_adhd_total__qbin,22,20,jerk_mean
snap_adhd_total__qbin,23,1,frac_act_short_w10_p20
snap_adhd_total__qbin,23,2,gyY_max
snap_adhd_total__qbin,23,3,gyMag_min
snap_adhd_total__qbin,23,4,uaMag_max
snap_adhd_total__qbin,23,5,act_bout_median_w0.5_p30
snap_adhd_total__qbin,23,6,roll_median
snap_adhd_total__qbin,23,7,stl_bout_cv_w1_p10
snap_adhd_total__qbin,23,8,gyY_mean
snap_adhd_total__qbin,23,9,switch_per_min_w2_p80
snap_adhd_total__qbin,23,10,gyMag_max
snap_adhd_total__qbin,23,11,stl_bout_cv_w2_p10
snap_adhd_total__qbin,23,12,roll_mean
snap_adhd_total__qbin,23,13,act_bout_median_w1_p10
snap_adhd_total__qbin,23,14,frac_act_short_w2_p80
snap_adhd_total__qbin,23,15,gyY_range
snap_adhd_total__qbin,23,16,stl_bout_cv_w0.5_p10
snap_adhd_total__qbin,23,17,roll_skew
snap_adhd_total__qbin,23,18,act_bout_median_w10_p10
snap_adhd_total__qbin,23,19,gyX_max
snap_adhd_total__qbin,23,20,gyY_madiff
sdq_hyper__qbin,0,1,gyZ_mean
sdq_hyper__qbin,0,2,switchmin_p20
sdq_hyper__qbin,0,3,stl_bout_median_w1_p20
sdq_hyper__qbin,0,4,gyMag_peak_ipi_cv
sdq_hyper__qbin,0,5,pitch_median
sdq_hyper__qbin,0,6,gyZ_median
sdq_hyper__qbin,0,7,pitch_bp_mf
sdq_hyper__qbin,0,8,uaMag_peak_rate_min
sdq_hyper__qbin,0,9,uaY_median
sdq_hyper__qbin,0,10,stl_bout_median_w2_p90
sdq_hyper__qbin,0,11,roll_rms
sdq_hyper__qbin,0,12,jerk_acf_dom_period_s
sdq_hyper__qbin,0,13,gyX_std
sdq_hyper__qbin,0,14,act_bout_median_w2_p50
sdq_hyper__qbin,0,15,act_bout_median_w10_p30
sdq_hyper__qbin,0,16,stl_bout_cv_w2_p10
sdq_hyper__qbin,0,17,pitch_rms
sdq_hyper__qbin,0,18,act_bout_median_w0.5_p30
sdq_hyper__qbin,0,19,uaY_domfreq
sdq_hyper__qbin,0,20,yaw_max
sdq_hyper__qbin,1,1,uaZ_skew
sdq_hyper__qbin,1,2,frac_act_short_w10_p20
sdq_hyper__qbin,1,3,yaw_range
sdq_hyper__qbin,1,4,gyX_max
sdq_hyper__qbin,1,5,uaY_domfreq
sdq_hyper__qbin,1,6,act_bout_median_w10_p30
sdq_hyper__qbin,1,7,roll_iqr
sdq_hyper__qbin,1,8,pitch_rms
sdq_hyper__qbin,1,9,gyZ_median
sdq_hyper__qbin,1,10,pitch_bp_mf
sdq_hyper__qbin,1,11,pitch_median
sdq_hyper__qbin,1,12,yaw_max
sdq_hyper__qbin,1,13,act_bout_median_w2_p50
sdq_hyper__qbin,1,14,act_bout_median_w10_p40
sdq_hyper__qbin,1,15,jerk_acf_dom_period_s
sdq_hyper__qbin,1,16,pitch_bp_hf
sdq_hyper__qbin,1,17,roll_domfreq
sdq_hyper__qbin,1,18,switchmin_p20
sdq_hyper__qbin,1,19,gyMag_domfreq
sdq_hyper__qbin,1,20,gyMag_max
sdq_hyper__qbin,2,1,uaZ_skew
sdq_hyper__qbin,2,2,frac_act_short_w10_p20
sdq_hyper__qbin,2,3,act_bout_cv_w1_p90
sdq_hyper__qbin,2,4,pitch_median
sdq_hyper__qbin,2,5,gyZ_skew
sdq_hyper__qbin,2,6,switchmin_p20
sdq_hyper__qbin,2,7,gyZ_median
sdq_hyper__qbin,2,8,stl_bout_median_w5_p70
sdq_hyper__qbin,2,9,pitch_bp_mf
sdq_hyper__qbin,2,10,act_bout_median_w10_p30
sdq_hyper__qbin,2,11,stl_bout_median_w2_p90
sdq_hyper__qbin,2,12,act_bout_cv_w0.5_p90
sdq_hyper__qbin,2,13,pitch_mean
sdq_hyper__qbin,2,14,jerk_acf_dom_period_s
sdq_hyper__qbin,2,15,gyX_iqr
sdq_hyper__qbin,2,16,uaY_range
sdq_hyper__qbin,2,17,frac_act_short_w2_p80
sdq_hyper__qbin,2,18,roll_rms
sdq_hyper__qbin,2,19,pitch_rms
sdq_hyper__qbin,2,20,gyMag_mean
sdq_hyper__qbin,3,1,frac_act_short_w10_p20
sdq_hyper__qbin,3,2,uaZ_skew
sdq_hyper__qbin,3,3,act_bout_cv_w1_p90
sdq_hyper__qbin,3,4,gyX_max
sdq_hyper__qbin,3,5,roll_domfreq
sdq_hyper__qbin,3,6,pitch_kurt
sdq_hyper__qbin,3,7,act_bout_median_w2_p50
sdq_hyper__qbin,3,8,jerk_acf_dom_period_s
sdq_hyper__qbin,3,9,act_bout_cv_w2_p90
sdq_hyper__qbin,3,10,gyX_skew
sdq_hyper__qbin,3,11,yaw_bp_hf
sdq_hyper__qbin,3,12,gyX_range
sdq_hyper__qbin,3,13,stl_bout_cv_w10_p10
sdq_hyper__qbin,3,14,stl_bout_median_w1_p20
sdq_hyper__qbin,3,15,gyMag_madiff
sdq_hyper__qbin,3,16,yaw_bp_lf
sdq_hyper__qbin,3,17,gyX_std
sdq_hyper__qbin,3,18,frac_act_short_w10_p90
sdq_hyper__qbin,3,19,gyZ_median
sdq_hyper__qbin,3,20,pitch_rms
sdq_hyper__qbin,4,1,uaMag_peak_amp_med
sdq_hyper__qbin,4,2,act_bout_median_w10_p30
sdq_hyper__qbin,4,3,roll_domfreq
sdq_hyper__qbin,4,4,gyZ_domfreq
sdq_hyper__qbin,4,5,switchmin_p20
sdq_hyper__qbin,4,6,gyMag_max
sdq_hyper__qbin,4,7,frac_act_short_w10_p20
sdq_hyper__qbin,4,8,pitch_bp_hf
sdq_hyper__qbin,4,9,stl_bout_median_w1_p20
sdq_hyper__qbin,4,10,gyX_iqr
sdq_hyper__qbin,4,11,roll_iqr
sdq_hyper__qbin,4,12,yaw_max
sdq_hyper__qbin,4,13,stl_bout_median_w5_p60
sdq_hyper__qbin,4,14,pitch_bp_mf
sdq_hyper__qbin,4,15,uaY_median
sdq_hyper__qbin,4,16,uaZ_skew
sdq_hyper__qbin,4,17,pitch_rms
sdq_hyper__qbin,4,18,roll_std
sdq_hyper__qbin,4,19,yaw_range
sdq_hyper__qbin,4,20,roll_kurt
sdq_hyper__qbin,5,1,switchmin_p20
sdq_hyper__qbin,5,2,roll_domfreq
sdq_hyper__qbin,5,3,act_bout_median_w1_p90
sdq_hyper__qbin,5,4,roll_skew
sdq_hyper__qbin,5,5,jerk_skew
sdq_hyper__qbin,5,6,gyMag_max
sdq_hyper__qbin,5,7,stl_bout_cv_w0.5_p20
sdq_hyper__qbin,5,8,gyZ_min
sdq_hyper__qbin,5,9,stl_bout_median_w10_p10
sdq_hyper__qbin,5,10,yaw_range
sdq_hyper__qbin,5,11,frac_act_short_w10_p90
sdq_hyper__qbin,5,12,gyZ_mean
sdq_hyper__qbin,5,13,actshort_p30
sdq_hyper__qbin,5,14,switchmin_p10
sdq_hyper__qbin,5,15,uaX_entropy
sdq_hyper__qbin,5,16,pitch_rms
sdq_hyper__qbin,5,17,roll_iqr
sdq_hyper__qbin,5,18,gyZ_median
sdq_hyper__qbin,5,19,pitch_median
sdq_hyper__qbin,5,20,actshort_p20
sdq_hyper__qbin,6,1,uaZ_skew
sdq_hyper__qbin,6,2,frac_act_short_w10_p20
sdq_hyper__qbin,6,3,yaw_entropy
sdq_hyper__qbin,6,4,uaY_domfreq
sdq_hyper__qbin,6,5,roll_rms
sdq_hyper__qbin,6,6,jerk_acf_dom_period_s
sdq_hyper__qbin,6,7,pitch_rms
sdq_hyper__qbin,6,8,roll_std
sdq_hyper__qbin,6,9,roll_domfreq
sdq_hyper__qbin,6,10,switchmin_p20
sdq_hyper__qbin,6,11,act_bout_median_w2_p50
sdq_hyper__qbin,6,12,yaw_range
sdq_hyper__qbin,6,13,roll_iqr
sdq_hyper__qbin,6,14,gyZ_mean
sdq_hyper__qbin,6,15,stl_bout_median_w10_p10
sdq_hyper__qbin,6,16,act_bout_cv_w10_p90
sdq_hyper__qbin,6,17,gyMag_rms
sdq_hyper__qbin,6,18,yaw_max
sdq_hyper__qbin,6,19,uaZ_centroid
sdq_hyper__qbin,6,20,uaY_median
sdq_hyper__qbin,7,1,uaX_std
sdq_hyper__qbin,7,2,jerk_lz_c
sdq_hyper__qbin,7,3,frac_act_short_w10_p20
sdq_hyper__qbin,7,4,roll_domfreq
sdq_hyper__qbin,7,5,pitch_bp_hf
sdq_hyper__qbin,7,6,gyX_max
sdq_hyper__qbin,7,7,pitch_kurt
sdq_hyper__qbin,7,8,act_bout_median_w2_p50
sdq_hyper__qbin,7,9,stl_bout_median_w1_p20
sdq_hyper__qbin,7,10,yaw_entropy
sdq_hyper__qbin,7,11,uaY_median
sdq_hyper__qbin,7,12,yaw_min
sdq_hyper__qbin,7,13,gyX_skew
sdq_hyper__qbin,7,14,jerk_acf_dom_period_s
sdq_hyper__qbin,7,15,pitch_bp_mf
sdq_hyper__qbin,7,16,gyX_iqr
sdq_hyper__qbin,7,17,uaY_domfreq
sdq_hyper__qbin,7,18,act_bout_median_w2_p30
sdq_hyper__qbin,7,19,yaw_bp_hf
sdq_hyper__qbin,7,20,uaMag_peak_rate_min
sdq_hyper__qbin,8,1,frac_act_short_w10_p20
sdq_hyper__qbin,8,2,pitch_bp_mf
sdq_hyper__qbin,8,3,roll_domfreq
sdq_hyper__qbin,8,4,yaw_bp_lf
sdq_hyper__qbin,8,5,gyZ_std
sdq_hyper__qbin,8,6,stl_bout_median_w2_p90
sdq_hyper__qbin,8,7,roll_iqr
sdq_hyper__qbin,8,8,gyX_max
sdq_hyper__qbin,8,9,yaw_range
sdq_hyper__qbin,8,10,uaZ_centroid
sdq_hyper__qbin,8,11,pitch_rms
sdq_hyper__qbin,8,12,roll_kurt
sdq_hyper__qbin,8,13,frac_act_short_w10_p10
sdq_hyper__qbin,8,14,stl_bout_cv_w2_p10
sdq_hyper__qbin,8,15,pitch_mean
sdq_hyper__qbin,8,16,gyMag_domfreq
sdq_hyper__qbin,8,17,jerk_acf_dom_period_s
sdq_hyper__qbin,8,18,pitch_bp_hf
sdq_hyper__qbin,8,19,pitch_median
sdq_hyper__qbin,8,20,act_bout_median_w0.5_p60
sdq_hyper__qbin,9,1,uaX_std
sdq_hyper__qbin,9,2,roll_domfreq
sdq_hyper__qbin,9,3,gyMag_max
sdq_hyper__qbin,9,4,act_bout_median_w2_p50
sdq_hyper__qbin,9,5,uaY_centroid
sdq_hyper__qbin,9,6,uaMag_max
sdq_hyper__qbin,9,7,stl_bout_median_w1_p90
sdq_hyper__qbin,9,8,gyZ_std
sdq_hyper__qbin,9,9,jerk_peak_rate_min
sdq_hyper__qbin,9,10,stl_bout_median_w10_p20
sdq_hyper__qbin,9,11,uaX_bp_hf
sdq_hyper__qbin,9,12,gyMag_rms
sdq_hyper__qbin,9,13,gyZ_median
sdq_hyper__qbin,9,14,uaY_median
sdq_hyper__qbin,9,15,act_bout_median_w0.5_p30
sdq_hyper__qbin,9,16,gyX_max
sdq_hyper__qbin,9,17,yaw_min
sdq_hyper__qbin,9,18,switchmin_p20
sdq_hyper__qbin,9,19,act_bout_median_w10_p30
sdq_hyper__qbin,9,20,frac_act_short_w10_p90
sdq_hyper__qbin,10,1,frac_act_short_w10_p20
sdq_hyper__qbin,10,2,gyMag_rms
sdq_hyper__qbin,10,3,roll_domfreq
sdq_hyper__qbin,10,4,switchmin_p20
sdq_hyper__qbin,10,5,yaw_min
sdq_hyper__qbin,10,6,stl_bout_median_w5_p70
sdq_hyper__qbin,10,7,pitch_kurt
sdq_hyper__qbin,10,8,act_bout_median_w2_p50
sdq_hyper__qbin,10,9,uaY_domfreq
sdq_hyper__qbin,10,10,stl_bout_median_w5_p80
sdq_hyper__qbin,10,11,yaw_range
sdq_hyper__qbin,10,12,uaX_madiff
sdq_hyper__qbin,10,13,uaZ_skew
sdq_hyper__qbin,10,14,uaY_median
sdq_hyper__qbin,10,15,stl_bout_median_w2_p90
sdq_hyper__qbin,10,16,stl_bout_cv_w0.5_p20
sdq_hyper__qbin,10,17,stl_bout_median_w0.5_p80
sdq_hyper__qbin,10,18,pitch_bp_mf
sdq_hyper__qbin,10,19,stl_bout_median_w10_p40
sdq_hyper__qbin,10,20,stl_bout_median_w1_p20
sdq_hyper__qbin,11,1,uaZ_skew
sdq_hyper__qbin,11,2,frac_act_short_w10_p20
sdq_hyper__qbin,11,3,act_bout_cv_w1_p90
sdq_hyper__qbin,11,4,pitch_median
sdq_hyper__qbin,11,5,gyZ_median
sdq_hyper__qbin,11,6,switchmin_p20
sdq_hyper__qbin,11,7,act_bout_median_w10_p30
sdq_hyper__qbin,11,8,stl_bout_median_w2_p90
sdq_hyper__qbin,11,9,uaY_min
sdq_hyper__qbin,11,10,jerk_acf_dom_period_s
sdq_hyper__qbin,11,11,yaw_bp_hf
sdq_hyper__qbin,11,12,pitch_rms
sdq_hyper__qbin,11,13,roll_iqr
sdq_hyper__qbin,11,14,roll_domfreq
sdq_hyper__qbin,11,15,gyZ_std
sdq_hyper__qbin,11,16,stl_bout_median_w5_p80
sdq_hyper__qbin,11,17,pitch_bp_mf
sdq_hyper__qbin,11,18,act_bout_median_w2_p50
sdq_hyper__qbin,11,19,pitch_kurt
sdq_hyper__qbin,11,20,stl_bout_median_w10_p20
sdq_hyper__qbin,12,1,uaZ_skew
sdq_hyper__qbin,12,2,frac_act_short_w10_p20
sdq_hyper__qbin,12,3,act_bout_cv_w1_p90
sdq_hyper__qbin,12,4,pitch_median
sdq_hyper__qbin,12,5,gyZ_median
sdq_hyper__qbin,12,6,jerk_spread
sdq_hyper__qbin,12,7,act_bout_cv_w0.5_p90
sdq_hyper__qbin,12,8,stl_bout_median_w1_p90
sdq_hyper__qbin,12,9,yaw_range
sdq_hyper__qbin,12,10,roll_iqr
sdq_hyper__qbin,12,11,uaX_centroid
sdq_hyper__qbin,12,12,roll_domfreq
sdq_hyper__qbin,12,13,act_bout_cv_w2_p90
sdq_hyper__qbin,12,14,pitch_rms
sdq_hyper__qbin,12,15,gyX_skew
sdq_hyper__qbin,12,16,yaw_bp_lf
sdq_hyper__qbin,12,17,yaw_min
sdq_hyper__qbin,12,18,pitch_bp_mf
sdq_hyper__qbin,12,19,frac_act_short_w10_p90
sdq_hyper__qbin,12,20,switchmin_p20
sdq_hyper__qbin,13,1,uaZ_skew
sdq_hyper__qbin,13,2,frac_act_short_w10_p20
sdq_hyper__qbin,13,3,act_bout_cv_w1_p90
sdq_hyper__qbin,13,4,pitch_median
sdq_hyper__qbin,13,5,gyZ_median
sdq_hyper__qbin,13,6,gyX_skew
sdq_hyper__qbin,13,7,act_bout_cv_w0.5_p90
sdq_hyper__qbin,13,8,gyX_max
sdq_hyper__qbin,13,9,yaw_max
sdq_hyper__qbin,13,10,roll_iqr
sdq_hyper__qbin,13,11,uaY_median
sdq_hyper__qbin,13,12,roll_domfreq
sdq_hyper__qbin,13,13,yaw_range
sdq_hyper__qbin,13,14,uaX_centroid
sdq_hyper__qbin,13,15,act_bout_cv_w2_p90
sdq_hyper__qbin,13,16,switchmin_p20
sdq_hyper__qbin,13,17,pitch_rms
sdq_hyper__qbin,13,18,stl_bout_cv_w0.5_p10
sdq_hyper__qbin,13,19,roll_kurt
sdq_hyper__qbin,13,20,jerk_skew
sdq_hyper__qbin,14,1,uaZ_skew
sdq_hyper__qbin,14,2,frac_act_short_w10_p20
sdq_hyper__qbin,14,3,gyMag_bp_lf
sdq_hyper__qbin,14,4,roll_domfreq
sdq_hyper__qbin,14,5,yaw_range
sdq_hyper__qbin,14,6,gyZ_std
sdq_hyper__qbin,14,7,uaMag_peak_rate_min
sdq_hyper__qbin,14,8,act_bout_median_w1_p90
sdq_hyper__qbin,14,9,uaY_median
sdq_hyper__qbin,14,10,uaMag_spread
sdq_hyper__qbin,14,11,yaw_min
sdq_hyper__qbin,14,12,stl_bout_median_w2_p40
sdq_hyper__qbin,14,13,gyX_skew
sdq_hyper__qbin,14,14,stl_bout_cv_w2_p10
sdq_hyper__qbin,14,15,act_bout_median_w2_p50
sdq_hyper__qbin,14,16,jerk_acf_dom_period_s
sdq_hyper__qbin,14,17,pitch_bp_mf
sdq_hyper__qbin,14,18,gyZ_median
sdq_hyper__qbin,14,19,pitch_rms
sdq_hyper__qbin,14,20,stl_bout_median_w2_p90
sdq_hyper__qbin,15,1,uaX_std
sdq_hyper__qbin,15,2,yaw_range
sdq_hyper__qbin,15,3,uaMag_peak_rate_min
sdq_hyper__qbin,15,4,uaY_domfreq
sdq_hyper__qbin,15,5,jerk_mean
sdq_hyper__qbin,15,6,roll_iqr
sdq_hyper__qbin,15,7,gyY_std
sdq_hyper__qbin,15,8,roll_domfreq
sdq_hyper__qbin,15,9,uaY_median
sdq_hyper__qbin,15,10,switchmin_p20
sdq_hyper__qbin,15,11,jerk_entropy
sdq_hyper__qbin,15,12,stl_bout_median_w1_p20
sdq_hyper__qbin,15,13,stl_bout_cv_w10_p10
sdq_hyper__qbin,15,14,yaw_max
sdq_hyper__qbin,15,15,roll_kurt
sdq_hyper__qbin,15,16,pitch_rms
sdq_hyper__qbin,15,17,uaZ_skew
sdq_hyper__qbin,15,18,actshort_p20
sdq_hyper__qbin,15,19,gyMag_domfreq
sdq_hyper__qbin,15,20,pitch_median
sdq_hyper__qbin,16,1,switchmin_p20
sdq_hyper__qbin,16,2,uaZ_skew
sdq_hyper__qbin,16,3,frac_act_short_w10_p20
sdq_hyper__qbin,16,4,gyX_max
sdq_hyper__qbin,16,5,stl_bout_cv_w10_p10
sdq_hyper__qbin,16,6,yaw_range
sdq_hyper__qbin,16,7,roll_domfreq
sdq_hyper__qbin,16,8,roll_iqr
sdq_hyper__qbin,16,9,actbout_med_p30
sdq_hyper__qbin,16,10,uaMag_bp_mf
sdq_hyper__qbin,16,11,stl_bout_median_w0.5_p80
sdq_hyper__qbin,16,12,yaw_max
sdq_hyper__qbin,16,13,stl_bout_cv_w10_p20
sdq_hyper__qbin,16,14,uaMag_peak_rate_min
sdq_hyper__qbin,16,15,gyMag_max
sdq_hyper__qbin,16,16,frac_act_short_w2_p10
sdq_hyper__qbin,16,17,uaMag_spread
sdq_hyper__qbin,16,18,frac_act_short_w5_p10
sdq_hyper__qbin,16,19,uaY_median
sdq_hyper__qbin,16,20,roll_kurt
sdq_hyper__qbin,17,1,uaX_std
sdq_hyper__qbin,17,2,stl_bout_median_w2_p90
sdq_hyper__qbin,17,3,stl_bout_cv_w2_p10
sdq_hyper__qbin,17,4,switch_per_min_w5_p10
sdq_hyper__qbin,17,5,uaX_madiff
sdq_hyper__qbin,17,6,jerk_skew
sdq_hyper__qbin,17,7,roll_skew
sdq_hyper__qbin,17,8,uaMag_bp_mf
sdq_hyper__qbin,17,9,yaw_max
sdq_hyper__qbin,17,10,stl_bout_median_w10_p10
sdq_hyper__qbin,17,11,uaMag_peak_rate_min
sdq_hyper__qbin,17,12,pitch_rms
sdq_hyper__qbin,17,13,roll_domfreq
sdq_hyper__qbin,17,14,act_bout_median_w2_p50
sdq_hyper__qbin,17,15,roll_median
sdq_hyper__qbin,17,16,uaMag_rms
sdq_hyper__qbin,17,17,yaw_range
sdq_hyper__qbin,17,18,switchmin_p20
sdq_hyper__qbin,17,19,uaY_median
sdq_hyper__qbin,17,20,act_bout_median_w2_p30
sdq_hyper__qbin,18,1,frac_act_short_w10_p20
sdq_hyper__qbin,18,2,uaX_bp_hf
sdq_hyper__qbin,18,3,yaw_range
sdq_hyper__qbin,18,4,roll_iqr
sdq_hyper__qbin,18,5,roll_domfreq
sdq_hyper__qbin,18,6,gyX_range
sdq_hyper__qbin,18,7,switchmin_p20
sdq_hyper__qbin,18,8,uaMag_peak_rate_min
sdq_hyper__qbin,18,9,pitch_rms
sdq_hyper__qbin,18,10,roll_skew
sdq_hyper__qbin,18,11,gyZ_median
sdq_hyper__qbin,18,12,gyMag_rms
sdq_hyper__qbin,18,13,act_bout_cv_w10_p90
sdq_hyper__qbin,18,14,yaw_max
sdq_hyper__qbin,18,15,uaY_median
sdq_hyper__qbin,18,16,act_bout_median_w10_p30
sdq_hyper__qbin,18,17,stl_bout_median_w2_p90
sdq_hyper__qbin,18,18,jerk_acf_dom_period_s
sdq_hyper__qbin,18,19,gyX_std
sdq_hyper__qbin,18,20,act_bout_median_w2_p50
sdq_hyper__qbin,19,1,pitch_kurt
sdq_hyper__qbin,19,2,stl_bout_median_w10_p20
sdq_hyper__qbin,19,3,uaY_domfreq
sdq_hyper__qbin,19,4,roll_domfreq
sdq_hyper__qbin,19,5,switchmin_p20
sdq_hyper__qbin,19,6,act_bout_cv_w5_p10
sdq_hyper__qbin,19,7,gyMag_domfreq
sdq_hyper__qbin,19,8,act_bout_median_w0.5_p30
sdq_hyper__qbin,19,9,yaw_min
sdq_hyper__qbin,19,10,actbout_med_p30
sdq_hyper__qbin,19,11,stl_bout_median_w10_p10
sdq_hyper__qbin,19,12,uaMag_peak_rate_min
sdq_hyper__qbin,19,13,uaY_median
sdq_hyper__qbin,19,14,stl_bout_cv_w0.5_p90
sdq_hyper__qbin,19,15,pitch_bp_mf
sdq_hyper__qbin,19,16,act_bout_median_w5_p70
sdq_hyper__qbin,19,17,yaw_range
sdq_hyper__qbin,19,18,stl_bout_cv_w2_p10
sdq_hyper__qbin,19,19,gyY_skew
sdq_hyper__qbin,19,20,pitch_bp_hf
sdq_hyper__qbin,20,1,uaX_std
sdq_hyper__qbin,20,2,yaw_range
sdq_hyper__qbin,20,3,roll_domfreq
sdq_hyper__qbin,20,4,roll_kurt
sdq_hyper__qbin,20,5,frac_act_short_w10_p20
sdq_hyper__qbin,20,6,jerk_lz_c
sdq_hyper__qbin,20,7,jerk_acf_dom_period_s
sdq_hyper__qbin,20,8,gyZ_std
sdq_hyper__qbin,20,9,act_bout_median_w2_p50
sdq_hyper__qbin,20,10,pitch_kurt
sdq_hyper__qbin,20,11,act_bout_median_w10_p40
sdq_hyper__qbin,20,12,yaw_max
sdq_hyper__qbin,20,13,act_bout_cv_w2_p10
sdq_hyper__qbin,20,14,uaZ_max
sdq_hyper__qbin,20,15,uaY_median
sdq_hyper__qbin,20,16,stl_bout_median_w1_p20
sdq_hyper__qbin,20,17,roll_iqr
sdq_hyper__qbin,20,18,yaw_min
sdq_hyper__qbin,20,19,pitch_rms
sdq_hyper__qbin,20,20,yaw_bp_lf
sdq_hyper__qbin,21,1,uaX_std
sdq_hyper__qbin,21,2,stl_bout_median_w2_p90
sdq_hyper__qbin,21,3,gyZ_median
sdq_hyper__qbin,21,4,uaY_median
sdq_hyper__qbin,21,5,pitch_bp_hf
sdq_hyper__qbin,21,6,uaMag_peak_rate_min
sdq_hyper__qbin,21,7,stl_bout_median_w1_p90
sdq_hyper__qbin,21,8,yaw_min
sdq_hyper__qbin,21,9,stl_bout_median_w5_p10
sdq_hyper__qbin,21,10,uaZ_madiff
sdq_hyper__qbin,21,11,stl_bout_median_w10_p10
sdq_hyper__qbin,21,12,actshort_p30
sdq_hyper__qbin,21,13,uaZ_skew
sdq_hyper__qbin,21,14,frac_act_short_w10_p90
sdq_hyper__qbin,21,15,yaw_range
sdq_hyper__qbin,21,16,pitch_bp_lf
sdq_hyper__qbin,21,17,act_bout_cv_w0.5_p80
sdq_hyper__qbin,21,18,stl_bout_cv_w10_p10
sdq_hyper__qbin,21,19,act_bout_median_w2_p50
sdq_hyper__qbin,21,20,frac_act_short_w2_p70
sdq_hyper__qbin,22,1,uaX_std
sdq_hyper__qbin,22,2,stl_bout_median_w2_p90
sdq_hyper__qbin,22,3,stl_bout_cv_w2_p10
sdq_hyper__qbin,22,4,gyMag_mean
sdq_hyper__qbin,22,5,gyZ_median
sdq_hyper__qbin,22,6,frac_act_short_w10_p90
sdq_hyper__qbin,22,7,pitch_bp_hf
sdq_hyper__qbin,22,8,gyX_max
sdq_hyper__qbin,22,9,stl_bout_median_w10_p50
sdq_hyper__qbin,22,10,pitch_bp_mf
sdq_hyper__qbin,22,11,uaY_median
sdq_hyper__qbin,22,12,stl_bout_median_w0.5_p10
sdq_hyper__qbin,22,13,act_bout_median_w1_p90
sdq_hyper__qbin,22,14,jerk_acf_dom_period_s
sdq_hyper__qbin,22,15,gyX_iqr
sdq_hyper__qbin,22,16,stl_bout_median_w1_p20
sdq_hyper__qbin,22,17,stl_bout_median_w0.5_p50
sdq_hyper__qbin,22,18,gyMag_rms
sdq_hyper__qbin,22,19,act_bout_median_w2_p50
sdq_hyper__qbin,22,20,frac_act_short_w2_p70
sdq_hyper__qbin,23,1,gyMag_madiff
sdq_hyper__qbin,23,2,uaZ_skew
sdq_hyper__qbin,23,3,stl_bout_median_w1_p20
sdq_hyper__qbin,23,4,actshort_p20
sdq_hyper__qbin,23,5,uaY_domfreq
sdq_hyper__qbin,23,6,gyMag_peak_ipi_cv
sdq_hyper__qbin,23,7,gyZ_median
sdq_hyper__qbin,23,8,yaw_max
sdq_hyper__qbin,23,9,roll_iqr
sdq_hyper__qbin,23,10,pitch_rms
sdq_hyper__qbin,23,11,frac_act_short_w10_p10
sdq_hyper__qbin,23,12,jerk_acf_dom_period_s
sdq_hyper__qbin,23,13,roll_domfreq
sdq_hyper__qbin,23,14,gyZ_madiff
sdq_hyper__qbin,23,15,stl_bout_median_w0.5_p20
sdq_hyper__qbin,23,16,uaY_median
sdq_hyper__qbin,23,17,roll_std
sdq_hyper__qbin,23,18,stl_bout_median_w2_p90
sdq_hyper__qbin,23,19,gyMag_rms
sdq_hyper__qbin,23,20,uaMag_peak_rate_min
sdq_emo__qbin,0,1,act_bout_median_w0.5_p80
sdq_emo__qbin,0,2,uaMag_domfreq
sdq_emo__qbin,0,3,stl_bout_median_w10_p10
sdq_emo__qbin,0,4,act_bout_median_w2_p70
sdq_emo__qbin,0,5,act_bout_cv_w10_p70
sdq_emo__qbin,0,6,yaw_zcr
sdq_emo__qbin,0,7,yaw_domfreq
sdq_emo__qbin,0,8,act_bout_cv_w2_p20
sdq_emo__qbin,0,9,jerk_skew
sdq_emo__qbin,0,10,jerk_permen_m3
sdq_emo__qbin,0,11,jerk_entropy
sdq_emo__qbin,0,12,jerk_peak_ipi_cv
sdq_emo__qbin,0,13,act_bout_cv_w10_p80
sdq_emo__qbin,0,14,frac_act_short_w0.5_p90
sdq_emo__qbin,0,15,gyY_max
sdq_emo__qbin,0,16,uaMag_permen_m3
sdq_emo__qbin,0,17,act_bout_median_w2_p50
sdq_emo__qbin,0,18,switch_per_min_w5_p20
sdq_emo__qbin,0,19,roll_bp_lf
sdq_emo__qbin,0,20,act_bout_median_w5_p90
sdq_emo__qbin,1,1,act_bout_median_w0.5_p80
sdq_emo__qbin,1,2,act_bout_cv_w10_p10
sdq_emo__qbin,1,3,act_bout_median_w5_p90
sdq_emo__qbin,1,4,frac_act_short_w0.5_p90
sdq_emo__qbin,1,5,stl_bout_cv_w2_p10
sdq_emo__qbin,1,6,stl_bout_median_w5_p30
sdq_emo__qbin,1,7,gyY_max
sdq_emo__qbin,1,8,switch_per_min_w10_p10
sdq_emo__qbin,1,9,act_bout_median_w2_p70
sdq_emo__qbin,1,10,stl_bout_median_w0.5_p90
sdq_emo__qbin,1,11,act_bout_median_w10_p60
sdq_emo__qbin,1,12,stl_bout_median_w5_p70
sdq_emo__qbin,1,13,gyMag_centroid
sdq_emo__qbin,1,14,yaw_std
sdq_emo__qbin,1,15,gyMag_permen_m3
sdq_emo__qbin,1,16,act_bout_median_w2_p50
sdq_emo__qbin,1,17,act_bout_median_w10_p50
sdq_emo__qbin,1,18,stl_bout_median_w2_p80
sdq_emo__qbin,1,19,act_bout_cv_w0.5_p90
sdq_emo__qbin,1,20,pitch_domfreq
sdq_emo__qbin,2,1,act_bout_median_w0.5_p80
sdq_emo__qbin,2,2,uaMag_domfreq
sdq_emo__qbin,2,3,act_bout_median_w2_p70
sdq_emo__qbin,2,4,stl_bout_median_w10_p10
sdq_emo__qbin,2,5,act_bout_cv_w10_p70
sdq_emo__qbin,2,6,yaw_zcr
sdq_emo__qbin,2,7,yaw_domfreq
sdq_emo__qbin,2,8,frac_act_short_w5_p20
sdq_emo__qbin,2,9,act_bout_cv_w0.5_p20
sdq_emo__qbin,2,10,jerk_peak_ipi_cv
sdq_emo__qbin,2,11,act_bout_cv_w2_p20
sdq_emo__qbin,2,12,uaY_kurt
sdq_emo__qbin,2,13,jerk_domfreq
sdq_emo__qbin,2,14,stl_bout_median_w0.5_p90
sdq_emo__qbin,2,15,stl_bout_cv_w2_p80
sdq_emo__qbin,2,16,uaZ_range
sdq_emo__qbin,2,17,frac_act_short_w0.5_p90
sdq_emo__qbin,2,18,gyY_max
sdq_emo__qbin,2,19,gyX_min
sdq_emo__qbin,2,20,stl_bout_median_w1_p80
sdq_emo__qbin,3,1,act_bout_median_w0.5_p80
sdq_emo__qbin,3,2,uaMag_domfreq
sdq_emo__qbin,3,3,stl_bout_median_w10_p10
sdq_emo__qbin,3,4,act_bout_median_w2_p70
sdq_emo__qbin,3,5,act_bout_cv_w10_p70
sdq_emo__qbin,3,6,yaw_zcr
sdq_emo__qbin,3,7,jerk_acf_dom_period_s
sdq_emo__qbin,3,8,pitch_bp_lf
sdq_emo__qbin,3,9,switch_per_min_w10_p10
sdq_emo__qbin,3,10,stl_bout_median_w1_p40
sdq_emo__qbin,3,11,gyMag_bp_hf
sdq_emo__qbin,3,12,uaZ_range
sdq_emo__qbin,3,13,act_bout_cv_w2_p30
sdq_emo__qbin,3,14,uaY_kurt
sdq_emo__qbin,3,15,frac_act_short_w0.5_p90
sdq_emo__qbin,3,16,stl_bout_median_w10_p50
sdq_emo__qbin,3,17,act_bout_median_w5_p90
sdq_emo__qbin,3,18,jerk_peak_ipi_cv
sdq_emo__qbin,3,19,gyMag_centroid
sdq_emo__qbin,3,20,gyX_min
sdq_emo__qbin,4,1,act_bout_median_w0.5_p80
sdq_emo__qbin,4,2,switch_per_min_w1_p10
sdq_emo__qbin,4,3,act_bout_median_w2_p70
sdq_emo__qbin,4,4,uaMag_domfreq
sdq_emo__qbin,4,5,act_bout_median_w10_p30
sdq_emo__qbin,4,6,gyMag_peak_rate_min
sdq_emo__qbin,4,7,act_bout_cv_w10_p80
sdq_emo__qbin,4,8,stl_bout_median_w10_p10
sdq_emo__qbin,4,9,frac_act_short_w0.5_p90
sdq_emo__qbin,4,10,act_bout_median_w10_p90
sdq_emo__qbin,4,11,stl_bout_median_w5_p20
sdq_emo__qbin,4,12,pitch_domfreq
sdq_emo__qbin,4,13,frac_act_short_w10_p70
sdq_emo__qbin,4,14,act_bout_cv_w0.5_p20
sdq_emo__qbin,4,15,jerk_acf_dom_period_s
sdq_emo__qbin,4,16,jerk_peak_ipi_cv
sdq_emo__qbin,4,17,act_bout_median_w10_p50
sdq_emo__qbin,4,18,gyMag_bp_mf
sdq_emo__qbin,4,19,act_bout_median_w5_p90
sdq_emo__qbin,4,20,act_bout_median_w5_p40
sdq_emo__qbin,5,1,act_bout_median_w0.5_p80
sdq_emo__qbin,5,2,uaMag_domfreq
sdq_emo__qbin,5,3,stl_bout_median_w10_p10
sdq_emo__qbin,5,4,act_bout_median_w2_p70
sdq_emo__qbin,5,5,act_bout_cv_w10_p80
sdq_emo__qbin,5,6,stl_bout_median_w1_p40
sdq_emo__qbin,5,7,pitch_min
sdq_emo__qbin,5,8,uaY_max
sdq_emo__qbin,5,9,act_bout_median_w2_p90
sdq_emo__qbin,5,10,jerk_acf_dom_period_s
sdq_emo__qbin,5,11,act_bout_median_w10_p30
sdq_emo__qbin,5,12,jerk_peak_ipi_cv
sdq_emo__qbin,5,13,gyMag_domfreq
sdq_emo__qbin,5,14,gyMag_bp_mf
sdq_emo__qbin,5,15,stl_bout_median_w2_p80
sdq_emo__qbin,5,16,uaZ_range
sdq_emo__qbin,5,17,jerk_permen_m3
sdq_emo__qbin,5,18,switch_per_min_w10_p10
sdq_emo__qbin,5,19,uaZ_min
sdq_emo__qbin,5,20,act_bout_median_w5_p90
sdq_emo__qbin,6,1,act_bout_median_w0.5_p80
sdq_emo__qbin,6,2,uaMag_domfreq
sdq_emo__qbin,6,3,act_bout_median_w2_p70
sdq_emo__qbin,6,4,stl_bout_median_w10_p10
sdq_emo__qbin,6,5,act_bout_cv_w10_p70
sdq_emo__qbin,6,6,yaw_zcr
sdq_emo__qbin,6,7,gyX_min
sdq_emo__qbin,6,8,uaX_domfreq
sdq_emo__qbin,6,9,jerk_acf_dom_period_s
sdq_emo__qbin,6,10,jerk_peak_ipi_med_s
sdq_emo__qbin,6,11,act_bout_cv_w2_p30
sdq_emo__qbin,6,12,pitch_min
sdq_emo__qbin,6,13,stl_bout_median_w2_p80
sdq_emo__qbin,6,14,stl_bout_median_w5_p70
sdq_emo__qbin,6,15,act_bout_median_w5_p90
sdq_emo__qbin,6,16,gyX_range
sdq_emo__qbin,6,17,gyMag_centroid
sdq_emo__qbin,6,18,jerk_peak_ipi_cv
sdq_emo__qbin,6,19,frac_act_short_w0.5_p90
sdq_emo__qbin,6,20,act_bout_median_w10_p30
sdq_emo__qbin,7,1,act_bout_median_w0.5_p80
sdq_emo__qbin,7,2,uaMag_domfreq
sdq_emo__qbin,7,3,stl_bout_median_w10_p10
sdq_emo__qbin,7,4,act_bout_median_w2_p70
sdq_emo__qbin,7,5,act_bout_cv_w10_p70
sdq_emo__qbin,7,6,yaw_zcr
sdq_emo__qbin,7,7,act_bout_cv_w2_p20
sdq_emo__qbin,7,8,jerk_skew
sdq_emo__qbin,7,9,act_bout_median_w2_p90
sdq_emo__qbin,7,10,jerk_permen_m3
sdq_emo__qbin,7,11,stl_bout_median_w10_p90
sdq_emo__qbin,7,12,jerk_peak_ipi_cv
sdq_emo__qbin,7,13,frac_act_short_w0.5_p90
sdq_emo__qbin,7,14,uaZ_range
sdq_emo__qbin,7,15,yaw_std
sdq_emo__qbin,7,16,gyMag_acf_dom_period_s
sdq_emo__qbin,7,17,act_bout_median_w2_p50
sdq_emo__qbin,7,18,act_bout_median_w0.5_p40
sdq_emo__qbin,7,19,actbout_cv_p90
sdq_emo__qbin,7,20,jerk_acf_dom_period_s
sdq_emo__qbin,8,1,act_bout_median_w0.5_p80
sdq_emo__qbin,8,2,uaMag_domfreq
sdq_emo__qbin,8,3,stl_bout_median_w10_p10
sdq_emo__qbin,8,4,act_bout_median_w2_p70
sdq_emo__qbin,8,5,act_bout_cv_w10_p70
sdq_emo__qbin,8,6,yaw_zcr
sdq_emo__qbin,8,7,jerk_acf_dom_period_s
sdq_emo__qbin,8,8,act_bout_cv_w2_p20
sdq_emo__qbin,8,9,jerk_skew
sdq_emo__qbin,8,10,act_bout_median_w2_p90
sdq_emo__qbin,8,11,frac_act_short_w0.5_p90
sdq_emo__qbin,8,12,jerk_peak_ipi_cv
sdq_emo__qbin,8,13,act_bout_median_w10_p50
sdq_emo__qbin,8,14,pitch_domfreq
sdq_emo__qbin,8,15,gyMag_permen_m3
sdq_emo__qbin,8,16,yaw_std
sdq_emo__qbin,8,17,stl_bout_median_w10_p50
sdq_emo__qbin,8,18,act_bout_cv_w2_p30
sdq_emo__qbin,8,19,jerk_domfreq
sdq_emo__qbin,8,20,gyMag_acf_dom_period_s
sdq_emo__qbin,9,1,act_bout_median_w0.5_p80
sdq_emo__qbin,9,2,act_bout_cv_w10_p70
sdq_emo__qbin,9,3,act_bout_median_w2_p70
sdq_emo__qbin,9,4,frac_act_short_w2_p30
sdq_emo__qbin,9,5,stl_bout_median_w10_p10
sdq_emo__qbin,9,6,gyMag_acf_dom_period_s
sdq_emo__qbin,9,7,gyX_min
sdq_emo__qbin,9,8,uaY_skew
sdq_emo__qbin,9,9,jerk_dfa_alpha
sdq_emo__qbin,9,10,jerk_permen_m3
sdq_emo__qbin,9,11,uaZ_range
sdq_emo__qbin,9,12,frac_act_short_w5_p20
sdq_emo__qbin,9,13,act_bout_cv_w10_p20
sdq_emo__qbin,9,14,jerk_acf_dom_period_s
sdq_emo__qbin,9,15,act_bout_cv_w5_p20
sdq_emo__qbin,9,16,frac_act_short_w1_p90
sdq_emo__qbin,9,17,jerk_peak_ipi_cv
sdq_emo__qbin,9,18,pitch_domfreq
sdq_emo__qbin,9,19,frac_act_short_w0.5_p90
sdq_emo__qbin,9,20,stl_bout_median_w10_p50
sdq_emo__qbin,10,1,act_bout_median_w0.5_p80
sdq_emo__qbin,10,2,act_bout_cv_w10_p80
sdq_emo__qbin,10,3,uaMag_domfreq
sdq_emo__qbin,10,4,act_bout_median_w2_p70
sdq_emo__qbin,10,5,stl_bout_median_w10_p10
sdq_emo__qbin,10,6,stl_bout_median_w1_p40
sdq_emo__qbin,10,7,act_bout_cv_w0.5_p10
sdq_emo__qbin,10,8,frac_act_short_w5_p20
sdq_emo__qbin,10,9,pitch_domfreq
sdq_emo__qbin,10,10,uaMag_min
sdq_emo__qbin,10,11,gyX_domfreq
sdq_emo__qbin,10,12,stl_bout_median_w5_p70
sdq_emo__qbin,10,13,act_bout_cv_w2_p20
sdq_emo__qbin,10,14,uaZ_range
sdq_emo__qbin,10,15,jerk_permen_m3
sdq_emo__qbin,10,16,stl_bout_median_w0.5_p60
sdq_emo__qbin,10,17,act_bout_median_w2_p50
sdq_emo__qbin,10,18,jerk_entropy
sdq_emo__qbin,10,19,jerk_peak_ipi_cv
sdq_emo__qbin,10,20,act_bout_median_w5_p20
sdq_emo__qbin,11,1,act_bout_median_w0.5_p80
sdq_emo__qbin,11,2,switch_per_min_w10_p10
sdq_emo__qbin,11,3,uaZ_range
sdq_emo__qbin,11,4,act_bout_cv_w2_p20
sdq_emo__qbin,11,5,jerk_mean
sdq_emo__qbin,11,6,act_bout_median_w2_p70
sdq_emo__qbin,11,7,uaMag_permen_m3
sdq_emo__qbin,11,8,jerk_acf_dom_period_s
sdq_emo__qbin,11,9,act_bout_median_w10_p60
sdq_emo__qbin,11,10,act_bout_cv_w0.5_p20
sdq_emo__qbin,11,11,act_bout_median_w10_p90
sdq_emo__qbin,11,12,jerk_skew
sdq_emo__qbin,11,13,stl_bout_median_w5_p20
sdq_emo__qbin,11,14,act_bout_median_w1_p80
sdq_emo__qbin,11,15,act_bout_median_w5_p90
sdq_emo__qbin,11,16,gyMag_centroid
sdq_emo__qbin,11,17,stl_bout_cv_w2_p40
sdq_emo__qbin,11,18,act_bout_median_w2_p90
sdq_emo__qbin,11,19,frac_act_short_w10_p70
sdq_emo__qbin,11,20,act_bout_median_w0.5_p70
sdq_emo__qbin,12,1,act_bout_median_w0.5_p80
sdq_emo__qbin,12,2,uaMag_domfreq
sdq_emo__qbin,12,3,act_bout_cv_w10_p80
sdq_emo__qbin,12,4,act_bout_median_w2_p70
sdq_emo__qbin,12,5,stl_bout_median_w10_p10
sdq_emo__qbin,12,6,stl_bout_median_w1_p40
sdq_emo__qbin,12,7,act_bout_cv_w2_p30
sdq_emo__qbin,12,8,pitch_domfreq
sdq_emo__qbin,12,9,stl_bout_median_w5_p70
sdq_emo__qbin,12,10,act_bout_median_w2_p20
sdq_emo__qbin,12,11,act_bout_median_w10_p50
sdq_emo__qbin,12,12,act_bout_median_w2_p90
sdq_emo__qbin,12,13,gyY_max
sdq_emo__qbin,12,14,yaw_std
sdq_emo__qbin,12,15,frac_act_short_w1_p90
sdq_emo__qbin,12,16,jerk_peak_ipi_cv
sdq_emo__qbin,12,17,gyMag_permen_m3
sdq_emo__qbin,12,18,act_bout_cv_w2_p20
sdq_emo__qbin,12,19,switch_per_min_w10_p60
sdq_emo__qbin,12,20,frac_act_short_w0.5_p90
sdq_emo__qbin,13,1,act_bout_median_w0.5_p80
sdq_emo__qbin,13,2,switch_per_min_w10_p10
sdq_emo__qbin,13,3,act_bout_median_w2_p70
sdq_emo__qbin,13,4,uaMag_domfreq
sdq_emo__qbin,13,5,stl_bout_median_w10_p10
sdq_emo__qbin,13,6,uaMag_bp_mf
sdq_emo__qbin,13,7,act_bout_cv_w10_p80
sdq_emo__qbin,13,8,yaw_domfreq
sdq_emo__qbin,13,9,jerk_peak_ipi_cv
sdq_emo__qbin,13,10,gyMag_permen_m3
sdq_emo__qbin,13,11,pitch_domfreq
sdq_emo__qbin,13,12,uaX_bp_mf
sdq_emo__qbin,13,13,act_bout_median_w5_p10
sdq_emo__qbin,13,14,act_bout_median_w2_p90
sdq_emo__qbin,13,15,gyY_max
sdq_emo__qbin,13,16,frac_act_short_w0.5_p90
sdq_emo__qbin,13,17,stl_bout_median_w10_p50
sdq_emo__qbin,13,18,yaw_std
sdq_emo__qbin,13,19,act_bout_cv_w5_p80
sdq_emo__qbin,13,20,stl_bout_median_w0.5_p70
sdq_emo__qbin,14,1,act_bout_median_w0.5_p80
sdq_emo__qbin,14,2,uaMag_domfreq
sdq_emo__qbin,14,3,stl_bout_median_w10_p10
sdq_emo__qbin,14,4,act_bout_median_w2_p70
sdq_emo__qbin,14,5,act_bout_cv_w10_p70
sdq_emo__qbin,14,6,yaw_zcr
sdq_emo__qbin,14,7,pitch_domfreq
sdq_emo__qbin,14,8,switch_per_min_w10_p10
sdq_emo__qbin,14,9,gyMag_bp_mf
sdq_emo__qbin,14,10,yaw_std
sdq_emo__qbin,14,11,act_bout_cv_w0.5_p20
sdq_emo__qbin,14,12,gyZ_mean
sdq_emo__qbin,14,13,uaZ_min
sdq_emo__qbin,14,14,roll_bp_lf
sdq_emo__qbin,14,15,jerk_peak_ipi_cv
sdq_emo__qbin,14,16,act_bout_median_w5_p90
sdq_emo__qbin,14,17,gyMag_centroid
sdq_emo__qbin,14,18,stl_bout_median_w5_p70
sdq_emo__qbin,14,19,stl_bout_median_w2_p80
sdq_emo__qbin,14,20,uaZ_range
sdq_emo__qbin,15,1,act_bout_median_w0.5_p80
sdq_emo__qbin,15,2,act_bout_cv_w10_p10
sdq_emo__qbin,15,3,jerk_mean
sdq_emo__qbin,15,4,jerk_permen_m3
sdq_emo__qbin,15,5,switch_per_min_w10_p10
sdq_emo__qbin,15,6,uaZ_range
sdq_emo__qbin,15,7,act_bout_median_w2_p70
sdq_emo__qbin,15,8,stl_bout_median_w5_p70
sdq_emo__qbin,15,9,gyMag_centroid
sdq_emo__qbin,15,10,act_bout_median_w1_p80
sdq_emo__qbin,15,11,stl_bout_cv_w5_p30
sdq_emo__qbin,15,12,act_bout_median_w5_p90
sdq_emo__qbin,15,13,frac_act_short_w2_p90
sdq_emo__qbin,15,14,gyMag_bp_hf
sdq_emo__qbin,15,15,act_bout_cv_w10_p20
sdq_emo__qbin,15,16,uaY_kurt
sdq_emo__qbin,15,17,uaMag_domfreq
sdq_emo__qbin,15,18,stl_bout_median_w10_p10
sdq_emo__qbin,15,19,uaMag_acf_tau_1e_s
sdq_emo__qbin,15,20,act_bout_cv_w10_p80
sdq_emo__qbin,16,1,act_bout_median_w0.5_p80
sdq_emo__qbin,16,2,act_bout_cv_w10_p10
sdq_emo__qbin,16,3,switch_per_min_w10_p10
sdq_emo__qbin,16,4,act_bout_median_w2_p70
sdq_emo__qbin,16,5,act_bout_cv_w2_p20
sdq_emo__qbin,16,6,uaZ_max
sdq_emo__qbin,16,7,act_bout_median_w1_p80
sdq_emo__qbin,16,8,gyY_mean
sdq_emo__qbin,16,9,uaMag_domfreq
sdq_emo__qbin,16,10,act_bout_median_w2_p90
sdq_emo__qbin,16,11,stl_bout_median_w5_p70
sdq_emo__qbin,16,12,act_bout_median_w5_p90
sdq_emo__qbin,16,13,frac_act_short_w1_p90
sdq_emo__qbin,16,14,act_bout_cv_w10_p80
sdq_emo__qbin,16,15,jerk_peak_ipi_cv
sdq_emo__qbin,16,16,frac_act_short_w0.5_p90
sdq_emo__qbin,16,17,act_bout_median_w1_p70
sdq_emo__qbin,16,18,stl_bout_median_w2_p80
sdq_emo__qbin,16,19,uaMag_peak_ipi_med_s
sdq_emo__qbin,16,20,stl_bout_cv_w5_p20
sdq_emo__qbin,17,1,act_bout_median_w0.5_p80
sdq_emo__qbin,17,2,switch_per_min_w10_p10
sdq_emo__qbin,17,3,act_bout_median_w2_p70
sdq_emo__qbin,17,4,uaZ_max
sdq_emo__qbin,17,5,gyX_min
sdq_emo__qbin,17,6,yaw_zcr
sdq_emo__qbin,17,7,frac_act_short_w0.5_p90
sdq_emo__qbin,17,8,switch_per_min_w5_p20
sdq_emo__qbin,17,9,act_bout_median_w5_p90
sdq_emo__qbin,17,10,gyX_domfreq
sdq_emo__qbin,17,11,frac_act_short_w1_p90
sdq_emo__qbin,17,12,act_bout_cv_w10_p80
sdq_emo__qbin,17,13,stl_bout_median_w10_p10
sdq_emo__qbin,17,14,jerk_domfreq
sdq_emo__qbin,17,15,jerk_acf_dom_period_s
sdq_emo__qbin,17,16,uaMag_domfreq
sdq_emo__qbin,17,17,act_bout_median_w10_p30
sdq_emo__qbin,17,18,gyZ_median
sdq_emo__qbin,17,19,yaw_kurt
sdq_emo__qbin,17,20,frac_act_short_w2_p20
sdq_emo__qbin,18,1,act_bout_median_w0.5_p80
sdq_emo__qbin,18,2,switch_per_min_w1_p10
sdq_emo__qbin,18,3,act_bout_median_w2_p70
sdq_emo__qbin,18,4,switch_per_min_w10_p10
sdq_emo__qbin,18,5,uaMag_domfreq
sdq_emo__qbin,18,6,stl_bout_median_w10_p10
sdq_emo__qbin,18,7,gyMag_bp_mf
sdq_emo__qbin,18,8,act_bout_median_w5_p90
sdq_emo__qbin,18,9,stl_bout_median_w5_p70
sdq_emo__qbin,18,10,act_bout_cv_w10_p80
sdq_emo__qbin,18,11,gyMag_centroid
sdq_emo__qbin,18,12,act_bout_cv_w2_p20
sdq_emo__qbin,18,13,jerk_peak_ipi_cv
sdq_emo__qbin,18,14,frac_act_short_w0.5_p90
sdq_emo__qbin,18,15,yaw_zcr
sdq_emo__qbin,18,16,act_bout_median_w2_p90
sdq_emo__qbin,18,17,gyY_max
sdq_emo__qbin,18,18,act_bout_cv_w5_p80
sdq_emo__qbin,18,19,act_bout_cv_w1_p80
sdq_emo__qbin,18,20,gyMag_bp_hf
sdq_emo__qbin,19,1,act_bout_median_w0.5_p80
sdq_emo__qbin,19,2,uaMag_domfreq
sdq_emo__qbin,19,3,stl_bout_median_w10_p10
sdq_emo__qbin,19,4,act_bout_median_w2_p70
sdq_emo__qbin,19,5,act_bout_cv_w10_p70
sdq_emo__qbin,19,6,act_bout_cv_w5_p20
sdq_emo__qbin,19,7,switch_per_min_w10_p10
sdq_emo__qbin,19,8,act_bout_cv_w2_p20
sdq_emo__qbin,19,9,gyY_max
sdq_emo__qbin,19,10,act_bout_median_w2_p90
sdq_emo__qbin,19,11,stl_bout_cv_w2_p50
sdq_emo__qbin,19,12,pitch_domfreq
sdq_emo__qbin,19,13,stl_bout_median_w5_p70
sdq_emo__qbin,19,14,stl_bout_median_w0.5_p90
sdq_emo__qbin,19,15,switch_per_min_w5_p20
sdq_emo__qbin,19,16,act_bout_cv_w0.5_p20
sdq_emo__qbin,19,17,jerk_peak_ipi_cv
sdq_emo__qbin,19,18,gyMag_permen_m3
sdq_emo__qbin,19,19,act_bout_median_w10_p50
sdq_emo__qbin,19,20,act_bout_cv_w1_p80
sdq_emo__qbin,20,1,act_bout_median_w0.5_p80
sdq_emo__qbin,20,2,stl_bout_median_w10_p10
sdq_emo__qbin,20,3,uaMag_domfreq
sdq_emo__qbin,20,4,act_bout_median_w2_p70
sdq_emo__qbin,20,5,stl_bout_median_w1_p40
sdq_emo__qbin,20,6,act_bout_cv_w2_p30
sdq_emo__qbin,20,7,pitch_domfreq
sdq_emo__qbin,20,8,gyY_std
sdq_emo__qbin,20,9,uaMag_permen_m3
sdq_emo__qbin,20,10,gyZ_mean
sdq_emo__qbin,20,11,jerk_acf_dom_period_s
sdq_emo__qbin,20,12,act_bout_median_w10_p60
sdq_emo__qbin,20,13,stl_bout_cv_w2_p80
sdq_emo__qbin,20,14,jerk_peak_ipi_med_s
sdq_emo__qbin,20,15,act_bout_cv_w0.5_p20
sdq_emo__qbin,20,16,switch_per_min_w10_p50
sdq_emo__qbin,20,17,stl_bout_median_w2_p80
sdq_emo__qbin,20,18,stl_bout_median_w5_p30
sdq_emo__qbin,20,19,yaw_zcr
sdq_emo__qbin,20,20,gyMag_acf_dom_period_s
sdq_emo__qbin,21,1,act_bout_median_w0.5_p80
sdq_emo__qbin,21,2,yaw_max
sdq_emo__qbin,21,3,act_bout_median_w2_p70
sdq_emo__qbin,21,4,switch_per_min_w10_p10
sdq_emo__qbin,21,5,gyZ_min
sdq_emo__qbin,21,6,gyMag_bp_mf
sdq_emo__qbin,21,7,jerk_peak_ipi_cv
sdq_emo__qbin,21,8,act_bout_median_w5_p90
sdq_emo__qbin,21,9,frac_act_short_w0.5_p90
sdq_emo__qbin,21,10,gyMag_centroid
sdq_emo__qbin,21,11,jerk_peak_rate_min
sdq_emo__qbin,21,12,gyMag_acf_dom_period_s
sdq_emo__qbin,21,13,gyMag_bp_hf
sdq_emo__qbin,21,14,uaY_skew
sdq_emo__qbin,21,15,stl_bout_median_w5_p70
sdq_emo__qbin,21,16,uaMag_domfreq
sdq_emo__qbin,21,17,stl_bout_median_w10_p10
sdq_emo__qbin,21,18,pitch_bp_lf
sdq_emo__qbin,21,19,act_bout_median_w2_p50
sdq_emo__qbin,21,20,uaMag_min
sdq_emo__qbin,22,1,act_bout_median_w0.5_p80
sdq_emo__qbin,22,2,act_bout_cv_w10_p80
sdq_emo__qbin,22,3,act_bout_median_w0.5_p40
sdq_emo__qbin,22,4,uaMag_domfreq
sdq_emo__qbin,22,5,act_bout_median_w2_p70
sdq_emo__qbin,22,6,stl_bout_median_w10_p10
sdq_emo__qbin,22,7,gyMag_bp_hf
sdq_emo__qbin,22,8,uaY_max
sdq_emo__qbin,22,9,act_bout_cv_w2_p20
sdq_emo__qbin,22,10,jerk_peak_ipi_cv
sdq_emo__qbin,22,11,frac_act_short_w0.5_p90
sdq_emo__qbin,22,12,act_bout_median_w5_p90
sdq_emo__qbin,22,13,gyMag_centroid
sdq_emo__qbin,22,14,switch_per_min_w5_p20
sdq_emo__qbin,22,15,stl_bout_median_w5_p70
sdq_emo__qbin,22,16,stl_bout_cv_w5_p90
sdq_emo__qbin,22,17,yaw_std
sdq_emo__qbin,22,18,act_bout_median_w2_p90
sdq_emo__qbin,22,19,gyMag_permen_m3
sdq_emo__qbin,22,20,pitch_domfreq
sdq_emo__qbin,23,1,act_bout_median_w0.5_p80
sdq_emo__qbin,23,2,uaMag_domfreq
sdq_emo__qbin,23,3,stl_bout_median_w10_p10
sdq_emo__qbin,23,4,act_bout_median_w2_p70
sdq_emo__qbin,23,5,act_bout_cv_w10_p80
sdq_emo__qbin,23,6,act_bout_median_w10_p50
sdq_emo__qbin,23,7,jerk_acf_dom_period_s
sdq_emo__qbin,23,8,gyMag_acf_dom_period_s
sdq_emo__qbin,23,9,gyX_min
sdq_emo__qbin,23,10,act_bout_cv_w5_p20
sdq_emo__qbin,23,11,act_bout_cv_w10_p10
sdq_emo__qbin,23,12,switch_per_min_w10_p50
sdq_emo__qbin,23,13,act_bout_median_w2_p50
sdq_emo__qbin,23,14,stl_bout_median_w5_p50
sdq_emo__qbin,23,15,pitch_bp_lf
sdq_emo__qbin,23,16,act_bout_median_w5_p40
sdq_emo__qbin,23,17,yaw_std
sdq_emo__qbin,23,18,gyZ_mean
sdq_emo__qbin,23,19,act_bout_cv_w2_p20
sdq_emo__qbin,23,20,pitch_madiff
sdq_cond__qbin,0,1,gyX_min
sdq_cond__qbin,0,2,stl_bout_cv_w10_p50
sdq_cond__qbin,0,3,uaMag_peak_rate_min
sdq_cond__qbin,0,4,uaY_max
sdq_cond__qbin,0,5,uaMag_bp_hf
sdq_cond__qbin,0,6,act_bout_median_w1_p80
sdq_cond__qbin,0,7,roll_median
sdq_cond__qbin,0,8,uaMag_bp_mf
sdq_cond__qbin,0,9,gyMag_skew
sdq_cond__qbin,0,10,uaX_min
sdq_cond__qbin,0,11,uaZ_domfreq
sdq_cond__qbin,0,12,uaX_kurt
sdq_cond__qbin,0,13,stl_bout_cv_w10_p70
sdq_cond__qbin,0,14,actbout_med_p10
sdq_cond__qbin,0,15,uaY_kurt
sdq_cond__qbin,0,16,jerk_entropy
sdq_cond__qbin,0,17,pitch_domfreq
sdq_cond__qbin,0,18,stl_bout_cv_w5_p60
sdq_cond__qbin,0,19,roll_min
sdq_cond__qbin,0,20,roll_skew
sdq_cond__qbin,1,1,gyX_min
sdq_cond__qbin,1,2,stl_bout_cv_w10_p50
sdq_cond__qbin,1,3,uaMag_peak_rate_min
sdq_cond__qbin,1,4,uaY_max
sdq_cond__qbin,1,5,uaMag_bp_hf
sdq_cond__qbin,1,6,roll_skew
sdq_cond__qbin,1,7,switch_per_min_w0.5_p10
sdq_cond__qbin,1,8,uaX_kurt
sdq_cond__qbin,1,9,uaZ_domfreq
sdq_cond__qbin,1,10,uaX_min
sdq_cond__qbin,1,11,act_bout_cv_w10_p30
sdq_cond__qbin,1,12,pitch_domfreq
sdq_cond__qbin,1,13,act_bout_cv_w10_p50
sdq_cond__qbin,1,14,roll_median
sdq_cond__qbin,1,15,uaMag_bp_mf
sdq_cond__qbin,1,16,act_bout_cv_w10_p70
sdq_cond__qbin,1,17,yaw_bp_lf
sdq_cond__qbin,1,18,stl_bout_cv_w10_p60
sdq_cond__qbin,1,19,uaX_range
sdq_cond__qbin,1,20,uaMag_skew
sdq_cond__qbin,2,1,gyX_min
sdq_cond__qbin,2,2,stl_bout_cv_w10_p50
sdq_cond__qbin,2,3,uaMag_peak_rate_min
sdq_cond__qbin,2,4,uaY_max
sdq_cond__qbin,2,5,uaY_kurt
sdq_cond__qbin,2,6,roll_median
sdq_cond__qbin,2,7,uaMag_bp_mf
sdq_cond__qbin,2,8,uaX_min
sdq_cond__qbin,2,9,pitch_domfreq
sdq_cond__qbin,2,10,gyMag_skew
sdq_cond__qbin,2,11,roll_skew
sdq_cond__qbin,2,12,yaw_bp_lf
sdq_cond__qbin,2,13,gyMag_bp_hf
sdq_cond__qbin,2,14,act_bout_cv_w0.5_p30
sdq_cond__qbin,2,15,stl_bout_median_w1_p10
sdq_cond__qbin,2,16,uaZ_domfreq
sdq_cond__qbin,2,17,uaX_kurt
sdq_cond__qbin,2,18,act_bout_cv_w10_p30
sdq_cond__qbin,2,19,stl_bout_cv_w10_p60
sdq_cond__qbin,2,20,act_bout_cv_w10_p50
sdq_cond__qbin,3,1,gyX_min
sdq_cond__qbin,3,2,stl_bout_cv_w10_p50
sdq_cond__qbin,3,3,uaMag_peak_rate_min
sdq_cond__qbin,3,4,uaY_max
sdq_cond__qbin,3,5,uaY_kurt
sdq_cond__qbin,3,6,roll_median
sdq_cond__qbin,3,7,switch_per_min_w0.5_p10
sdq_cond__qbin,3,8,roll_skew
sdq_cond__qbin,3,9,uaMag_bp_hf
sdq_cond__qbin,3,10,stl_bout_median_w5_p10
sdq_cond__qbin,3,11,uaZ_domfreq
sdq_cond__qbin,3,12,uaX_min
sdq_cond__qbin,3,13,uaMag_bp_mf
sdq_cond__qbin,3,14,actbout_med_p10
sdq_cond__qbin,3,15,pitch_domfreq
sdq_cond__qbin,3,16,yaw_bp_lf
sdq_cond__qbin,3,17,uaX_kurt
sdq_cond__qbin,3,18,act_bout_cv_w10_p70
sdq_cond__qbin,3,19,stl_bout_cv_w10_p60
sdq_cond__qbin,3,20,roll_mean
sdq_cond__qbin,4,1,gyX_min
sdq_cond__qbin,4,2,stl_bout_cv_w10_p50
sdq_cond__qbin,4,3,uaX_bp_mf
sdq_cond__qbin,4,4,uaY_max
sdq_cond__qbin,4,5,stl_bout_median_w1_p10
sdq_cond__qbin,4,6,gyMag_peak_rate_min
sdq_cond__qbin,4,7,roll_skew
sdq_cond__qbin,4,8,uaX_bp_lf
sdq_cond__qbin,4,9,jerk_spread
sdq_cond__qbin,4,10,pitch_domfreq
sdq_cond__qbin,4,11,uaY_kurt
sdq_cond__qbin,4,12,jerk_zcr
sdq_cond__qbin,4,13,actbout_med_p10
sdq_cond__qbin,4,14,roll_median
sdq_cond__qbin,4,15,uaMag_skew
sdq_cond__qbin,4,16,act_bout_cv_w10_p70
sdq_cond__qbin,4,17,uaX_min
sdq_cond__qbin,4,18,stl_bout_cv_w10_p40
sdq_cond__qbin,4,19,uaMag_peak_amp_cv
sdq_cond__qbin,4,20,roll_mean
sdq_cond__qbin,5,1,stl_bout_cv_w10_p50
sdq_cond__qbin,5,2,gyX_min
sdq_cond__qbin,5,3,uaMag_bp_mf
sdq_cond__qbin,5,4,pitch_min
sdq_cond__qbin,5,5,uaY_max
sdq_cond__qbin,5,6,uaMag_peak_rate_min
sdq_cond__qbin,5,7,uaY_kurt
sdq_cond__qbin,5,8,roll_median
sdq_cond__qbin,5,9,actbout_med_p10
sdq_cond__qbin,5,10,gyX_bp_mf
sdq_cond__qbin,5,11,uaZ_domfreq
sdq_cond__qbin,5,12,pitch_domfreq
sdq_cond__qbin,5,13,yaw_bp_lf
sdq_cond__qbin,5,14,gyMag_bp_hf
sdq_cond__qbin,5,15,roll_skew
sdq_cond__qbin,5,16,yaw_madiff
sdq_cond__qbin,5,17,stl_bout_cv_w10_p60
sdq_cond__qbin,5,18,uaX_range
sdq_cond__qbin,5,19,act_bout_cv_w10_p30
sdq_cond__qbin,5,20,act_bout_cv_w10_p50
sdq_cond__qbin,6,1,gyX_min
sdq_cond__qbin,6,2,stl_bout_cv_w10_p50
sdq_cond__qbin,6,3,uaMag_peak_rate_min
sdq_cond__qbin,6,4,uaY_max
sdq_cond__qbin,6,5,uaX_kurt
sdq_cond__qbin,6,6,roll_median
sdq_cond__qbin,6,7,uaMag_spread
sdq_cond__qbin,6,8,act_bout_median_w0.5_p20
sdq_cond__qbin,6,9,uaX_min
sdq_cond__qbin,6,10,stl_bout_cv_w10_p60
sdq_cond__qbin,6,11,act_bout_cv_w10_p30
sdq_cond__qbin,6,12,uaMag_skew
sdq_cond__qbin,6,13,uaMag_bp_mf
sdq_cond__qbin,6,14,uaX_range
sdq_cond__qbin,6,15,gyMag_skew
sdq_cond__qbin,6,16,act_bout_median_w2_p80
sdq_cond__qbin,6,17,uaZ_domfreq
sdq_cond__qbin,6,18,act_bout_cv_w5_p10
sdq_cond__qbin,6,19,jerk_domfreq
sdq_cond__qbin,6,20,jerk_entropy
sdq_cond__qbin,7,1,gyX_min
sdq_cond__qbin,7,2,stl_bout_cv_w10_p50
sdq_cond__qbin,7,3,uaMag_peak_rate_min
sdq_cond__qbin,7,4,uaY_max
sdq_cond__qbin,7,5,uaMag_bp_hf
sdq_cond__qbin,7,6,roll_skew
sdq_cond__qbin,7,7,yaw_bp_lf
sdq_cond__qbin,7,8,stl_bout_median_w1_p10
sdq_cond__qbin,7,9,uaX_kurt
sdq_cond__qbin,7,10,stl_bout_cv_w2_p30
sdq_cond__qbin,7,11,act_bout_cv_w10_p50
sdq_cond__qbin,7,12,uaX_min
sdq_cond__qbin,7,13,stl_bout_cv_w10_p60
sdq_cond__qbin,7,14,uaZ_domfreq
sdq_cond__qbin,7,15,roll_median
sdq_cond__qbin,7,16,actbout_med_p10
sdq_cond__qbin,7,17,uaY_kurt
sdq_cond__qbin,7,18,gyX_bp_mf
sdq_cond__qbin,7,19,uaMag_bp_mf
sdq_cond__qbin,7,20,yaw_zcr
sdq_cond__qbin,8,1,gyX_min
sdq_cond__qbin,8,2,stl_bout_cv_w10_p50
sdq_cond__qbin,8,3,uaMag_peak_rate_min
sdq_cond__qbin,8,4,uaY_max
sdq_cond__qbin,8,5,uaMag_bp_hf
sdq_cond__qbin,8,6,roll_skew
sdq_cond__qbin,8,7,switch_per_min_w0.5_p10
sdq_cond__qbin,8,8,yaw_bp_lf
sdq_cond__qbin,8,9,jerk_acf_dom_period_s
sdq_cond__qbin,8,10,uaX_kurt
sdq_cond__qbin,8,11,roll_median
sdq_cond__qbin,8,12,act_bout_cv_w10_p70
sdq_cond__qbin,8,13,uaZ_domfreq
sdq_cond__qbin,8,14,uaX_min
sdq_cond__qbin,8,15,uaMag_bp_mf
sdq_cond__qbin,8,16,gyMag_skew
sdq_cond__qbin,8,17,actbout_med_p10
sdq_cond__qbin,8,18,roll_mean
sdq_cond__qbin,8,19,gyX_centroid
sdq_cond__qbin,8,20,act_bout_cv_w10_p30
sdq_cond__qbin,9,1,gyX_min
sdq_cond__qbin,9,2,stl_bout_median_w2_p10
sdq_cond__qbin,9,3,switch_per_min_w0.5_p10
sdq_cond__qbin,9,4,uaX_bp_mf
sdq_cond__qbin,9,5,roll_skew
sdq_cond__qbin,9,6,stl_bout_cv_w10_p50
sdq_cond__qbin,9,7,jerk_peak_amp_cv
sdq_cond__qbin,9,8,uaZ_domfreq
sdq_cond__qbin,9,9,roll_median
sdq_cond__qbin,9,10,uaX_kurt
sdq_cond__qbin,9,11,uaY_max
sdq_cond__qbin,9,12,uaMag_peak_rate_min
sdq_cond__qbin,9,13,pitch_domfreq
sdq_cond__qbin,9,14,stl_bout_median_w10_p70
sdq_cond__qbin,9,15,stl_bout_cv_w2_p30
sdq_cond__qbin,9,16,stl_bout_median_w0.5_p80
sdq_cond__qbin,9,17,gyX_bp_mf
sdq_cond__qbin,9,18,uaMag_bp_mf
sdq_cond__qbin,9,19,uaX_min
sdq_cond__qbin,9,20,yaw_bp_lf
sdq_cond__qbin,10,1,gyX_min
sdq_cond__qbin,10,2,stl_bout_cv_w10_p50
sdq_cond__qbin,10,3,uaMag_peak_rate_min
sdq_cond__qbin,10,4,uaY_max
sdq_cond__qbin,10,5,uaY_kurt
sdq_cond__qbin,10,6,roll_skew
sdq_cond__qbin,10,7,switch_per_min_w0.5_p10
sdq_cond__qbin,10,8,uaX_kurt
sdq_cond__qbin,10,9,roll_mad
sdq_cond__qbin,10,10,uaZ_domfreq
sdq_cond__qbin,10,11,jerk_domfreq
sdq_cond__qbin,10,12,uaMag_bp_mf
sdq_cond__qbin,10,13,uaX_min
sdq_cond__qbin,10,14,stl_bout_median_w0.5_p50
sdq_cond__qbin,10,15,pitch_domfreq
sdq_cond__qbin,10,16,yaw_bp_lf
sdq_cond__qbin,10,17,stl_bout_median_w1_p10
sdq_cond__qbin,10,18,stl_bout_cv_w10_p60
sdq_cond__qbin,10,19,roll_median
sdq_cond__qbin,10,20,act_bout_cv_w10_p70
sdq_cond__qbin,11,1,uaX_range
sdq_cond__qbin,11,2,act_bout_cv_w5_p10
sdq_cond__qbin,11,3,roll_skew
sdq_cond__qbin,11,4,gyX_centroid
sdq_cond__qbin,11,5,stl_bout_median_w0.5_p60
sdq_cond__qbin,11,6,stl_bout_cv_w10_p50
sdq_cond__qbin,11,7,gyMag_peak_rate_min
sdq_cond__qbin,11,8,uaMag_peak_rate_min
sdq_cond__qbin,11,9,pitch_domfreq
sdq_cond__qbin,11,10,uaY_kurt
sdq_cond__qbin,11,11,actbout_med_p10
sdq_cond__qbin,11,12,uaX_min
sdq_cond__qbin,11,13,uaZ_domfreq
sdq_cond__qbin,11,14,act_bout_cv_w10_p30
sdq_cond__qbin,11,15,uaMag_bp_mf
sdq_cond__qbin,11,16,uaY_max
sdq_cond__qbin,11,17,act_bout_median_w5_p10
sdq_cond__qbin,11,18,pitch_min
sdq_cond__qbin,11,19,gyMag_bp_hf
sdq_cond__qbin,11,20,roll_median
sdq_cond__qbin,12,1,act_bout_cv_w5_p10
sdq_cond__qbin,12,2,gyX_min
sdq_cond__qbin,12,3,uaMag_bp_mf
sdq_cond__qbin,12,4,roll_skew
sdq_cond__qbin,12,5,uaY_max
sdq_cond__qbin,12,6,actbout_med_p40
sdq_cond__qbin,12,7,stl_bout_cv_w10_p60
sdq_cond__qbin,12,8,uaX_range
sdq_cond__qbin,12,9,yaw_madiff
sdq_cond__qbin,12,10,gyMag_bp_hf
sdq_cond__qbin,12,11,uaMag_peak_rate_min
sdq_cond__qbin,12,12,stl_bout_cv_w10_p70
sdq_cond__qbin,12,13,uaY_range
sdq_cond__qbin,12,14,act_bout_median_w2_p80
sdq_cond__qbin,12,15,roll_median
sdq_cond__qbin,12,16,uaZ_domfreq
sdq_cond__qbin,12,17,pitch_domfreq
sdq_cond__qbin,12,18,uaX_kurt
sdq_cond__qbin,12,19,actbout_med_p10
sdq_cond__qbin,12,20,uaX_min
sdq_cond__qbin,13,1,gyX_min
sdq_cond__qbin,13,2,stl_bout_cv_w10_p50
sdq_cond__qbin,13,3,uaMag_peak_rate_min
sdq_cond__qbin,13,4,act_bout_cv_w10_p30
sdq_cond__qbin,13,5,uaY_max
sdq_cond__qbin,13,6,uaX_kurt
sdq_cond__qbin,13,7,roll_median
sdq_cond__qbin,13,8,stl_bout_median_w10_p70
sdq_cond__qbin,13,9,uaMag_bp_mf
sdq_cond__qbin,13,10,uaX_range
sdq_cond__qbin,13,11,yaw_madiff
sdq_cond__qbin,13,12,uaX_min
sdq_cond__qbin,13,13,uaY_range
sdq_cond__qbin,13,14,pitch_domfreq
sdq_cond__qbin,13,15,stl_bout_median_w1_p10
sdq_cond__qbin,13,16,stl_bout_cv_w10_p60
sdq_cond__qbin,13,17,yaw_bp_lf
sdq_cond__qbin,13,18,roll_skew
sdq_cond__qbin,13,19,gyMag_bp_hf
sdq_cond__qbin,13,20,actbout_med_p10
sdq_cond__qbin,14,1,uaX_bp_lf
sdq_cond__qbin,14,2,stl_bout_cv_w10_p50
sdq_cond__qbin,14,3,yaw_bp_lf
sdq_cond__qbin,14,4,uaY_max
sdq_cond__qbin,14,5,uaX_range
sdq_cond__qbin,14,6,switch_per_min_w1_p10
sdq_cond__qbin,14,7,roll_median
sdq_cond__qbin,14,8,uaX_kurt
sdq_cond__qbin,14,9,switch_per_min_w0.5_p10
sdq_cond__qbin,14,10,jerk_acf_dom_period_s
sdq_cond__qbin,14,11,yaw_madiff
sdq_cond__qbin,14,12,jerk_mean
sdq_cond__qbin,14,13,uaMag_peak_rate_min
sdq_cond__qbin,14,14,stl_bout_cv_w10_p90
sdq_cond__qbin,14,15,gyX_min
sdq_cond__qbin,14,16,roll_skew
sdq_cond__qbin,14,17,uaMag_skew
sdq_cond__qbin,14,18,uaX_min
sdq_cond__qbin,14,19,uaMag_bp_mf
sdq_cond__qbin,14,20,actbout_med_p10
sdq_cond__qbin,15,1,uaX_bp_lf
sdq_cond__qbin,15,2,stl_bout_cv_w10_p50
sdq_cond__qbin,15,3,gyX_min
sdq_cond__qbin,15,4,uaMag_peak_rate_min
sdq_cond__qbin,15,5,act_bout_median_w0.5_p20
sdq_cond__qbin,15,6,uaMag_bp_hf
sdq_cond__qbin,15,7,act_bout_cv_w10_p30
sdq_cond__qbin,15,8,uaY_max
sdq_cond__qbin,15,9,uaX_min
sdq_cond__qbin,15,10,uaMag_bp_mf
sdq_cond__qbin,15,11,gyMag_skew
sdq_cond__qbin,15,12,roll_skew
sdq_cond__qbin,15,13,uaZ_domfreq
sdq_cond__qbin,15,14,act_bout_median_w2_p80
sdq_cond__qbin,15,15,pitch_domfreq
sdq_cond__qbin,15,16,uaX_kurt
sdq_cond__qbin,15,17,actbout_med_p10
sdq_cond__qbin,15,18,yaw_bp_lf
sdq_cond__qbin,15,19,stl_bout_cv_w10_p60
sdq_cond__qbin,15,20,stl_bout_median_w1_p10
sdq_cond__qbin,16,1,uaX_bp_lf
sdq_cond__qbin,16,2,stl_bout_cv_w10_p50
sdq_cond__qbin,16,3,roll_skew
sdq_cond__qbin,16,4,switch_per_min_w5_p20
sdq_cond__qbin,16,5,stl_bout_median_w0.5_p40
sdq_cond__qbin,16,6,roll_domfreq
sdq_cond__qbin,16,7,switch_per_min_w2_p20
sdq_cond__qbin,16,8,uaX_bp_mf
sdq_cond__qbin,16,9,yaw_std
sdq_cond__qbin,16,10,roll_median
sdq_cond__qbin,16,11,stl_bout_cv_w10_p70
sdq_cond__qbin,16,12,pitch_min
sdq_cond__qbin,16,13,stl_bout_median_w2_p20
sdq_cond__qbin,16,14,yaw_madiff
sdq_cond__qbin,16,15,uaX_min
sdq_cond__qbin,16,16,act_bout_median_w1_p10
sdq_cond__qbin,16,17,switch_per_min_w5_p30
sdq_cond__qbin,16,18,pitch_domfreq
sdq_cond__qbin,16,19,act_bout_cv_w10_p70
sdq_cond__qbin,16,20,yaw_bp_lf
sdq_cond__qbin,17,1,gyX_min
sdq_cond__qbin,17,2,stl_bout_cv_w10_p50
sdq_cond__qbin,17,3,uaMag_peak_rate_min
sdq_cond__qbin,17,4,uaY_max
sdq_cond__qbin,17,5,uaMag_bp_hf
sdq_cond__qbin,17,6,roll_skew
sdq_cond__qbin,17,7,switch_per_min_w0.5_p10
sdq_cond__qbin,17,8,yaw_bp_lf
sdq_cond__qbin,17,9,pitch_domfreq
sdq_cond__qbin,17,10,uaX_min
sdq_cond__qbin,17,11,gyX_bp_lf
sdq_cond__qbin,17,12,act_bout_cv_w10_p50
sdq_cond__qbin,17,13,act_bout_cv_w10_p30
sdq_cond__qbin,17,14,uaZ_domfreq
sdq_cond__qbin,17,15,uaX_kurt
sdq_cond__qbin,17,16,roll_median
sdq_cond__qbin,17,17,actbout_med_p10
sdq_cond__qbin,17,18,jerk_kurt
sdq_cond__qbin,17,19,stl_bout_cv_w10_p60
sdq_cond__qbin,17,20,act_bout_cv_w10_p70
sdq_cond__qbin,18,1,gyX_min
sdq_cond__qbin,18,2,stl_bout_cv_w10_p50
sdq_cond__qbin,18,3,uaMag_peak_rate_min
sdq_cond__qbin,18,4,uaY_max
sdq_cond__qbin,18,5,uaMag_bp_hf
sdq_cond__qbin,18,6,roll_skew
sdq_cond__qbin,18,7,switch_per_min_w0.5_p10
sdq_cond__qbin,18,8,yaw_bp_lf
sdq_cond__qbin,18,9,pitch_domfreq
sdq_cond__qbin,18,10,uaX_min
sdq_cond__qbin,18,11,stl_bout_median_w1_p10
sdq_cond__qbin,18,12,uaX_kurt
sdq_cond__qbin,18,13,uaZ_domfreq
sdq_cond__qbin,18,14,uaMag_spread
sdq_cond__qbin,18,15,act_bout_median_w2_p80
sdq_cond__qbin,18,16,stl_bout_cv_w10_p60
sdq_cond__qbin,18,17,act_bout_cv_w10_p30
sdq_cond__qbin,18,18,act_bout_cv_w10_p50
sdq_cond__qbin,18,19,roll_median
sdq_cond__qbin,18,20,gyX_centroid
sdq_cond__qbin,19,1,gyX_min
sdq_cond__qbin,19,2,stl_bout_cv_w10_p50
sdq_cond__qbin,19,3,pitch_min
sdq_cond__qbin,19,4,uaMag_bp_mf
sdq_cond__qbin,19,5,uaX_min
sdq_cond__qbin,19,6,uaY_max
sdq_cond__qbin,19,7,yaw_madiff
sdq_cond__qbin,19,8,stl_bout_median_w1_p10
sdq_cond__qbin,19,9,act_bout_cv_w0.5_p10
sdq_cond__qbin,19,10,stl_bout_cv_w10_p70
sdq_cond__qbin,19,11,uaX_range
sdq_cond__qbin,19,12,roll_skew
sdq_cond__qbin,19,13,uaX_kurt
sdq_cond__qbin,19,14,yaw_bp_lf
sdq_cond__qbin,19,15,pitch_domfreq
sdq_cond__qbin,19,16,jerk_domfreq
sdq_cond__qbin,19,17,uaZ_domfreq
sdq_cond__qbin,19,18,gyMag_bp_hf
sdq_cond__qbin,19,19,actbout_med_p10
sdq_cond__qbin,19,20,roll_mad
sdq_cond__qbin,20,1,gyX_min
sdq_cond__qbin,20,2,stl_bout_cv_w10_p50
sdq_cond__qbin,20,3,uaMag_peak_rate_min
sdq_cond__qbin,20,4,uaY_max
sdq_cond__qbin,20,5,roll_skew
sdq_cond__qbin,20,6,switch_per_min_w0.5_p10
sdq_cond__qbin,20,7,uaMag_bp_hf
sdq_cond__qbin,20,8,roll_median
sdq_cond__qbin,20,9,gyX_bp_mf
sdq_cond__qbin,20,10,uaX_min
sdq_cond__qbin,20,11,uaZ_domfreq
sdq_cond__qbin,20,12,uaX_kurt
sdq_cond__qbin,20,13,actbout_med_p10
sdq_cond__qbin,20,14,pitch_domfreq
sdq_cond__qbin,20,15,yaw_bp_lf
sdq_cond__qbin,20,16,uaMag_bp_mf
sdq_cond__qbin,20,17,act_bout_cv_w10_p70
sdq_cond__qbin,20,18,act_bout_cv_w10_p30
sdq_cond__qbin,20,19,act_bout_cv_w10_p50
sdq_cond__qbin,20,20,stl_bout_cv_w10_p60
sdq_cond__qbin,21,1,gyX_centroid
sdq_cond__qbin,21,2,stl_bout_cv_w10_p70
sdq_cond__qbin,21,3,roll_skew
sdq_cond__qbin,21,4,stl_bout_median_w1_p10
sdq_cond__qbin,21,5,gyX_min
sdq_cond__qbin,21,6,actbout_med_p40
sdq_cond__qbin,21,7,uaMag_bp_mf
sdq_cond__qbin,21,8,uaY_max
sdq_cond__qbin,21,9,jerk_mean
sdq_cond__qbin,21,10,stl_bout_median_w2_p80
sdq_cond__qbin,21,11,pitch_domfreq
sdq_cond__qbin,21,12,uaX_min
sdq_cond__qbin,21,13,gyX_bp_mf
sdq_cond__qbin,21,14,act_bout_cv_w10_p70
sdq_cond__qbin,21,15,gyMag_bp_hf
sdq_cond__qbin,21,16,yaw_madiff
sdq_cond__qbin,21,17,roll_median
sdq_cond__qbin,21,18,uaMag_peak_rate_min
sdq_cond__qbin,21,19,stl_bout_median_w1_p80
sdq_cond__qbin,21,20,uaY_kurt
sdq_cond__qbin,22,1,uaX_bp_mf
sdq_cond__qbin,22,2,stl_bout_cv_w10_p70
sdq_cond__qbin,22,3,uaX_range
sdq_cond__qbin,22,4,roll_skew
sdq_cond__qbin,22,5,gyX_min
sdq_cond__qbin,22,6,act_bout_median_w0.5_p20
sdq_cond__qbin,22,7,gyX_centroid
sdq_cond__qbin,22,8,stl_bout_cv_w10_p50
sdq_cond__qbin,22,9,yaw_madiff
sdq_cond__qbin,22,10,uaY_max
sdq_cond__qbin,22,11,uaMag_peak_rate_min
sdq_cond__qbin,22,12,gyMag_bp_hf
sdq_cond__qbin,22,13,uaX_min
sdq_cond__qbin,22,14,uaY_range
sdq_cond__qbin,22,15,uaMag_bp_mf
sdq_cond__qbin,22,16,act_bout_cv_w10_p30
sdq_cond__qbin,22,17,act_bout_median_w2_p80
sdq_cond__qbin,22,18,pitch_domfreq
sdq_cond__qbin,22,19,act_bout_cv_w10_p50
sdq_cond__qbin,22,20,yaw_bp_lf
sdq_cond__qbin,23,1,gyX_min
sdq_cond__qbin,23,2,stl_bout_cv_w10_p50
sdq_cond__qbin,23,3,uaMag_peak_rate_min
sdq_cond__qbin,23,4,uaY_max
sdq_cond__qbin,23,5,uaMag_bp_hf
sdq_cond__qbin,23,6,roll_skew
sdq_cond__qbin,23,7,switch_per_min_w0.5_p10
sdq_cond__qbin,23,8,yaw_bp_lf
sdq_cond__qbin,23,9,pitch_domfreq
sdq_cond__qbin,23,10,uaX_min
sdq_cond__qbin,23,11,stl_bout_median_w1_p10
sdq_cond__qbin,23,12,uaMag_spread
sdq_cond__qbin,23,13,uaX_kurt
sdq_cond__qbin,23,14,uaZ_domfreq
sdq_cond__qbin,23,15,act_bout_cv_w10_p30
sdq_cond__qbin,23,16,act_bout_cv_w10_p50
sdq_cond__qbin,23,17,roll_median
sdq_cond__qbin,23,18,act_bout_median_w5_p80
sdq_cond__qbin,23,19,uaMag_skew
sdq_cond__qbin,23,20,stl_bout_cv_w10_p60
sdq_peer__qbin,0,1,stl_bout_cv_w10_p10
sdq_peer__qbin,0,2,stl_bout_cv_w5_p40
sdq_peer__qbin,0,3,gyZ_mean
sdq_peer__qbin,0,4,act_bout_cv_w1_p30
sdq_peer__qbin,0,5,jerk_zcr
sdq_peer__qbin,0,6,gyX_max
sdq_peer__qbin,0,7,act_bout_cv_w5_p60
sdq_peer__qbin,0,8,uaY_domfreq
sdq_peer__qbin,0,9,stl_bout_cv_w5_p20
sdq_peer__qbin,0,10,gyY_mean
sdq_peer__qbin,0,11,pitch_min
sdq_peer__qbin,0,12,roll_madiff
sdq_peer__qbin,0,13,switch_per_min_w5_p10
sdq_peer__qbin,0,14,act_bout_cv_w10_p80
sdq_peer__qbin,0,15,act_bout_median_w10_p10
sdq_peer__qbin,0,16,actbout_cv_p70
sdq_peer__qbin,0,17,frac_act_short_w2_p20
sdq_peer__qbin,0,18,uaMag_domfreq
sdq_peer__qbin,0,19,uaY_median
sdq_peer__qbin,0,20,roll_domfreq
sdq_peer__qbin,1,1,stl_bout_cv_w10_p10
sdq_peer__qbin,1,2,stl_bout_cv_w5_p40
sdq_peer__qbin,1,3,gyMag_permen_m3
sdq_peer__qbin,1,4,act_bout_cv_w10_p40
sdq_peer__qbin,1,5,roll_zcr
sdq_peer__qbin,1,6,act_bout_median_w1_p30
sdq_peer__qbin,1,7,act_bout_cv_w10_p10
sdq_peer__qbin,1,8,stl_bout_cv_w5_p20
sdq_peer__qbin,1,9,gyZ_mean
sdq_peer__qbin,1,10,roll_madiff
sdq_peer__qbin,1,11,act_bout_cv_w5_p50
sdq_peer__qbin,1,12,uaX_range
sdq_peer__qbin,1,13,gyX_max
sdq_peer__qbin,1,14,uaX_zcr
sdq_peer__qbin,1,15,uaY_domfreq
sdq_peer__qbin,1,16,act_bout_median_w10_p10
sdq_peer__qbin,1,17,act_bout_cv_w5_p40
sdq_peer__qbin,1,18,switch_per_min_w5_p10
sdq_peer__qbin,1,19,uaY_bp_lf
sdq_peer__qbin,1,20,yaw_entropy
sdq_peer__qbin,2,1,stl_bout_cv_w10_p10
sdq_peer__qbin,2,2,act_bout_cv_w10_p10
sdq_peer__qbin,2,3,roll_madiff
sdq_peer__qbin,2,4,stl_bout_cv_w5_p20
sdq_peer__qbin,2,5,gyZ_mean
sdq_peer__qbin,2,6,uaY_domfreq
sdq_peer__qbin,2,7,uaX_zcr
sdq_peer__qbin,2,8,act_bout_cv_w10_p60
sdq_peer__qbin,2,9,gyX_max
sdq_peer__qbin,2,10,act_bout_cv_w10_p70
sdq_peer__qbin,2,11,jerk_zcr
sdq_peer__qbin,2,12,stl_bout_cv_w5_p40
sdq_peer__qbin,2,13,pitch_min
sdq_peer__qbin,2,14,gyY_mean
sdq_peer__qbin,2,15,frac_act_short_w2_p20
sdq_peer__qbin,2,16,actshort_p80
sdq_peer__qbin,2,17,roll_domfreq
sdq_peer__qbin,2,18,stl_bout_cv_w10_p30
sdq_peer__qbin,2,19,roll_bp_hf
sdq_peer__qbin,2,20,stl_bout_cv_w1_p20
sdq_peer__qbin,3,1,stl_bout_cv_w10_p10
sdq_peer__qbin,3,2,act_bout_cv_w10_p10
sdq_peer__qbin,3,3,roll_madiff
sdq_peer__qbin,3,4,stl_bout_cv_w5_p20
sdq_peer__qbin,3,5,gyZ_mean
sdq_peer__qbin,3,6,jerk_zcr
sdq_peer__qbin,3,7,gyY_mean
sdq_peer__qbin,3,8,stl_bout_cv_w5_p40
sdq_peer__qbin,3,9,pitch_min
sdq_peer__qbin,3,10,uaY_domfreq
sdq_peer__qbin,3,11,gyX_max
sdq_peer__qbin,3,12,act_bout_cv_w10_p70
sdq_peer__qbin,3,13,frac_act_short_w2_p20
sdq_peer__qbin,3,14,roll_zcr
sdq_peer__qbin,3,15,act_bout_cv_w10_p80
sdq_peer__qbin,3,16,stl_bout_cv_w1_p20
sdq_peer__qbin,3,17,stl_bout_cv_w10_p30
sdq_peer__qbin,3,18,yaw_std
sdq_peer__qbin,3,19,roll_bp_hf
sdq_peer__qbin,3,20,roll_domfreq
sdq_peer__qbin,4,1,stl_bout_cv_w10_p10
sdq_peer__qbin,4,2,roll_madiff
sdq_peer__qbin,4,3,act_bout_cv_w10_p10
sdq_peer__qbin,4,4,stl_bout_cv_w5_p20
sdq_peer__qbin,4,5,gyZ_mean
sdq_peer__qbin,4,6,stl_bout_cv_w5_p40
sdq_peer__qbin,4,7,roll_zcr
sdq_peer__qbin,4,8,act_bout_cv_w10_p70
sdq_peer__qbin,4,9,gyX_max
sdq_peer__qbin,4,10,uaX_range
sdq_peer__qbin,4,11,gyY_mean
sdq_peer__qbin,4,12,switch_per_min_w5_p10
sdq_peer__qbin,4,13,uaY_domfreq
sdq_peer__qbin,4,14,act_bout_cv_w5_p50
sdq_peer__qbin,4,15,act_bout_median_w0.5_p70
sdq_peer__qbin,4,16,act_bout_cv_w10_p20
sdq_peer__qbin,4,17,act_bout_cv_w1_p30
sdq_peer__qbin,4,18,uaY_median
sdq_peer__qbin,4,19,uaX_min
sdq_peer__qbin,4,20,act_bout_cv_w5_p40
sdq_peer__qbin,5,1,stl_bout_cv_w5_p40
sdq_peer__qbin,5,2,roll_domfreq
sdq_peer__qbin,5,3,frac_act_short_w2_p20
sdq_peer__qbin,5,4,roll_bp_hf
sdq_peer__qbin,5,5,gyZ_mean
sdq_peer__qbin,5,6,uaX_zcr
sdq_peer__qbin,5,7,stl_bout_cv_w5_p10
sdq_peer__qbin,5,8,roll_bp_lf
sdq_peer__qbin,5,9,uaX_range
sdq_peer__qbin,5,10,actbout_cv_p80
sdq_peer__qbin,5,11,act_bout_cv_w10_p80
sdq_peer__qbin,5,12,act_bout_median_w1_p30
sdq_peer__qbin,5,13,stl_bout_cv_w10_p20
sdq_peer__qbin,5,14,act_bout_cv_w5_p50
sdq_peer__qbin,5,15,gyX_max
sdq_peer__qbin,5,16,act_bout_cv_w5_p40
sdq_peer__qbin,5,17,stl_bout_cv_w2_p10
sdq_peer__qbin,5,18,stl_bout_cv_w10_p40
sdq_peer__qbin,5,19,stl_bout_cv_w5_p30
sdq_peer__qbin,5,20,yaw_std
sdq_peer__qbin,6,1,stl_bout_cv_w10_p10
sdq_peer__qbin,6,2,stl_bout_cv_w5_p40
sdq_peer__qbin,6,3,act_bout_cv_w1_p30
sdq_peer__qbin,6,4,gyZ_mean
sdq_peer__qbin,6,5,jerk_zcr
sdq_peer__qbin,6,6,act_bout_cv_w5_p10
sdq_peer__qbin,6,7,stl_bout_cv_w5_p20
sdq_peer__qbin,6,8,gyY_mean
sdq_peer__qbin,6,9,uaY_domfreq
sdq_peer__qbin,6,10,act_bout_cv_w10_p80
sdq_peer__qbin,6,11,gyX_max
sdq_peer__qbin,6,12,roll_madiff
sdq_peer__qbin,6,13,frac_act_short_w2_p20
sdq_peer__qbin,6,14,actbout_cv_p70
sdq_peer__qbin,6,15,act_bout_median_w10_p10
sdq_peer__qbin,6,16,act_bout_cv_w10_p70
sdq_peer__qbin,6,17,uaX_zcr
sdq_peer__qbin,6,18,uaMag_domfreq
sdq_peer__qbin,6,19,actshort_p80
sdq_peer__qbin,6,20,roll_domfreq
sdq_peer__qbin,7,1,stl_bout_cv_w5_p40
sdq_peer__qbin,7,2,gyZ_mean
sdq_peer__qbin,7,3,act_bout_median_w10_p50
sdq_peer__qbin,7,4,uaMag_min
sdq_peer__qbin,7,5,uaY_domfreq
sdq_peer__qbin,7,6,pitch_min
sdq_peer__qbin,7,7,gyX_max
sdq_peer__qbin,7,8,jerk_spread
sdq_peer__qbin,7,9,act_bout_cv_w10_p70
sdq_peer__qbin,7,10,stl_bout_cv_w5_p20
sdq_peer__qbin,7,11,roll_madiff
sdq_peer__qbin,7,12,pitch_domfreq
sdq_peer__qbin,7,13,actbout_cv_p90
sdq_peer__qbin,7,14,roll_domfreq
sdq_peer__qbin,7,15,act_bout_median_w1_p30
sdq_peer__qbin,7,16,actbout_cv_p80
sdq_peer__qbin,7,17,act_bout_cv_w10_p20
sdq_peer__qbin,7,18,frac_act_short_w1_p20
sdq_peer__qbin,7,19,actshort_p90
sdq_peer__qbin,7,20,frac_act_short_w10_p20
sdq_peer__qbin,8,1,stl_bout_cv_w10_p10
sdq_peer__qbin,8,2,act_bout_cv_w10_p10
sdq_peer__qbin,8,3,roll_madiff
sdq_peer__qbin,8,4,gyZ_mean
sdq_peer__qbin,8,5,stl_bout_cv_w5_p20
sdq_peer__qbin,8,6,stl_bout_cv_w5_p40
sdq_peer__qbin,8,7,roll_zcr
sdq_peer__qbin,8,8,frac_act_short_w2_p20
sdq_peer__qbin,8,9,gyY_mean
sdq_peer__qbin,8,10,jerk_zcr
sdq_peer__qbin,8,11,act_bout_cv_w10_p80
sdq_peer__qbin,8,12,stl_bout_cv_w10_p30
sdq_peer__qbin,8,13,yaw_std
sdq_peer__qbin,8,14,actbout_cv_p70
sdq_peer__qbin,8,15,yaw_min
sdq_peer__qbin,8,16,gyX_max
sdq_peer__qbin,8,17,uaY_domfreq
sdq_peer__qbin,8,18,act_bout_cv_w10_p70
sdq_peer__qbin,8,19,stl_bout_median_w1_p30
sdq_peer__qbin,8,20,act_bout_cv_w10_p20
sdq_peer__qbin,9,1,stl_bout_cv_w10_p10
sdq_peer__qbin,9,2,act_bout_cv_w10_p10
sdq_peer__qbin,9,3,roll_madiff
sdq_peer__qbin,9,4,stl_bout_cv_w5_p20
sdq_peer__qbin,9,5,gyZ_mean
sdq_peer__qbin,9,6,stl_bout_cv_w5_p40
sdq_peer__qbin,9,7,roll_zcr
sdq_peer__qbin,9,8,jerk_zcr
sdq_peer__qbin,9,9,act_bout_cv_w10_p80
sdq_peer__qbin,9,10,frac_act_short_w2_p20
sdq_peer__qbin,9,11,gyY_mean
sdq_peer__qbin,9,12,gyX_max
sdq_peer__qbin,9,13,uaY_domfreq
sdq_peer__qbin,9,14,act_bout_cv_w10_p70
sdq_peer__qbin,9,15,act_bout_median_w2_p20
sdq_peer__qbin,9,16,yaw_std
sdq_peer__qbin,9,17,uaY_median
sdq_peer__qbin,9,18,roll_domfreq
sdq_peer__qbin,9,19,roll_bp_hf
sdq_peer__qbin,9,20,act_bout_cv_w10_p20
sdq_peer__qbin,10,1,stl_bout_cv_w10_p10
sdq_peer__qbin,10,2,roll_domfreq
sdq_peer__qbin,10,3,frac_act_short_w1_p20
sdq_peer__qbin,10,4,pitch_min
sdq_peer__qbin,10,5,stl_bout_cv_w5_p40
sdq_peer__qbin,10,6,gyZ_mean
sdq_peer__qbin,10,7,roll_zcr
sdq_peer__qbin,10,8,jerk_zcr
sdq_peer__qbin,10,9,act_bout_median_w2_p20
sdq_peer__qbin,10,10,act_bout_cv_w10_p80
sdq_peer__qbin,10,11,stl_bout_cv_w5_p20
sdq_peer__qbin,10,12,uaY_domfreq
sdq_peer__qbin,10,13,gyZ_median
sdq_peer__qbin,10,14,stl_bout_cv_w10_p30
sdq_peer__qbin,10,15,act_bout_cv_w5_p40
sdq_peer__qbin,10,16,gyX_max
sdq_peer__qbin,10,17,switchmin_p30
sdq_peer__qbin,10,18,uaY_min
sdq_peer__qbin,10,19,switch_per_min_w10_p50
sdq_peer__qbin,10,20,frac_act_short_w10_p20
sdq_peer__qbin,11,1,stl_bout_cv_w5_p20
sdq_peer__qbin,11,2,act_bout_cv_w10_p10
sdq_peer__qbin,11,3,roll_madiff
sdq_peer__qbin,11,4,stl_bout_cv_w10_p10
sdq_peer__qbin,11,5,gyZ_mean
sdq_peer__qbin,11,6,jerk_zcr
sdq_peer__qbin,11,7,gyY_mean
sdq_peer__qbin,11,8,stl_bout_cv_w5_p40
sdq_peer__qbin,11,9,roll_bp_hf
sdq_peer__qbin,11,10,frac_act_short_w2_p20
sdq_peer__qbin,11,11,roll_domfreq
sdq_peer__qbin,11,12,jerk_spread
sdq_peer__qbin,11,13,stl_bout_cv_w10_p40
sdq_peer__qbin,11,14,switch_per_min_w10_p10
sdq_peer__qbin,11,15,actshort_p80
sdq_peer__qbin,11,16,act_bout_cv_w10_p80
sdq_peer__qbin,11,17,gyX_max
sdq_peer__qbin,11,18,uaY_domfreq
sdq_peer__qbin,11,19,act_bout_cv_w10_p70
sdq_peer__qbin,11,20,stl_bout_cv_w10_p30
sdq_peer__qbin,12,1,stl_bout_cv_w10_p10
sdq_peer__qbin,12,2,act_bout_cv_w10_p10
sdq_peer__qbin,12,3,roll_madiff
sdq_peer__qbin,12,4,stl_bout_cv_w5_p20
sdq_peer__qbin,12,5,gyZ_mean
sdq_peer__qbin,12,6,act_bout_cv_w5_p50
sdq_peer__qbin,12,7,act_bout_cv_w5_p10
sdq_peer__qbin,12,8,act_bout_median_w1_p30
sdq_peer__qbin,12,9,stl_bout_cv_w5_p40
sdq_peer__qbin,12,10,act_bout_median_w5_p70
sdq_peer__qbin,12,11,stl_bout_cv_w2_p20
sdq_peer__qbin,12,12,pitch_min
sdq_peer__qbin,12,13,uaY_domfreq
sdq_peer__qbin,12,14,gyX_max
sdq_peer__qbin,12,15,uaX_zcr
sdq_peer__qbin,12,16,yaw_min
sdq_peer__qbin,12,17,act_bout_cv_w5_p40
sdq_peer__qbin,12,18,stl_bout_cv_w1_p20
sdq_peer__qbin,12,19,frac_act_short_w1_p90
sdq_peer__qbin,12,20,gyMag_acf_dom_period_s
sdq_peer__qbin,13,1,stl_bout_cv_w10_p10
sdq_peer__qbin,13,2,act_bout_cv_w10_p10
sdq_peer__qbin,13,3,roll_madiff
sdq_peer__qbin,13,4,stl_bout_cv_w5_p20
sdq_peer__qbin,13,5,gyZ_mean
sdq_peer__qbin,13,6,stl_bout_cv_w5_p40
sdq_peer__qbin,13,7,roll_zcr
sdq_peer__qbin,13,8,jerk_zcr
sdq_peer__qbin,13,9,act_bout_cv_w10_p80
sdq_peer__qbin,13,10,frac_act_short_w2_p20
sdq_peer__qbin,13,11,gyY_mean
sdq_peer__qbin,13,12,actshort_p80
sdq_peer__qbin,13,13,gyX_max
sdq_peer__qbin,13,14,act_bout_cv_w10_p70
sdq_peer__qbin,13,15,uaY_domfreq
sdq_peer__qbin,13,16,stl_bout_cv_w10_p30
sdq_peer__qbin,13,17,actbout_cv_p70
sdq_peer__qbin,13,18,act_bout_median_w10_p10
sdq_peer__qbin,13,19,pitch_min
sdq_peer__qbin,13,20,stl_bout_cv_w5_p10
sdq_peer__qbin,14,1,stl_bout_cv_w10_p10
sdq_peer__qbin,14,2,act_bout_cv_w5_p60
sdq_peer__qbin,14,3,uaY_domfreq
sdq_peer__qbin,14,4,jerk_spread
sdq_peer__qbin,14,5,stl_bout_cv_w5_p40
sdq_peer__qbin,14,6,pitch_min
sdq_peer__qbin,14,7,act_bout_cv_w1_p30
sdq_peer__qbin,14,8,uaX_zcr
sdq_peer__qbin,14,9,stl_bout_cv_w5_p20
sdq_peer__qbin,14,10,gyZ_mean
sdq_peer__qbin,14,11,roll_zcr
sdq_peer__qbin,14,12,stl_bout_cv_w5_p30
sdq_peer__qbin,14,13,stl_bout_cv_w10_p40
sdq_peer__qbin,14,14,jerk_zcr
sdq_peer__qbin,14,15,jerk_peak_ipi_cv
sdq_peer__qbin,14,16,act_bout_cv_w5_p50
sdq_peer__qbin,14,17,act_bout_median_w10_p60
sdq_peer__qbin,14,18,act_bout_cv_w10_p80
sdq_peer__qbin,14,19,uaY_median
sdq_peer__qbin,14,20,uaMag_domfreq
sdq_peer__qbin,15,1,stl_bout_cv_w10_p10
sdq_peer__qbin,15,2,act_bout_cv_w10_p10
sdq_peer__qbin,15,3,roll_madiff
sdq_peer__qbin,15,4,stl_bout_cv_w5_p20
sdq_peer__qbin,15,5,gyZ_mean
sdq_peer__qbin,15,6,stl_bout_cv_w5_p40
sdq_peer__qbin,15,7,roll_zcr
sdq_peer__qbin,15,8,jerk_zcr
sdq_peer__qbin,15,9,act_bout_cv_w10_p80
sdq_peer__qbin,15,10,frac_act_short_w2_p20
sdq_peer__qbin,15,11,gyY_mean
sdq_peer__qbin,15,12,gyX_max
sdq_peer__qbin,15,13,uaY_domfreq
sdq_peer__qbin,15,14,act_bout_cv_w10_p70
sdq_peer__qbin,15,15,actbout_cv_p70
sdq_peer__qbin,15,16,stl_bout_cv_w10_p30
sdq_peer__qbin,15,17,yaw_std
sdq_peer__qbin,15,18,yaw_min
sdq_peer__qbin,15,19,act_bout_cv_w10_p20
sdq_peer__qbin,15,20,uaY_median
sdq_peer__qbin,16,1,stl_bout_cv_w10_p20
sdq_peer__qbin,16,2,pitch_min
sdq_peer__qbin,16,3,frac_act_short_w1_p90
sdq_peer__qbin,16,4,stl_bout_cv_w5_p40
sdq_peer__qbin,16,5,frac_act_short_w2_p20
sdq_peer__qbin,16,6,roll_zcr
sdq_peer__qbin,16,7,act_bout_cv_w10_p80
sdq_peer__qbin,16,8,frac_act_short_w10_p20
sdq_peer__qbin,16,9,switch_per_min_w10_p10
sdq_peer__qbin,16,10,gyZ_mean
sdq_peer__qbin,16,11,stl_bout_cv_w5_p30
sdq_peer__qbin,16,12,roll_bp_hf
sdq_peer__qbin,16,13,act_bout_median_w2_p20
sdq_peer__qbin,16,14,stl_bout_cv_w2_p40
sdq_peer__qbin,16,15,stl_bout_median_w1_p80
sdq_peer__qbin,16,16,act_bout_cv_w5_p50
sdq_peer__qbin,16,17,uaX_zcr
sdq_peer__qbin,16,18,gyMag_centroid
sdq_peer__qbin,16,19,stl_bout_cv_w10_p30
sdq_peer__qbin,16,20,yaw_std
sdq_peer__qbin,17,1,stl_bout_cv_w10_p10
sdq_peer__qbin,17,2,act_bout_cv_w10_p10
sdq_peer__qbin,17,3,roll_madiff
sdq_peer__qbin,17,4,stl_bout_cv_w5_p20
sdq_peer__qbin,17,5,gyZ_mean
sdq_peer__qbin,17,6,jerk_zcr
sdq_peer__qbin,17,7,pitch_min
sdq_peer__qbin,17,8,stl_bout_cv_w5_p40
sdq_peer__qbin,17,9,gyY_mean
sdq_peer__qbin,17,10,uaY_domfreq
sdq_peer__qbin,17,11,gyX_max
sdq_peer__qbin,17,12,act_bout_cv_w10_p70
sdq_peer__qbin,17,13,frac_act_short_w2_p20
sdq_peer__qbin,17,14,roll_zcr
sdq_peer__qbin,17,15,jerk_acf_tau_1e_s
sdq_peer__qbin,17,16,act_bout_cv_w10_p80
sdq_peer__qbin,17,17,actbout_med_p60
sdq_peer__qbin,17,18,frac_act_short_w10_p20
sdq_peer__qbin,17,19,uaZ_bp_mf
sdq_peer__qbin,17,20,act_bout_median_w2_p20
sdq_peer__qbin,18,1,stl_bout_cv_w10_p10
sdq_peer__qbin,18,2,roll_madiff
sdq_peer__qbin,18,3,act_bout_cv_w10_p10
sdq_peer__qbin,18,4,stl_bout_cv_w5_p20
sdq_peer__qbin,18,5,uaY_domfreq
sdq_peer__qbin,18,6,stl_bout_cv_w5_p40
sdq_peer__qbin,18,7,gyZ_mean
sdq_peer__qbin,18,8,actbout_med_p70
sdq_peer__qbin,18,9,gyY_mean
sdq_peer__qbin,18,10,jerk_zcr
sdq_peer__qbin,18,11,gyX_max
sdq_peer__qbin,18,12,frac_act_short_w2_p20
sdq_peer__qbin,18,13,uaMag_acf_dom_peak
sdq_peer__qbin,18,14,stl_bout_cv_w5_p30
sdq_peer__qbin,18,15,roll_zcr
sdq_peer__qbin,18,16,actbout_med_p60
sdq_peer__qbin,18,17,stl_bout_cv_w1_p20
sdq_peer__qbin,18,18,roll_bp_hf
sdq_peer__qbin,18,19,roll_domfreq
sdq_peer__qbin,18,20,uaY_median
sdq_peer__qbin,19,1,stl_bout_cv_w5_p40
sdq_peer__qbin,19,2,pitch_min
sdq_peer__qbin,19,3,frac_act_short_w10_p20
sdq_peer__qbin,19,4,roll_domfreq
sdq_peer__qbin,19,5,switch_per_min_w10_p10
sdq_peer__qbin,19,6,uaY_domfreq
sdq_peer__qbin,19,7,gyZ_mean
sdq_peer__qbin,19,8,gyX_max
sdq_peer__qbin,19,9,jerk_zcr
sdq_peer__qbin,19,10,act_bout_cv_w10_p80
sdq_peer__qbin,19,11,stl_bout_cv_w5_p20
sdq_peer__qbin,19,12,roll_madiff
sdq_peer__qbin,19,13,gyY_mean
sdq_peer__qbin,19,14,frac_act_short_w2_p20
sdq_peer__qbin,19,15,stl_bout_cv_w10_p50
sdq_peer__qbin,19,16,stl_bout_cv_w10_p10
sdq_peer__qbin,19,17,act_bout_cv_w10_p20
sdq_peer__qbin,19,18,act_bout_median_w0.5_p80
sdq_peer__qbin,19,19,act_bout_cv_w5_p50
sdq_peer__qbin,19,20,uaY_median
sdq_peer__qbin,20,1,stl_bout_cv_w10_p10
sdq_peer__qbin,20,2,act_bout_cv_w10_p10
sdq_peer__qbin,20,3,roll_madiff
sdq_peer__qbin,20,4,stl_bout_cv_w5_p20
sdq_peer__qbin,20,5,gyZ_mean
sdq_peer__qbin,20,6,jerk_zcr
sdq_peer__qbin,20,7,gyY_mean
sdq_peer__qbin,20,8,stl_bout_cv_w5_p40
sdq_peer__qbin,20,9,pitch_min
sdq_peer__qbin,20,10,uaY_domfreq
sdq_peer__qbin,20,11,gyX_max
sdq_peer__qbin,20,12,act_bout_cv_w10_p70
sdq_peer__qbin,20,13,frac_act_short_w2_p20
sdq_peer__qbin,20,14,roll_zcr
sdq_peer__qbin,20,15,act_bout_cv_w10_p80
sdq_peer__qbin,20,16,stl_bout_cv_w1_p20
sdq_peer__qbin,20,17,uaY_median
sdq_peer__qbin,20,18,act_bout_cv_w5_p50
sdq_peer__qbin,20,19,act_bout_median_w10_p10
sdq_peer__qbin,20,20,act_bout_median_w2_p20
sdq_peer__qbin,21,1,roll_domfreq
sdq_peer__qbin,21,2,stl_bout_cv_w10_p20
sdq_peer__qbin,21,3,stl_bout_median_w10_p40
sdq_peer__qbin,21,4,jerk_spread
sdq_peer__qbin,21,5,yaw_domfreq
sdq_peer__qbin,21,6,gyZ_mean
sdq_peer__qbin,21,7,stl_bout_cv_w5_p40
sdq_peer__qbin,21,8,yaw_std
sdq_peer__qbin,21,9,uaX_zcr
sdq_peer__qbin,21,10,act_bout_cv_w10_p70
sdq_peer__qbin,21,11,actbout_med_p60
sdq_peer__qbin,21,12,stl_bout_cv_w2_p10
sdq_peer__qbin,21,13,jerk_zcr
sdq_peer__qbin,21,14,stl_bout_cv_w0.5_p20
sdq_peer__qbin,21,15,gyY_zcr
sdq_peer__qbin,21,16,stl_bout_median_w5_p30
sdq_peer__qbin,21,17,act_bout_cv_w5_p60
sdq_peer__qbin,21,18,frac_act_short_w10_p20
sdq_peer__qbin,21,19,stl_bout_cv_w5_p30
sdq_peer__qbin,21,20,gyY_mean
sdq_peer__qbin,22,1,stl_bout_cv_w10_p10
sdq_peer__qbin,22,2,act_bout_cv_w10_p10
sdq_peer__qbin,22,3,roll_madiff
sdq_peer__qbin,22,4,stl_bout_cv_w5_p20
sdq_peer__qbin,22,5,gyZ_mean
sdq_peer__qbin,22,6,stl_bout_cv_w5_p40
sdq_peer__qbin,22,7,roll_zcr
sdq_peer__qbin,22,8,jerk_zcr
sdq_peer__qbin,22,9,act_bout_cv_w10_p80
sdq_peer__qbin,22,10,act_bout_median_w1_p30
sdq_peer__qbin,22,11,stl_bout_cv_w1_p20
sdq_peer__qbin,22,12,act_bout_median_w10_p10
sdq_peer__qbin,22,13,act_bout_cv_w5_p50
sdq_peer__qbin,22,14,act_bout_median_w0.5_p70
sdq_peer__qbin,22,15,stl_bout_cv_w10_p30
sdq_peer__qbin,22,16,act_bout_cv_w10_p70
sdq_peer__qbin,22,17,gyX_max
sdq_peer__qbin,22,18,uaY_domfreq
sdq_peer__qbin,22,19,pitch_min
sdq_peer__qbin,22,20,gyY_mean
sdq_peer__qbin,23,1,stl_bout_cv_w10_p10
sdq_peer__qbin,23,2,act_bout_cv_w10_p10
sdq_peer__qbin,23,3,roll_madiff
sdq_peer__qbin,23,4,stl_bout_cv_w5_p20
sdq_peer__qbin,23,5,uaX_range
sdq_peer__qbin,23,6,gyZ_mean
sdq_peer__qbin,23,7,uaX_zcr
sdq_peer__qbin,23,8,gyX_max
sdq_peer__qbin,23,9,act_bout_cv_w5_p50
sdq_peer__qbin,23,10,uaY_domfreq
sdq_peer__qbin,23,11,stl_bout_cv_w5_p30
sdq_peer__qbin,23,12,stl_bout_cv_w5_p40
sdq_peer__qbin,23,13,act_bout_median_w0.5_p70
sdq_peer__qbin,23,14,act_bout_cv_w10_p80
sdq_peer__qbin,23,15,act_bout_cv_w1_p30
sdq_peer__qbin,23,16,gyMag_acf_dom_period_s
sdq_peer__qbin,23,17,jerk_zcr
sdq_peer__qbin,23,18,gyY_mean
sdq_peer__qbin,23,19,switch_per_min_w5_p10
sdq_peer__qbin,23,20,actbout_cv_p80
sdq_pro__qbin,0,1,uaZ_skew
sdq_pro__qbin,0,2,jerk_zcr
sdq_pro__qbin,0,3,stl_bout_cv_w2_p90
sdq_pro__qbin,0,4,stl_bout_median_w5_p20
sdq_pro__qbin,0,5,stl_bout_cv_w1_p90
sdq_pro__qbin,0,6,stl_bout_cv_w5_p20
sdq_pro__qbin,0,7,gyY_std
sdq_pro__qbin,0,8,frac_act_short_w0.5_p90
sdq_pro__qbin,0,9,switch_per_min_w5_p20
sdq_pro__qbin,0,10,stl_bout_median_w1_p40
sdq_pro__qbin,0,11,roll_max
sdq_pro__qbin,0,12,gyY_range
sdq_pro__qbin,0,13,jerk_centroid
sdq_pro__qbin,0,14,stl_bout_median_w2_p10
sdq_pro__qbin,0,15,actbout_cv_p90
sdq_pro__qbin,0,16,stl_bout_cv_w5_p90
sdq_pro__qbin,0,17,gyMag_bp_mf
sdq_pro__qbin,0,18,gyY_min
sdq_pro__qbin,0,19,stl_bout_cv_w5_p10
sdq_pro__qbin,0,20,gyMag_acf_tau_1e_s
sdq_pro__qbin,1,1,gyY_min
sdq_pro__qbin,1,2,jerk_dfa_alpha
sdq_pro__qbin,1,3,stl_bout_cv_w5_p20
sdq_pro__qbin,1,4,uaMag_min
sdq_pro__qbin,1,5,roll_median
sdq_pro__qbin,1,6,stl_bout_median_w2_p10
sdq_pro__qbin,1,7,yaw_max
sdq_pro__qbin,1,8,gyY_range
sdq_pro__qbin,1,9,jerk_centroid
sdq_pro__qbin,1,10,roll_max
sdq_pro__qbin,1,11,stl_bout_cv_w10_p50
sdq_pro__qbin,1,12,jerk_entropy
sdq_pro__qbin,1,13,jerk_acf_dom_period_s
sdq_pro__qbin,1,14,jerk_zcr
sdq_pro__qbin,1,15,stl_bout_median_w2_p70
sdq_pro__qbin,1,16,stl_bout_median_w1_p40
sdq_pro__qbin,1,17,roll_range
sdq_pro__qbin,1,18,frac_act_short_w0.5_p90
sdq_pro__qbin,1,19,gyY_max
sdq_pro__qbin,1,20,roll_mean
sdq_pro__qbin,2,1,uaZ_skew
sdq_pro__qbin,2,2,jerk_zcr
sdq_pro__qbin,2,3,stl_bout_cv_w5_p20
sdq_pro__qbin,2,4,stl_bout_cv_w10_p80
sdq_pro__qbin,2,5,act_bout_median_w2_p80
sdq_pro__qbin,2,6,stl_bout_median_w2_p90
sdq_pro__qbin,2,7,gyY_std
sdq_pro__qbin,2,8,jerk_centroid
sdq_pro__qbin,2,9,uaMag_domfreq
sdq_pro__qbin,2,10,pitch_bp_lf
sdq_pro__qbin,2,11,jerk_acf_dom_period_s
sdq_pro__qbin,2,12,switchmin_p30
sdq_pro__qbin,2,13,uaZ_kurt
sdq_pro__qbin,2,14,uaX_max
sdq_pro__qbin,2,15,stl_bout_median_w5_p20
sdq_pro__qbin,2,16,stl_bout_cv_w5_p70
sdq_pro__qbin,2,17,uaMag_bp_mf
sdq_pro__qbin,2,18,act_bout_median_w1_p20
sdq_pro__qbin,2,19,gyY_range
sdq_pro__qbin,2,20,roll_max
sdq_pro__qbin,3,1,uaZ_skew
sdq_pro__qbin,3,2,jerk_zcr
sdq_pro__qbin,3,3,jerk_acf_tau_1e_s
sdq_pro__qbin,3,4,pitch_min
sdq_pro__qbin,3,5,uaX_centroid
sdq_pro__qbin,3,6,stl_bout_cv_w10_p80
sdq_pro__qbin,3,7,gyZ_median
sdq_pro__qbin,3,8,yaw_domfreq
sdq_pro__qbin,3,9,act_bout_median_w0.5_p30
sdq_pro__qbin,3,10,jerk_mean
sdq_pro__qbin,3,11,roll_median
sdq_pro__qbin,3,12,uaX_domfreq
sdq_pro__qbin,3,13,uaMag_spread
sdq_pro__qbin,3,14,stl_bout_cv_w5_p70
sdq_pro__qbin,3,15,roll_max
sdq_pro__qbin,3,16,stl_bout_median_w1_p40
sdq_pro__qbin,3,17,uaMag_bp_mf
sdq_pro__qbin,3,18,jerk_peak_ipi_cv
sdq_pro__qbin,3,19,act_bout_cv_w10_p40
sdq_pro__qbin,3,20,roll_skew
sdq_pro__qbin,4,1,uaZ_skew
sdq_pro__qbin,4,2,jerk_zcr
sdq_pro__qbin,4,3,stl_bout_cv_w1_p10
sdq_pro__qbin,4,4,stl_bout_cv_w1_p90
sdq_pro__qbin,4,5,stl_bout_median_w5_p20
sdq_pro__qbin,4,6,jerk_acf_dom_period_s
sdq_pro__qbin,4,7,gyZ_range
sdq_pro__qbin,4,8,stl_bout_median_w1_p30
sdq_pro__qbin,4,9,stl_bout_cv_w5_p70
sdq_pro__qbin,4,10,jerk_dfa_alpha
sdq_pro__qbin,4,11,pitch_skew
sdq_pro__qbin,4,12,stl_bout_median_w5_p10
sdq_pro__qbin,4,13,stl_bout_cv_w0.5_p10
sdq_pro__qbin,4,14,act_bout_median_w0.5_p30
sdq_pro__qbin,4,15,gyY_range
sdq_pro__qbin,4,16,pitch_min
sdq_pro__qbin,4,17,uaMag_spread
sdq_pro__qbin,4,18,stl_bout_cv_w0.5_p90
sdq_pro__qbin,4,19,jerk_kurt
sdq_pro__qbin,4,20,stl_bout_cv_w10_p80
sdq_pro__qbin,5,1,uaZ_skew
sdq_pro__qbin,5,2,jerk_zcr
sdq_pro__qbin,5,3,stl_bout_cv_w1_p90
sdq_pro__qbin,5,4,stl_bout_median_w5_p20
sdq_pro__qbin,5,5,jerk_peak_ipi_cv
sdq_pro__qbin,5,6,gyY_range
sdq_pro__qbin,5,7,uaMag_min
sdq_pro__qbin,5,8,jerk_dfa_alpha
sdq_pro__qbin,5,9,stl_bout_cv_w10_p10
sdq_pro__qbin,5,10,gyY_min
sdq_pro__qbin,5,11,uaZ_kurt
sdq_pro__qbin,5,12,stl_bout_cv_w10_p80
sdq_pro__qbin,5,13,stl_bout_median_w1_p30
sdq_pro__qbin,5,14,roll_max
sdq_pro__qbin,5,15,stl_bout_median_w1_p40
sdq_pro__qbin,5,16,stl_bout_median_w2_p70
sdq_pro__qbin,5,17,jerk_acf_dom_period_s
sdq_pro__qbin,5,18,frac_act_short_w10_p20
sdq_pro__qbin,5,19,pitch_min
sdq_pro__qbin,5,20,stl_bout_cv_w5_p80
sdq_pro__qbin,6,1,uaZ_skew
sdq_pro__qbin,6,2,jerk_zcr
sdq_pro__qbin,6,3,stl_bout_cv_w1_p10
sdq_pro__qbin,6,4,stl_bout_median_w1_p40
sdq_pro__qbin,6,5,stl_bout_cv_w10_p80
sdq_pro__qbin,6,6,stl_bout_median_w5_p20
sdq_pro__qbin,6,7,yaw_domfreq
sdq_pro__qbin,6,8,uaMag_bp_mf
sdq_pro__qbin,6,9,uaX_range
sdq_pro__qbin,6,10,uaMag_permen_m3
sdq_pro__qbin,6,11,jerk_acf_dom_period_s
sdq_pro__qbin,6,12,gyY_range
sdq_pro__qbin,6,13,stl_bout_cv_w5_p20
sdq_pro__qbin,6,14,act_bout_median_w5_p60
sdq_pro__qbin,6,15,stl_bout_cv_w1_p90
sdq_pro__qbin,6,16,roll_max
sdq_pro__qbin,6,17,stl_bout_median_w1_p30
sdq_pro__qbin,6,18,uaZ_kurt
sdq_pro__qbin,6,19,actbout_cv_p90
sdq_pro__qbin,6,20,gyY_min
sdq_pro__qbin,7,1,uaZ_skew
sdq_pro__qbin,7,2,jerk_zcr
sdq_pro__qbin,7,3,stl_bout_cv_w1_p90
sdq_pro__qbin,7,4,stl_bout_median_w5_p20
sdq_pro__qbin,7,5,jerk_peak_ipi_cv
sdq_pro__qbin,7,6,gyY_min
sdq_pro__qbin,7,7,jerk_dfa_alpha
sdq_pro__qbin,7,8,stl_bout_median_w1_p30
sdq_pro__qbin,7,9,jerk_acf_dom_period_s
sdq_pro__qbin,7,10,roll_mean
sdq_pro__qbin,7,11,stl_bout_cv_w10_p80
sdq_pro__qbin,7,12,act_bout_cv_w5_p40
sdq_pro__qbin,7,13,jerk_centroid
sdq_pro__qbin,7,14,uaMag_bp_mf
sdq_pro__qbin,7,15,roll_max
sdq_pro__qbin,7,16,stl_bout_median_w1_p40
sdq_pro__qbin,7,17,uaX_domfreq
sdq_pro__qbin,7,18,roll_median
sdq_pro__qbin,7,19,stl_bout_median_w10_p40
sdq_pro__qbin,7,20,act_bout_median_w2_p20
sdq_pro__qbin,8,1,uaZ_skew
sdq_pro__qbin,8,2,jerk_zcr
sdq_pro__qbin,8,3,stl_bout_cv_w1_p90
sdq_pro__qbin,8,4,stl_bout_median_w5_p20
sdq_pro__qbin,8,5,jerk_peak_ipi_cv
sdq_pro__qbin,8,6,gyY_range
sdq_pro__qbin,8,7,uaMag_min
sdq_pro__qbin,8,8,jerk_dfa_alpha
sdq_pro__qbin,8,9,stl_bout_cv_w5_p20
sdq_pro__qbin,8,10,gyY_min
sdq_pro__qbin,8,11,jerk_kurt
sdq_pro__qbin,8,12,stl_bout_median_w10_p10
sdq_pro__qbin,8,13,stl_bout_cv_w0.5_p90
sdq_pro__qbin,8,14,pitch_min
sdq_pro__qbin,8,15,jerk_centroid
sdq_pro__qbin,8,16,gyMag_acf_tau_1e_s
sdq_pro__qbin,8,17,jerk_acf_dom_period_s
sdq_pro__qbin,8,18,stl_bout_cv_w10_p80
sdq_pro__qbin,8,19,act_bout_median_w1_p20
sdq_pro__qbin,8,20,uaZ_kurt
sdq_pro__qbin,9,1,uaZ_skew
sdq_pro__qbin,9,2,jerk_zcr
sdq_pro__qbin,9,3,stl_bout_cv_w1_p10
sdq_pro__qbin,9,4,gyY_min
sdq_pro__qbin,9,5,yaw_max
sdq_pro__qbin,9,6,jerk_dfa_alpha
sdq_pro__qbin,9,7,stl_bout_median_w1_p30
sdq_pro__qbin,9,8,stl_bout_cv_w2_p10
sdq_pro__qbin,9,9,gyY_range
sdq_pro__qbin,9,10,roll_max
sdq_pro__qbin,9,11,jerk_acf_dom_period_s
sdq_pro__qbin,9,12,actshort_p90
sdq_pro__qbin,9,13,gyMag_acf_tau_1e_s
sdq_pro__qbin,9,14,stl_bout_cv_w0.5_p20
sdq_pro__qbin,9,15,gyMag_bp_mf
sdq_pro__qbin,9,16,jerk_centroid
sdq_pro__qbin,9,17,pitch_bp_lf
sdq_pro__qbin,9,18,stl_bout_cv_w1_p90
sdq_pro__qbin,9,19,uaY_bp_lf
sdq_pro__qbin,9,20,stl_bout_cv_w0.5_p30
sdq_pro__qbin,10,1,uaZ_skew
sdq_pro__qbin,10,2,jerk_zcr
sdq_pro__qbin,10,3,stl_bout_cv_w1_p10
sdq_pro__qbin,10,4,stl_bout_cv_w1_p90
sdq_pro__qbin,10,5,stl_bout_median_w5_p20
sdq_pro__qbin,10,6,stl_bout_median_w1_p30
sdq_pro__qbin,10,7,stl_bout_cv_w10_p80
sdq_pro__qbin,10,8,gyMag_bp_mf
sdq_pro__qbin,10,9,roll_max
sdq_pro__qbin,10,10,gyMag_acf_tau_1e_s
sdq_pro__qbin,10,11,roll_mean
sdq_pro__qbin,10,12,act_bout_cv_w5_p40
sdq_pro__qbin,10,13,jerk_acf_dom_period_s
sdq_pro__qbin,10,14,stl_bout_cv_w1_p70
sdq_pro__qbin,10,15,stl_bout_median_w2_p70
sdq_pro__qbin,10,16,stl_bout_median_w1_p40
sdq_pro__qbin,10,17,frac_act_short_w10_p20
sdq_pro__qbin,10,18,gyZ_kurt
sdq_pro__qbin,10,19,jerk_dfa_alpha
sdq_pro__qbin,10,20,act_bout_median_w2_p20
sdq_pro__qbin,11,1,uaZ_skew
sdq_pro__qbin,11,2,jerk_zcr
sdq_pro__qbin,11,3,stl_bout_cv_w1_p90
sdq_pro__qbin,11,4,stl_bout_median_w5_p20
sdq_pro__qbin,11,5,jerk_peak_ipi_cv
sdq_pro__qbin,11,6,gyY_range
sdq_pro__qbin,11,7,uaMag_min
sdq_pro__qbin,11,8,jerk_dfa_alpha
sdq_pro__qbin,11,9,stl_bout_cv_w10_p10
sdq_pro__qbin,11,10,gyY_min
sdq_pro__qbin,11,11,uaZ_kurt
sdq_pro__qbin,11,12,stl_bout_cv_w10_p80
sdq_pro__qbin,11,13,stl_bout_median_w1_p30
sdq_pro__qbin,11,14,roll_max
sdq_pro__qbin,11,15,act_bout_median_w5_p60
sdq_pro__qbin,11,16,stl_bout_median_w1_p40
sdq_pro__qbin,11,17,stl_bout_median_w2_p70
sdq_pro__qbin,11,18,jerk_acf_dom_period_s
sdq_pro__qbin,11,19,frac_act_short_w10_p20
sdq_pro__qbin,11,20,pitch_min
sdq_pro__qbin,12,1,uaZ_skew
sdq_pro__qbin,12,2,jerk_zcr
sdq_pro__qbin,12,3,stl_bout_cv_w1_p10
sdq_pro__qbin,12,4,uaMag_domfreq
sdq_pro__qbin,12,5,gyY_mean
sdq_pro__qbin,12,6,stl_bout_median_w2_p70
sdq_pro__qbin,12,7,stl_bout_median_w5_p50
sdq_pro__qbin,12,8,jerk_acf_dom_period_s
sdq_pro__qbin,12,9,uaX_domfreq
sdq_pro__qbin,12,10,stl_bout_cv_w0.5_p10
sdq_pro__qbin,12,11,yaw_median
sdq_pro__qbin,12,12,stl_bout_cv_w5_p60
sdq_pro__qbin,12,13,pitch_min
sdq_pro__qbin,12,14,uaMag_permen_m3
sdq_pro__qbin,12,15,uaZ_kurt
sdq_pro__qbin,12,16,act_bout_cv_w10_p40
sdq_pro__qbin,12,17,stl_bout_median_w5_p20
sdq_pro__qbin,12,18,stl_bout_cv_w1_p90
sdq_pro__qbin,12,19,pitch_bp_lf
sdq_pro__qbin,12,20,stl_bout_cv_w5_p70
sdq_pro__qbin,13,1,uaZ_skew
sdq_pro__qbin,13,2,jerk_zcr
sdq_pro__qbin,13,3,stl_bout_cv_w1_p10
sdq_pro__qbin,13,4,stl_bout_cv_w1_p90
sdq_pro__qbin,13,5,stl_bout_median_w5_p20
sdq_pro__qbin,13,6,jerk_acf_dom_period_s
sdq_pro__qbin,13,7,yaw_max
sdq_pro__qbin,13,8,uaMag_domfreq
sdq_pro__qbin,13,9,stl_bout_median_w10_p40
sdq_pro__qbin,13,10,gyY_std
sdq_pro__qbin,13,11,stl_bout_cv_w5_p20
sdq_pro__qbin,13,12,act_bout_cv_w10_p40
sdq_pro__qbin,13,13,gyMag_acf_tau_1e_s
sdq_pro__qbin,13,14,act_bout_median_w10_p30
sdq_pro__qbin,13,15,stl_bout_cv_w2_p10
sdq_pro__qbin,13,16,gyY_min
sdq_pro__qbin,13,17,jerk_kurt
sdq_pro__qbin,13,18,stl_bout_cv_w0.5_p90
sdq_pro__qbin,13,19,act_bout_median_w5_p60
sdq_pro__qbin,13,20,stl_bout_cv_w0.5_p10
sdq_pro__qbin,14,1,roll_median
sdq_pro__qbin,14,2,actbout_cv_p90
sdq_pro__qbin,14,3,jerk_mean
sdq_pro__qbin,14,4,uaZ_skew
sdq_pro__qbin,14,5,act_bout_median_w2_p20
sdq_pro__qbin,14,6,stl_bout_cv_w5_p70
sdq_pro__qbin,14,7,yaw_domfreq
sdq_pro__qbin,14,8,gyX_max
sdq_pro__qbin,14,9,stl_bout_median_w5_p20
sdq_pro__qbin,14,10,stl_bout_median_w10_p10
sdq_pro__qbin,14,11,stl_bout_cv_w10_p50
sdq_pro__qbin,14,12,jerk_peak_ipi_cv
sdq_pro__qbin,14,13,gyMag_max
sdq_pro__qbin,14,14,jerk_zcr
sdq_pro__qbin,14,15,roll_skew
sdq_pro__qbin,14,16,frac_act_short_w2_p20
sdq_pro__qbin,14,17,jerk_kurt
sdq_pro__qbin,14,18,stl_bout_cv_w10_p60
sdq_pro__qbin,14,19,jerk_acf_dom_period_s
sdq_pro__qbin,14,20,jerk_skew
sdq_pro__qbin,15,1,uaZ_skew
sdq_pro__qbin,15,2,jerk_zcr
sdq_pro__qbin,15,3,jerk_centroid
sdq_pro__qbin,15,4,stl_bout_cv_w10_p80
sdq_pro__qbin,15,5,pitch_min
sdq_pro__qbin,15,6,frac_act_short_w10_p20
sdq_pro__qbin,15,7,jerk_acf_dom_period_s
sdq_pro__qbin,15,8,stl_bout_cv_w5_p80
sdq_pro__qbin,15,9,stl_bout_median_w10_p10
sdq_pro__qbin,15,10,gyMag_bp_mf
sdq_pro__qbin,15,11,jerk_peak_ipi_cv
sdq_pro__qbin,15,12,roll_median
sdq_pro__qbin,15,13,act_bout_cv_w5_p40
sdq_pro__qbin,15,14,roll_max
sdq_pro__qbin,15,15,jerk_skew
sdq_pro__qbin,15,16,yaw_max
sdq_pro__qbin,15,17,uaMag_permen_m3
sdq_pro__qbin,15,18,act_bout_cv_w10_p40
sdq_pro__qbin,15,19,stl_bout_cv_w5_p20
sdq_pro__qbin,15,20,uaZ_kurt
sdq_pro__qbin,16,1,uaZ_skew
sdq_pro__qbin,16,2,jerk_zcr
sdq_pro__qbin,16,3,stl_bout_cv_w1_p90
sdq_pro__qbin,16,4,stl_bout_median_w5_p20
sdq_pro__qbin,16,5,jerk_peak_ipi_cv
sdq_pro__qbin,16,6,gyY_range
sdq_pro__qbin,16,7,uaZ_min
sdq_pro__qbin,16,8,uaZ_mean
sdq_pro__qbin,16,9,uaMag_min
sdq_pro__qbin,16,10,stl_bout_cv_w10_p80
sdq_pro__qbin,16,11,uaZ_kurt
sdq_pro__qbin,16,12,actbout_cv_p90
sdq_pro__qbin,16,13,stl_bout_median_w1_p30
sdq_pro__qbin,16,14,roll_max
sdq_pro__qbin,16,15,jerk_acf_dom_period_s
sdq_pro__qbin,16,16,stl_bout_median_w1_p40
sdq_pro__qbin,16,17,stl_bout_median_w2_p70
sdq_pro__qbin,16,18,frac_act_short_w10_p20
sdq_pro__qbin,16,19,gyY_min
sdq_pro__qbin,16,20,jerk_dfa_alpha
sdq_pro__qbin,17,1,uaZ_skew
sdq_pro__qbin,17,2,jerk_zcr
sdq_pro__qbin,17,3,stl_bout_cv_w1_p90
sdq_pro__qbin,17,4,stl_bout_median_w5_p20
sdq_pro__qbin,17,5,jerk_peak_ipi_cv
sdq_pro__qbin,17,6,jerk_acf_dom_period_s
sdq_pro__qbin,17,7,gyY_min
sdq_pro__qbin,17,8,jerk_centroid
sdq_pro__qbin,17,9,stl_bout_cv_w5_p20
sdq_pro__qbin,17,10,stl_bout_median_w1_p30
sdq_pro__qbin,17,11,jerk_dfa_alpha
sdq_pro__qbin,17,12,stl_bout_cv_w5_p80
sdq_pro__qbin,17,13,stl_bout_median_w2_p70
sdq_pro__qbin,17,14,pitch_min
sdq_pro__qbin,17,15,jerk_mean
sdq_pro__qbin,17,16,frac_act_short_w10_p20
sdq_pro__qbin,17,17,frac_act_short_w1_p20
sdq_pro__qbin,17,18,stl_bout_cv_w10_p80
sdq_pro__qbin,17,19,gyMag_acf_tau_1e_s
sdq_pro__qbin,17,20,roll_max
sdq_pro__qbin,18,1,jerk_zcr
sdq_pro__qbin,18,2,jerk_centroid
sdq_pro__qbin,18,3,jerk_acf_dom_period_s
sdq_pro__qbin,18,4,uaMag_domfreq
sdq_pro__qbin,18,5,yaw_max
sdq_pro__qbin,18,6,stl_bout_cv_w10_p80
sdq_pro__qbin,18,7,stl_bout_median_w2_p70
sdq_pro__qbin,18,8,roll_max
sdq_pro__qbin,18,9,stl_bout_median_w1_p40
sdq_pro__qbin,18,10,frac_act_short_w10_p20
sdq_pro__qbin,18,11,actbout_med_p50
sdq_pro__qbin,18,12,uaZ_kurt
sdq_pro__qbin,18,13,stl_bout_median_w5_p20
sdq_pro__qbin,18,14,stl_bout_cv_w1_p90
sdq_pro__qbin,18,15,uaMag_bp_mf
sdq_pro__qbin,18,16,switch_per_min_w1_p10
sdq_pro__qbin,18,17,jerk_mean
sdq_pro__qbin,18,18,gyMag_bp_mf
sdq_pro__qbin,18,19,gyMag_acf_tau_1e_s
sdq_pro__qbin,18,20,pitch_min
sdq_pro__qbin,19,1,uaZ_skew
sdq_pro__qbin,19,2,jerk_zcr
sdq_pro__qbin,19,3,stl_bout_cv_w1_p90
sdq_pro__qbin,19,4,stl_bout_median_w5_p20
sdq_pro__qbin,19,5,jerk_peak_ipi_cv
sdq_pro__qbin,19,6,uaX_max
sdq_pro__qbin,19,7,act_bout_cv_w2_p30
sdq_pro__qbin,19,8,roll_median
sdq_pro__qbin,19,9,roll_max
sdq_pro__qbin,19,10,act_bout_cv_w5_p40
sdq_pro__qbin,19,11,stl_bout_cv_w10_p80
sdq_pro__qbin,19,12,stl_bout_median_w2_p70
sdq_pro__qbin,19,13,uaZ_kurt
sdq_pro__qbin,19,14,gyMag_bp_mf
sdq_pro__qbin,19,15,act_bout_median_w2_p20
sdq_pro__qbin,19,16,roll_mean
sdq_pro__qbin,19,17,jerk_acf_dom_period_s
sdq_pro__qbin,19,18,stl_bout_median_w1_p40
sdq_pro__qbin,19,19,yaw_std
sdq_pro__qbin,19,20,stl_bout_cv_w5_p70
sdq_pro__qbin,20,1,stl_bout_cv_w10_p80
sdq_pro__qbin,20,2,pitch_min
sdq_pro__qbin,20,3,uaMag_min
sdq_pro__qbin,20,4,stl_bout_median_w2_p10
sdq_pro__qbin,20,5,jerk_acf_dom_period_s
sdq_pro__qbin,20,6,jerk_zcr
sdq_pro__qbin,20,7,actbout_cv_p90
sdq_pro__qbin,20,8,stl_bout_median_w1_p30
sdq_pro__qbin,20,9,gyY_range
sdq_pro__qbin,20,10,uaZ_kurt
sdq_pro__qbin,20,11,jerk_centroid
sdq_pro__qbin,20,12,gyY_min
sdq_pro__qbin,20,13,roll_median
sdq_pro__qbin,20,14,gyZ_kurt
sdq_pro__qbin,20,15,jerk_kurt
sdq_pro__qbin,20,16,uaX_domfreq
sdq_pro__qbin,20,17,stl_bout_cv_w5_p60
sdq_pro__qbin,20,18,roll_max
sdq_pro__qbin,20,19,yaw_domfreq
sdq_pro__qbin,20,20,stl_bout_median_w1_p40
sdq_pro__qbin,21,1,uaZ_skew
sdq_pro__qbin,21,2,jerk_zcr
sdq_pro__qbin,21,3,stl_bout_cv_w10_p80
sdq_pro__qbin,21,4,jerk_centroid
sdq_pro__qbin,21,5,stl_bout_median_w5_p20
sdq_pro__qbin,21,6,gyY_std
sdq_pro__qbin,21,7,gyMag_domfreq
sdq_pro__qbin,21,8,gyY_domfreq
sdq_pro__qbin,21,9,jerk_kurt
sdq_pro__qbin,21,10,jerk_acf_dom_period_s
sdq_pro__qbin,21,11,uaX_domfreq
sdq_pro__qbin,21,12,stl_bout_median_w5_p90
sdq_pro__qbin,21,13,jerk_mean
sdq_pro__qbin,21,14,gyMag_acf_dom_period_s
sdq_pro__qbin,21,15,uaMag_min
sdq_pro__qbin,21,16,roll_median
sdq_pro__qbin,21,17,yaw_kurt
sdq_pro__qbin,21,18,jerk_acf_tau_1e_s
sdq_pro__qbin,21,19,stl_bout_cv_w5_p70
sdq_pro__qbin,21,20,roll_mean
sdq_pro__qbin,22,1,uaZ_skew
sdq_pro__qbin,22,2,jerk_zcr
sdq_pro__qbin,22,3,stl_bout_cv_w1_p10
sdq_pro__qbin,22,4,stl_bout_cv_w10_p80
sdq_pro__qbin,22,5,act_bout_median_w1_p20
sdq_pro__qbin,22,6,stl_bout_median_w10_p10
sdq_pro__qbin,22,7,pitch_bp_lf
sdq_pro__qbin,22,8,stl_bout_cv_w5_p80
sdq_pro__qbin,22,9,jerk_acf_dom_period_s
sdq_pro__qbin,22,10,gyY_range
sdq_pro__qbin,22,11,jerk_centroid
sdq_pro__qbin,22,12,pitch_min
sdq_pro__qbin,22,13,act_bout_median_w0.5_p30
sdq_pro__qbin,22,14,stl_bout_cv_w1_p90
sdq_pro__qbin,22,15,jerk_dfa_alpha
sdq_pro__qbin,22,16,gyMag_acf_tau_1e_s
sdq_pro__qbin,22,17,jerk_mean
sdq_pro__qbin,22,18,act_bout_median_w0.5_p90
sdq_pro__qbin,22,19,stl_bout_median_w1_p30
sdq_pro__qbin,22,20,gyY_min
sdq_pro__qbin,23,1,gyY_std
sdq_pro__qbin,23,2,jerk_zcr
sdq_pro__qbin,23,3,jerk_centroid
sdq_pro__qbin,23,4,pitch_min
sdq_pro__qbin,23,5,stl_bout_cv_w10_p80
sdq_pro__qbin,23,6,jerk_acf_dom_period_s
sdq_pro__qbin,23,7,stl_bout_median_w2_p70
sdq_pro__qbin,23,8,stl_bout_median_w10_p10
sdq_pro__qbin,23,9,stl_bout_median_w1_p40
sdq_pro__qbin,23,10,roll_max
sdq_pro__qbin,23,11,jerk_kurt
sdq_pro__qbin,23,12,act_bout_median_w2_p20
sdq_pro__qbin,23,13,stl_bout_cv_w1_p90
sdq_pro__qbin,23,14,act_bout_cv_w10_p20
sdq_pro__qbin,23,15,uaX_range
sdq_pro__qbin,23,16,stl_bout_median_w1_p60
sdq_pro__qbin,23,17,pitch_rms
sdq_pro__qbin,23,18,stl_bout_cv_w2_p10
sdq_pro__qbin,23,19,uaZ_kurt
sdq_pro__qbin,23,20,gyY_range
sdq_totdiff__qbin,0,1,yaw_bp_hf
sdq_totdiff__qbin,0,2,frac_act_short_w1_p30
sdq_totdiff__qbin,0,3,uaY_domfreq
sdq_totdiff__qbin,0,4,act_bout_median_w2_p90
sdq_totdiff__qbin,0,5,uaZ_skew
sdq_totdiff__qbin,0,6,act_bout_cv_w0.5_p30
sdq_totdiff__qbin,0,7,stl_bout_median_w5_p80
sdq_totdiff__qbin,0,8,yaw_madiff
sdq_totdiff__qbin,0,9,yaw_domfreq
sdq_totdiff__qbin,0,10,pitch_bp_mf
sdq_totdiff__qbin,0,11,frac_act_short_w10_p20
sdq_totdiff__qbin,0,12,yaw_entropy
sdq_totdiff__qbin,0,13,gyZ_mean
sdq_totdiff__qbin,0,14,stl_bout_median_w0.5_p10
sdq_totdiff__qbin,0,15,frac_act_short_w0.5_p70
sdq_totdiff__qbin,0,16,gyZ_median
sdq_totdiff__qbin,0,17,pitch_bp_hf
sdq_totdiff__qbin,0,18,act_bout_median_w10_p90
sdq_totdiff__qbin,0,19,uaY_median
sdq_totdiff__qbin,0,20,stl_bout_median_w0.5_p20
sdq_totdiff__qbin,1,1,yaw_bp_hf
sdq_totdiff__qbin,1,2,frac_act_short_w1_p30
sdq_totdiff__qbin,1,3,uaY_domfreq
sdq_totdiff__qbin,1,4,act_bout_median_w2_p90
sdq_totdiff__qbin,1,5,uaZ_skew
sdq_totdiff__qbin,1,6,frac_act_short_w10_p20
sdq_totdiff__qbin,1,7,yaw_entropy
sdq_totdiff__qbin,1,8,pitch_domfreq
sdq_totdiff__qbin,1,9,stl_bout_median_w0.5_p20
sdq_totdiff__qbin,1,10,roll_iqr
sdq_totdiff__qbin,1,11,uaX_max
sdq_totdiff__qbin,1,12,stl_bout_median_w0.5_p10
sdq_totdiff__qbin,1,13,stl_bout_median_w1_p20
sdq_totdiff__qbin,1,14,act_bout_median_w2_p50
sdq_totdiff__qbin,1,15,uaX_range
sdq_totdiff__qbin,1,16,gyZ_median
sdq_totdiff__qbin,1,17,uaMag_spread
sdq_totdiff__qbin,1,18,gyMag_madiff
sdq_totdiff__qbin,1,19,act_bout_cv_w10_p90
sdq_totdiff__qbin,1,20,gyX_std
sdq_totdiff__qbin,2,1,yaw_bp_hf
sdq_totdiff__qbin,2,2,actbout_cv_p30
sdq_totdiff__qbin,2,3,gyMag_rms
sdq_totdiff__qbin,2,4,frac_act_short_w10_p90
sdq_totdiff__qbin,2,5,act_bout_median_w10_p40
sdq_totdiff__qbin,2,6,gyX_iqr
sdq_totdiff__qbin,2,7,act_bout_cv_w0.5_p70
sdq_totdiff__qbin,2,8,yaw_min
sdq_totdiff__qbin,2,9,pitch_bp_mf
sdq_totdiff__qbin,2,10,yaw_entropy
sdq_totdiff__qbin,2,11,stl_bout_cv_w1_p10
sdq_totdiff__qbin,2,12,frac_act_short_w2_p80
sdq_totdiff__qbin,2,13,pitch_domfreq
sdq_totdiff__qbin,2,14,yaw_domfreq
sdq_totdiff__qbin,2,15,act_bout_median_w10_p80
sdq_totdiff__qbin,2,16,gyMag_madiff
sdq_totdiff__qbin,2,17,uaZ_skew
sdq_totdiff__qbin,2,18,act_bout_median_w2_p90
sdq_totdiff__qbin,2,19,frac_act_short_w10_p20
sdq_totdiff__qbin,2,20,act_bout_median_w5_p80
sdq_totdiff__qbin,3,1,yaw_bp_hf
sdq_totdiff__qbin,3,2,frac_act_short_w2_p30
sdq_totdiff__qbin,3,3,uaY_domfreq
sdq_totdiff__qbin,3,4,uaZ_skew
sdq_totdiff__qbin,3,5,yaw_entropy
sdq_totdiff__qbin,3,6,switchmin_p20
sdq_totdiff__qbin,3,7,stl_bout_median_w10_p80
sdq_totdiff__qbin,3,8,pitch_bp_mf
sdq_totdiff__qbin,3,9,act_bout_median_w10_p90
sdq_totdiff__qbin,3,10,act_bout_median_w10_p40
sdq_totdiff__qbin,3,11,gyX_std
sdq_totdiff__qbin,3,12,stl_bout_median_w5_p80
sdq_totdiff__qbin,3,13,gyMag_madiff
sdq_totdiff__qbin,3,14,pitch_domfreq
sdq_totdiff__qbin,3,15,gyZ_median
sdq_totdiff__qbin,3,16,roll_iqr
sdq_totdiff__qbin,3,17,frac_act_short_w10_p90
sdq_totdiff__qbin,3,18,yaw_bp_lf
sdq_totdiff__qbin,3,19,uaX_range
sdq_totdiff__qbin,3,20,jerk_lz_c
sdq_totdiff__qbin,4,1,gyMag_mad
sdq_totdiff__qbin,4,2,stl_bout_median_w5_p80
sdq_totdiff__qbin,4,3,yaw_bp_hf
sdq_totdiff__qbin,4,4,act_bout_median_w2_p30
sdq_totdiff__qbin,4,5,uaY_domfreq
sdq_totdiff__qbin,4,6,yaw_domfreq
sdq_totdiff__qbin,4,7,gyZ_bp_mf
sdq_totdiff__qbin,4,8,uaZ_kurt
sdq_totdiff__qbin,4,9,roll_std
sdq_totdiff__qbin,4,10,stl_bout_median_w10_p80
sdq_totdiff__qbin,4,11,gyMag_rms
sdq_totdiff__qbin,4,12,stl_bout_median_w5_p60
sdq_totdiff__qbin,4,13,uaZ_skew
sdq_totdiff__qbin,4,14,pitch_domfreq
sdq_totdiff__qbin,4,15,yaw_entropy
sdq_totdiff__qbin,4,16,pitch_bp_hf
sdq_totdiff__qbin,4,17,act_bout_median_w2_p90
sdq_totdiff__qbin,4,18,gyZ_median
sdq_totdiff__qbin,4,19,act_bout_median_w5_p20
sdq_totdiff__qbin,4,20,roll_iqr
sdq_totdiff__qbin,5,1,yaw_bp_hf
sdq_totdiff__qbin,5,2,frac_act_short_w1_p30
sdq_totdiff__qbin,5,3,uaY_domfreq
sdq_totdiff__qbin,5,4,act_bout_median_w2_p90
sdq_totdiff__qbin,5,5,uaZ_skew
sdq_totdiff__qbin,5,6,act_bout_median_w10_p30
sdq_totdiff__qbin,5,7,stl_bout_median_w5_p80
sdq_totdiff__qbin,5,8,jerk_max
sdq_totdiff__qbin,5,9,yaw_entropy
sdq_totdiff__qbin,5,10,uaX_max
sdq_totdiff__qbin,5,11,stl_bout_median_w0.5_p20
sdq_totdiff__qbin,5,12,uaMag_spread
sdq_totdiff__qbin,5,13,pitch_domfreq
sdq_totdiff__qbin,5,14,uaY_median
sdq_totdiff__qbin,5,15,gyZ_median
sdq_totdiff__qbin,5,16,stl_bout_median_w0.5_p10
sdq_totdiff__qbin,5,17,act_bout_median_w2_p50
sdq_totdiff__qbin,5,18,stl_bout_median_w2_p40
sdq_totdiff__qbin,5,19,act_bout_median_w0.5_p30
sdq_totdiff__qbin,5,20,act_bout_median_w5_p60
sdq_totdiff__qbin,6,1,yaw_bp_hf
sdq_totdiff__qbin,6,2,frac_act_short_w1_p30
sdq_totdiff__qbin,6,3,uaY_domfreq
sdq_totdiff__qbin,6,4,stl_bout_median_w5_p80
sdq_totdiff__qbin,6,5,pitch_bp_mf
sdq_totdiff__qbin,6,6,roll_iqr
sdq_totdiff__qbin,6,7,act_bout_median_w10_p90
sdq_totdiff__qbin,6,8,gyMag_madiff
sdq_totdiff__qbin,6,9,uaZ_skew
sdq_totdiff__qbin,6,10,pitch_domfreq
sdq_totdiff__qbin,6,11,stl_bout_median_w1_p90
sdq_totdiff__qbin,6,12,uaMag_peak_rate_min
sdq_totdiff__qbin,6,13,act_bout_median_w2_p90
sdq_totdiff__qbin,6,14,gyX_std
sdq_totdiff__qbin,6,15,gyX_iqr
sdq_totdiff__qbin,6,16,gyZ_median
sdq_totdiff__qbin,6,17,act_bout_cv_w10_p90
sdq_totdiff__qbin,6,18,gyX_min
sdq_totdiff__qbin,6,19,gyY_mean
sdq_totdiff__qbin,6,20,pitch_bp_hf
sdq_totdiff__qbin,7,1,yaw_bp_hf
sdq_totdiff__qbin,7,2,frac_act_short_w1_p30
sdq_totdiff__qbin,7,3,uaY_domfreq
sdq_totdiff__qbin,7,4,stl_bout_median_w5_p80
sdq_totdiff__qbin,7,5,stl_bout_median_w2_p40
sdq_totdiff__qbin,7,6,gyMag_std
sdq_totdiff__qbin,7,7,roll_iqr
sdq_totdiff__qbin,7,8,act_bout_median_w10_p90
sdq_totdiff__qbin,7,9,jerk_acf_dom_period_s
sdq_totdiff__qbin,7,10,gyX_std
sdq_totdiff__qbin,7,11,yaw_madiff
sdq_totdiff__qbin,7,12,act_bout_median_w2_p50
sdq_totdiff__qbin,7,13,gyZ_mean
sdq_totdiff__qbin,7,14,pitch_domfreq
sdq_totdiff__qbin,7,15,act_bout_median_w10_p40
sdq_totdiff__qbin,7,16,stl_bout_median_w1_p20
sdq_totdiff__qbin,7,17,uaZ_kurt
sdq_totdiff__qbin,7,18,roll_std
sdq_totdiff__qbin,7,19,frac_act_short_w10_p90
sdq_totdiff__qbin,7,20,yaw_entropy
sdq_totdiff__qbin,8,1,yaw_bp_hf
sdq_totdiff__qbin,8,2,frac_act_short_w10_p20
sdq_totdiff__qbin,8,3,act_bout_median_w0.5_p30
sdq_totdiff__qbin,8,4,yaw_madiff
sdq_totdiff__qbin,8,5,stl_bout_median_w0.5_p50
sdq_totdiff__qbin,8,6,act_bout_median_w2_p30
sdq_totdiff__qbin,8,7,uaY_domfreq
sdq_totdiff__qbin,8,8,roll_std
sdq_totdiff__qbin,8,9,act_bout_median_w2_p50
sdq_totdiff__qbin,8,10,pitch_domfreq
sdq_totdiff__qbin,8,11,uaZ_skew
sdq_totdiff__qbin,8,12,act_bout_median_w2_p90
sdq_totdiff__qbin,8,13,stl_bout_median_w10_p20
sdq_totdiff__qbin,8,14,stl_bout_median_w10_p10
sdq_totdiff__qbin,8,15,uaY_max
sdq_totdiff__qbin,8,16,gyZ_mean
sdq_totdiff__qbin,8,17,act_bout_median_w10_p30
sdq_totdiff__qbin,8,18,yaw_entropy
sdq_totdiff__qbin,8,19,stl_bout_cv_w2_p10
sdq_totdiff__qbin,8,20,switch_per_min_w10_p10
sdq_totdiff__qbin,9,1,yaw_bp_hf
sdq_totdiff__qbin,9,2,frac_act_short_w1_p30
sdq_totdiff__qbin,9,3,uaY_domfreq
sdq_totdiff__qbin,9,4,act_bout_median_w10_p90
sdq_totdiff__qbin,9,5,gyMag_mean
sdq_totdiff__qbin,9,6,uaZ_skew
sdq_totdiff__qbin,9,7,act_bout_median_w2_p90
sdq_totdiff__qbin,9,8,yaw_entropy
sdq_totdiff__qbin,9,9,stl_bout_cv_w1_p10
sdq_totdiff__qbin,9,10,switch_per_min_w10_p10
sdq_totdiff__qbin,9,11,stl_bout_median_w10_p80
sdq_totdiff__qbin,9,12,gyX_std
sdq_totdiff__qbin,9,13,yaw_bp_lf
sdq_totdiff__qbin,9,14,yaw_domfreq
sdq_totdiff__qbin,9,15,stl_bout_median_w5_p80
sdq_totdiff__qbin,9,16,yaw_min
sdq_totdiff__qbin,9,17,frac_act_short_w10_p20
sdq_totdiff__qbin,9,18,act_bout_median_w5_p60
sdq_totdiff__qbin,9,19,pitch_bp_hf
sdq_totdiff__qbin,9,20,stl_bout_median_w2_p40
sdq_totdiff__qbin,10,1,yaw_bp_hf
sdq_totdiff__qbin,10,2,act_bout_median_w5_p20
sdq_totdiff__qbin,10,3,act_bout_median_w0.5_p90
sdq_totdiff__qbin,10,4,gyMag_rms
sdq_totdiff__qbin,10,5,frac_act_short_w10_p90
sdq_totdiff__qbin,10,6,pitch_domfreq
sdq_totdiff__qbin,10,7,yaw_min
sdq_totdiff__qbin,10,8,frac_act_short_w10_p20
sdq_totdiff__qbin,10,9,gyY_std
sdq_totdiff__qbin,10,10,stl_bout_median_w5_p80
sdq_totdiff__qbin,10,11,uaY_domfreq
sdq_totdiff__qbin,10,12,gyY_madiff
sdq_totdiff__qbin,10,13,frac_act_short_w5_p90
sdq_totdiff__qbin,10,14,yaw_entropy
sdq_totdiff__qbin,10,15,uaZ_skew
sdq_totdiff__qbin,10,16,act_bout_median_w2_p90
sdq_totdiff__qbin,10,17,stl_bout_median_w0.5_p10
sdq_totdiff__qbin,10,18,gyZ_median
sdq_totdiff__qbin,10,19,uaX_range
sdq_totdiff__qbin,10,20,gyX_std
sdq_totdiff__qbin,11,1,yaw_bp_hf
sdq_totdiff__qbin,11,2,frac_act_short_w1_p30
sdq_totdiff__qbin,11,3,uaY_domfreq
sdq_totdiff__qbin,11,4,stl_bout_median_w5_p80
sdq_totdiff__qbin,11,5,stl_bout_median_w2_p40
sdq_totdiff__qbin,11,6,gyMag_std
sdq_totdiff__qbin,11,7,roll_iqr
sdq_totdiff__qbin,11,8,act_bout_median_w10_p90
sdq_totdiff__qbin,11,9,yaw_min
sdq_totdiff__qbin,11,10,pitch_domfreq
sdq_totdiff__qbin,11,11,uaZ_skew
sdq_totdiff__qbin,11,12,act_bout_median_w2_p90
sdq_totdiff__qbin,11,13,yaw_entropy
sdq_totdiff__qbin,11,14,stl_bout_median_w10_p10
sdq_totdiff__qbin,11,15,gyX_std
sdq_totdiff__qbin,11,16,act_bout_cv_w10_p90
sdq_totdiff__qbin,11,17,stl_bout_median_w5_p60
sdq_totdiff__qbin,11,18,stl_bout_cv_w2_p10
sdq_totdiff__qbin,11,19,pitch_bp_mf
sdq_totdiff__qbin,11,20,stl_bout_median_w10_p60
sdq_totdiff__qbin,12,1,yaw_bp_hf
sdq_totdiff__qbin,12,2,stl_bout_median_w1_p20
sdq_totdiff__qbin,12,3,gyY_madiff
sdq_totdiff__qbin,12,4,act_bout_cv_w10_p90
sdq_totdiff__qbin,12,5,gyY_median
sdq_totdiff__qbin,12,6,gyX_std
sdq_totdiff__qbin,12,7,act_bout_median_w10_p90
sdq_totdiff__qbin,12,8,yaw_entropy
sdq_totdiff__qbin,12,9,pitch_bp_hf
sdq_totdiff__qbin,12,10,stl_bout_median_w2_p20
sdq_totdiff__qbin,12,11,uaZ_kurt
sdq_totdiff__qbin,12,12,jerk_acf_dom_peak
sdq_totdiff__qbin,12,13,stl_bout_median_w0.5_p20
sdq_totdiff__qbin,12,14,pitch_domfreq
sdq_totdiff__qbin,12,15,yaw_min
sdq_totdiff__qbin,12,16,act_bout_median_w0.5_p60
sdq_totdiff__qbin,12,17,switch_per_min_w5_p20
sdq_totdiff__qbin,12,18,frac_act_short_w10_p90
sdq_totdiff__qbin,12,19,pitch_bp_lf
sdq_totdiff__qbin,12,20,act_bout_median_w2_p90
sdq_totdiff__qbin,13,1,yaw_bp_hf
sdq_totdiff__qbin,13,2,act_bout_median_w2_p30
sdq_totdiff__qbin,13,3,uaY_domfreq
sdq_totdiff__qbin,13,4,stl_bout_median_w0.5_p10
sdq_totdiff__qbin,13,5,act_bout_median_w2_p90
sdq_totdiff__qbin,13,6,uaZ_skew
sdq_totdiff__qbin,13,7,frac_act_short_w10_p20
sdq_totdiff__qbin,13,8,yaw_entropy
sdq_totdiff__qbin,13,9,pitch_domfreq
sdq_totdiff__qbin,13,10,gyZ_median
sdq_totdiff__qbin,13,11,jerk_min
sdq_totdiff__qbin,13,12,stl_bout_median_w5_p80
sdq_totdiff__qbin,13,13,stl_bout_median_w10_p10
sdq_totdiff__qbin,13,14,uaZ_kurt
sdq_totdiff__qbin,13,15,yaw_min
sdq_totdiff__qbin,13,16,yaw_domfreq
sdq_totdiff__qbin,13,17,act_bout_median_w2_p50
sdq_totdiff__qbin,13,18,gyMag_std
sdq_totdiff__qbin,13,19,frac_act_short_w10_p90
sdq_totdiff__qbin,13,20,pitch_bp_mf
sdq_totdiff__qbin,14,1,yaw_bp_hf
sdq_totdiff__qbin,14,2,uaZ_skew
sdq_totdiff__qbin,14,3,act_bout_median_w5_p20
sdq_totdiff__qbin,14,4,gyZ_mean
sdq_totdiff__qbin,14,5,act_bout_cv_w10_p90
sdq_totdiff__qbin,14,6,act_bout_median_w10_p10
sdq_totdiff__qbin,14,7,stl_bout_median_w2_p10
sdq_totdiff__qbin,14,8,act_bout_cv_w0.5_p30
sdq_totdiff__qbin,14,9,gyY_mean
sdq_totdiff__qbin,14,10,pitch_domfreq
sdq_totdiff__qbin,14,11,gyZ_median
sdq_totdiff__qbin,14,12,uaZ_centroid
sdq_totdiff__qbin,14,13,act_bout_median_w2_p50
sdq_totdiff__qbin,14,14,stl_bout_cv_w1_p10
sdq_totdiff__qbin,14,15,gyMag_std
sdq_totdiff__qbin,14,16,act_bout_median_w10_p90
sdq_totdiff__qbin,14,17,yaw_min
sdq_totdiff__qbin,14,18,switch_per_min_w10_p10
sdq_totdiff__qbin,14,19,uaZ_kurt
sdq_totdiff__qbin,14,20,act_bout_cv_w5_p10
sdq_totdiff__qbin,15,1,yaw_bp_hf
sdq_totdiff__qbin,15,2,switch_per_min_w5_p20
sdq_totdiff__qbin,15,3,gyY_madiff
sdq_totdiff__qbin,15,4,act_bout_cv_w10_p90
sdq_totdiff__qbin,15,5,gyX_range
sdq_totdiff__qbin,15,6,gyY_mean
sdq_totdiff__qbin,15,7,yaw_bp_lf
sdq_totdiff__qbin,15,8,stl_bout_median_w0.5_p10
sdq_totdiff__qbin,15,9,jerk_mean
sdq_totdiff__qbin,15,10,gyMag_rms
sdq_totdiff__qbin,15,11,stl_bout_median_w5_p80
sdq_totdiff__qbin,15,12,gyZ_median
sdq_totdiff__qbin,15,13,pitch_domfreq
sdq_totdiff__qbin,15,14,actbout_med_p30
sdq_totdiff__qbin,15,15,act_bout_median_w10_p40
sdq_totdiff__qbin,15,16,gyMag_std
sdq_totdiff__qbin,15,17,uaZ_kurt
sdq_totdiff__qbin,15,18,act_bout_median_w2_p90
sdq_totdiff__qbin,15,19,jerk_lz_c
sdq_totdiff__qbin,15,20,uaX_range
sdq_totdiff__qbin,16,1,yaw_bp_hf
sdq_totdiff__qbin,16,2,frac_act_short_w1_p30
sdq_totdiff__qbin,16,3,uaY_domfreq
sdq_totdiff__qbin,16,4,yaw_zcr
sdq_totdiff__qbin,16,5,act_bout_median_w10_p90
sdq_totdiff__qbin,16,6,stl_bout_median_w0.5_p10
sdq_totdiff__qbin,16,7,gyY_std
sdq_totdiff__qbin,16,8,roll_iqr
sdq_totdiff__qbin,16,9,act_bout_cv_w10_p90
sdq_totdiff__qbin,16,10,gyMag_max
sdq_totdiff__qbin,16,11,gyZ_mean
sdq_totdiff__qbin,16,12,yaw_entropy
sdq_totdiff__qbin,16,13,pitch_domfreq
sdq_totdiff__qbin,16,14,uaZ_skew
sdq_totdiff__qbin,16,15,act_bout_median_w2_p90
sdq_totdiff__qbin,16,16,act_bout_median_w0.5_p30
sdq_totdiff__qbin,16,17,uaY_median
sdq_totdiff__qbin,16,18,gyZ_median
sdq_totdiff__qbin,16,19,jerk_lz_c
sdq_totdiff__qbin,16,20,gyY_madiff
sdq_totdiff__qbin,17,1,yaw_bp_hf
sdq_totdiff__qbin,17,2,frac_act_short_w2_p30
sdq_totdiff__qbin,17,3,act_bout_median_w5_p20
sdq_totdiff__qbin,17,4,uaMag_bp_mf
sdq_totdiff__qbin,17,5,act_bout_cv_w0.5_p90
sdq_totdiff__qbin,17,6,act_bout_median_w2_p90
sdq_totdiff__qbin,17,7,stl_bout_median_w10_p10
sdq_totdiff__qbin,17,8,jerk_lz_c
sdq_totdiff__qbin,17,9,uaZ_skew
sdq_totdiff__qbin,17,10,actshort_p80
sdq_totdiff__qbin,17,11,pitch_domfreq
sdq_totdiff__qbin,17,12,yaw_entropy
sdq_totdiff__qbin,17,13,frac_act_short_w10_p20
sdq_totdiff__qbin,17,14,stl_bout_median_w1_p20
sdq_totdiff__qbin,17,15,yaw_domfreq
sdq_totdiff__qbin,17,16,yaw_min
sdq_totdiff__qbin,17,17,frac_act_short_w10_p90
sdq_totdiff__qbin,17,18,stl_bout_median_w2_p40
sdq_totdiff__qbin,17,19,uaMag_spread
sdq_totdiff__qbin,17,20,gyY_zcr
sdq_totdiff__qbin,18,1,yaw_bp_hf
sdq_totdiff__qbin,18,2,frac_act_short_w1_p30
sdq_totdiff__qbin,18,3,uaY_domfreq
sdq_totdiff__qbin,18,4,act_bout_median_w10_p30
sdq_totdiff__qbin,18,5,act_bout_median_w10_p90
sdq_totdiff__qbin,18,6,uaY_median
sdq_totdiff__qbin,18,7,act_bout_cv_w10_p60
sdq_totdiff__qbin,18,8,yaw_domfreq
sdq_totdiff__qbin,18,9,pitch_domfreq
sdq_totdiff__qbin,18,10,stl_bout_median_w1_p20
sdq_totdiff__qbin,18,11,yaw_entropy
sdq_totdiff__qbin,18,12,uaZ_skew
sdq_totdiff__qbin,18,13,act_bout_median_w2_p90
sdq_totdiff__qbin,18,14,stl_bout_median_w0.5_p20
sdq_totdiff__qbin,18,15,uaX_max
sdq_totdiff__qbin,18,16,gyZ_median
sdq_totdiff__qbin,18,17,act_bout_median_w2_p50
sdq_totdiff__qbin,18,18,stl_bout_median_w5_p80
sdq_totdiff__qbin,18,19,gyMag_rms
sdq_totdiff__qbin,18,20,act_bout_median_w10_p40
sdq_totdiff__qbin,19,1,yaw_bp_hf
sdq_totdiff__qbin,19,2,stl_bout_median_w0.5_p30
sdq_totdiff__qbin,19,3,uaY_domfreq
sdq_totdiff__qbin,19,4,stl_bout_cv_w10_p10
sdq_totdiff__qbin,19,5,yaw_domfreq
sdq_totdiff__qbin,19,6,gyY_std
sdq_totdiff__qbin,19,7,switch_per_min_w5_p20
sdq_totdiff__qbin,19,8,act_bout_median_w10_p90
sdq_totdiff__qbin,19,9,yaw_entropy
sdq_totdiff__qbin,19,10,gyY_madiff
sdq_totdiff__qbin,19,11,stl_bout_cv_w2_p10
sdq_totdiff__qbin,19,12,act_bout_median_w10_p60
sdq_totdiff__qbin,19,13,pitch_domfreq
sdq_totdiff__qbin,19,14,gyMag_std
sdq_totdiff__qbin,19,15,act_bout_median_w0.5_p90
sdq_totdiff__qbin,19,16,frac_act_short_w5_p30
sdq_totdiff__qbin,19,17,uaZ_kurt
sdq_totdiff__qbin,19,18,stl_bout_cv_w0.5_p20
sdq_totdiff__qbin,19,19,gyX_std
sdq_totdiff__qbin,19,20,frac_act_short_w10_p60
sdq_totdiff__qbin,20,1,yaw_bp_hf
sdq_totdiff__qbin,20,2,frac_act_short_w0.5_p30
sdq_totdiff__qbin,20,3,act_bout_median_w5_p20
sdq_totdiff__qbin,20,4,pitch_bp_mf
sdq_totdiff__qbin,20,5,act_bout_median_w10_p40
sdq_totdiff__qbin,20,6,frac_act_short_w10_p90
sdq_totdiff__qbin,20,7,gyMag_rms
sdq_totdiff__qbin,20,8,yaw_bp_lf
sdq_totdiff__qbin,20,9,stl_bout_median_w10_p80
sdq_totdiff__qbin,20,10,pitch_bp_hf
sdq_totdiff__qbin,20,11,uaX_range
sdq_totdiff__qbin,20,12,jerk_lz_c
sdq_totdiff__qbin,20,13,gyZ_median
sdq_totdiff__qbin,20,14,yaw_entropy
sdq_totdiff__qbin,20,15,frac_act_short_w10_p50
sdq_totdiff__qbin,20,16,uaY_median
sdq_totdiff__qbin,20,17,act_bout_median_w10_p90
sdq_totdiff__qbin,20,18,stl_bout_cv_w1_p10
sdq_totdiff__qbin,20,19,gyMag_std
sdq_totdiff__qbin,20,20,pitch_bp_lf
sdq_totdiff__qbin,21,1,yaw_bp_hf
sdq_totdiff__qbin,21,2,frac_act_short_w1_p30
sdq_totdiff__qbin,21,3,uaY_domfreq
sdq_totdiff__qbin,21,4,stl_bout_median_w5_p80
sdq_totdiff__qbin,21,5,stl_bout_median_w2_p40
sdq_totdiff__qbin,21,6,gyMag_std
sdq_totdiff__qbin,21,7,roll_iqr
sdq_totdiff__qbin,21,8,act_bout_median_w10_p90
sdq_totdiff__qbin,21,9,yaw_min
sdq_totdiff__qbin,21,10,pitch_domfreq
sdq_totdiff__qbin,21,11,uaZ_skew
sdq_totdiff__qbin,21,12,act_bout_median_w2_p90
sdq_totdiff__qbin,21,13,yaw_entropy
sdq_totdiff__qbin,21,14,gyX_std
sdq_totdiff__qbin,21,15,stl_bout_cv_w2_p10
sdq_totdiff__qbin,21,16,stl_bout_median_w10_p10
sdq_totdiff__qbin,21,17,frac_act_short_w10_p90
sdq_totdiff__qbin,21,18,yaw_bp_lf
sdq_totdiff__qbin,21,19,gyMag_madiff
sdq_totdiff__qbin,21,20,yaw_domfreq
sdq_totdiff__qbin,22,1,yaw_bp_hf
sdq_totdiff__qbin,22,2,frac_act_short_w1_p30
sdq_totdiff__qbin,22,3,uaY_domfreq
sdq_totdiff__qbin,22,4,gyY_madiff
sdq_totdiff__qbin,22,5,act_bout_median_w10_p90
sdq_totdiff__qbin,22,6,roll_iqr
sdq_totdiff__qbin,22,7,uaZ_centroid
sdq_totdiff__qbin,22,8,pitch_domfreq
sdq_totdiff__qbin,22,9,yaw_domfreq
sdq_totdiff__qbin,22,10,stl_bout_median_w5_p80
sdq_totdiff__qbin,22,11,gyX_std
sdq_totdiff__qbin,22,12,gyZ_median
sdq_totdiff__qbin,22,13,act_bout_cv_w10_p90
sdq_totdiff__qbin,22,14,gyMag_madiff
sdq_totdiff__qbin,22,15,jerk_acf_dom_peak
sdq_totdiff__qbin,22,16,act_bout_median_w10_p40
sdq_totdiff__qbin,22,17,frac_act_short_w5_p90
sdq_totdiff__qbin,22,18,uaZ_skew
sdq_totdiff__qbin,22,19,act_bout_median_w2_p90
sdq_totdiff__qbin,22,20,frac_act_short_w10_p20
sdq_totdiff__qbin,23,1,yaw_bp_hf
sdq_totdiff__qbin,23,2,frac_act_short_w1_p30
sdq_totdiff__qbin,23,3,gyY_madiff
sdq_totdiff__qbin,23,4,act_bout_median_w10_p90
sdq_totdiff__qbin,23,5,gyMag_madiff
sdq_totdiff__qbin,23,6,frac_act_short_w10_p50
sdq_totdiff__qbin,23,7,act_bout_cv_w10_p90
sdq_totdiff__qbin,23,8,gyZ_median
sdq_totdiff__qbin,23,9,gyX_std
sdq_totdiff__qbin,23,10,gyX_iqr
sdq_totdiff__qbin,23,11,pitch_domfreq
sdq_totdiff__qbin,23,12,act_bout_median_w0.5_p30
sdq_totdiff__qbin,23,13,act_bout_median_w10_p40
sdq_totdiff__qbin,23,14,uaZ_kurt
sdq_totdiff__qbin,23,15,act_bout_median_w2_p90
sdq_totdiff__qbin,23,16,uaZ_skew
sdq_totdiff__qbin,23,17,jerk_max
sdq_totdiff__qbin,23,18,act_bout_median_w5_p20
sdq_totdiff__qbin,23,19,uaY_median
sdq_totdiff__qbin,23,20,jerk_lz_c
